{"type":"FeatureCollection","name":"natural_earth_west_africa","source":"Natural Earth 1:10m Admin-0 Countries (public domain, naturalearthdata.com); countries intersecting 18.5W-16.5E, 3N-25N; coordinates rounded to 4 decimals","features":[{"type":"Feature","properties":{"ADM0_A3":"MAR","NAME":"Morocco"},"geometry":{"type":"Polygon","coordinates":[[[-8.817,27.6615],[-8.8184,27.6594],[-8.8129,27.6134],[-8.7836,27.5304],[-8.7734,27.46],[-8.788,27.4161],[-8.8017,27.3604],[-8.7958,27.3077],[-8.7734,27.2501],[-8.7529,27.1905],[-8.7529,27.1505],[-8.7939,27.1202],[-8.8881,27.1036],[-9.0009,27.0899],[-9.0834,27.0899],[-9.2075,27.0997],[-9.2846,27.0977],[-9.352,27.0977],[-9.4121,27.088],[-9.4863,27.0499],[-9.5688,26.9903],[-9.6724,26.9102],[-9.7344,26.8604],[-9.8169,26.8497],[-9.8994,26.8497],[-9.9799,26.8897],[-10.0317,26.9102],[-10.0659,26.9083],[-10.122,26.88],[-10.1884,26.8604],[-10.2505,26.8604],[-10.354,26.9005],[-10.478,26.96],[-10.5503,26.9903],[-10.6533,27.0001],[-10.7568,27.0196],[-10.8291,27.0098],[-10.9218,27.0098],[-11.0459,26.9698],[-11.1494,26.9405],[-11.2626,26.9102],[-11.3916,26.8829],[-11.3603,26.793],[-11.3159,26.7442],[-11.3159,26.6836],[-11.3369,26.6329],[-11.3989,26.5831],[-11.4697,26.5196],[-11.5107,26.4698],[-11.5522,26.4005],[-11.583,26.3604],[-11.6362,26.295],[-11.6835,26.213],[-11.6982,26.1622],[-11.7172,26.1036],[-11.7539,26.086],[-11.8799,26.0704],[-11.9599,26.0499],[-12.0298,26.0303],[-12.0558,25.9958],[-12.06,25.9903],[-12.0801,25.92],[-12.0801,25.8702],[-12.1001,25.8302],[-12.1298,25.7305],[-12.1699,25.6397],[-12.2002,25.5196],[-12.2299,25.42],[-12.27,25.2598],[-12.31,25.1104],[-12.3598,24.9698],[-12.3999,24.88],[-12.4301,24.8302],[-12.5,24.7696],[-12.56,24.7305],[-12.6298,24.6798],[-12.7099,24.63],[-12.8198,24.5704],[-12.9101,24.5196],[-12.9469,24.4967],[-12.9902,24.4698],[-13.06,24.4005],[-13.1201,24.2999],[-13.1601,24.2198],[-13.23,24.0899],[-13.2798,24.0196],[-13.31,23.9806],[-13.3901,23.9405],[-13.4799,23.9102],[-13.58,23.8702],[-13.6601,23.8301],[-13.77,23.7901],[-13.8398,23.7501],[-13.8901,23.6905],[-13.9301,23.6202],[-13.9799,23.5196],[-14.02,23.4103],[-14.04,23.3399],[-14.1001,23.0997],[-14.1201,22.96],[-14.1401,22.8702],[-14.1699,22.7599],[-14.1899,22.5899],[-14.1899,22.4503],[-14.21,22.3702],[-14.2202,22.3096],[-14.27,22.2403],[-14.3101,22.1905],[-14.3798,22.1202],[-14.4399,22.0802],[-14.4599,22.0401],[-14.52,21.9903],[-14.58,21.9102],[-14.6299,21.8604],[-14.6201,21.8204],[-14.6098,21.7501],[-14.6401,21.6798],[-14.6699,21.5997],[-14.75,21.5001],[-14.8398,21.4503],[-14.9702,21.4405],[-15.1499,21.4405],[-15.29,21.4503],[-15.4599,21.4503],[-15.6098,21.4698],[-15.75,21.4903],[-15.9199,21.5001],[-16.04,21.5001],[-16.1899,21.4806],[-16.58,21.4806],[-16.73,21.4698],[-16.9501,21.4298],[-17.0137,21.42],[-17.0128,21.4452],[-16.9711,21.5926],[-16.9669,21.6365],[-16.9703,21.6745],[-16.968,21.6973],[-16.9511,21.7248],[-16.9477,21.736],[-16.9464,21.7483],[-16.947,21.76],[-16.9503,21.7654],[-16.9632,21.7756],[-16.9669,21.7812],[-16.9615,21.7958],[-16.9569,21.8257],[-16.9378,21.8666],[-16.9298,21.9079],[-16.921,21.9313],[-16.8166,22.1306],[-16.7807,22.1657],[-16.7751,22.175],[-16.7734,22.181],[-16.7621,22.205],[-16.7563,22.2102],[-16.7399,22.2211],[-16.7341,22.2268],[-16.7179,22.261],[-16.7068,22.2755],[-16.6826,22.2841],[-16.6772,22.2895],[-16.6703,22.2944],[-16.659,22.2951],[-16.6503,22.2917],[-16.6426,22.286],[-16.6317,22.2739],[-16.5218,22.3149],[-16.5022,22.3299],[-16.4822,22.3523],[-16.4666,22.3774],[-16.4315,22.4931],[-16.4294,22.5104],[-16.4195,22.5218],[-16.3698,22.5683],[-16.3573,22.5831],[-16.3444,22.647],[-16.3414,22.732],[-16.3368,22.7537],[-16.3249,22.7895],[-16.3165,22.8061],[-16.2965,22.8321],[-16.2963,22.8422],[-16.3,22.8502],[-16.3021,22.8568],[-16.3022,22.8683],[-16.3006,22.8751],[-16.2917,22.8935],[-16.2896,22.8998],[-16.2848,22.9034],[-16.2626,22.9056],[-16.2386,22.9116],[-16.2065,22.938],[-16.173,22.9735],[-16.1632,22.9932],[-16.1565,23.0135],[-16.1526,23.0352],[-16.1513,23.0591],[-16.1595,23.0825],[-16.1791,23.0861],[-16.2202,23.0759],[-16.2131,23.0944],[-16.196,23.1262],[-16.1867,23.1379],[-16.1393,23.1785],[-16.1351,23.1851],[-16.0604,23.3446],[-16.0491,23.3581],[-16.0383,23.3639],[-16.0255,23.3749],[-15.9812,23.4458],[-15.9672,23.5129],[-15.9565,23.5317],[-15.9413,23.5513],[-15.9055,23.6103],[-15.8571,23.6618],[-15.8539,23.6679],[-15.8374,23.6793],[-15.8304,23.686],[-15.8251,23.6967],[-15.8201,23.7172],[-15.8161,23.7276],[-15.8006,23.7506],[-15.7848,23.769],[-15.7726,23.7878],[-15.7677,23.8126],[-15.7655,23.8568],[-15.7692,23.8757],[-15.782,23.8983],[-15.7787,23.9037],[-15.7751,23.9119],[-15.7868,23.9039],[-15.788,23.8922],[-15.786,23.8784],[-15.7882,23.8642],[-15.7953,23.8566],[-15.8209,23.8403],[-15.8304,23.8362],[-15.8436,23.8359],[-15.8522,23.8381],[-15.8617,23.8362],[-15.8776,23.8232],[-15.8882,23.8107],[-15.8953,23.7988],[-15.9104,23.7653],[-15.9233,23.7436],[-15.9259,23.7372],[-15.9281,23.7252],[-15.9375,23.7052],[-15.9396,23.6962],[-15.9482,23.6843],[-15.9949,23.645],[-16.0098,23.6554],[-16.0032,23.6721],[-15.9812,23.6962],[-15.9758,23.7108],[-15.9396,23.7748],[-15.8776,23.8536],[-15.8712,23.8692],[-15.8568,23.8869],[-15.8409,23.9027],[-15.7681,23.9599],[-15.7357,23.9712],[-15.6926,23.9958],[-15.6796,24.0075],[-15.6466,24.0104],[-15.6201,24.0263],[-15.5992,24.0483],[-15.5833,24.0703],[-15.5423,24.1142],[-15.5144,24.1522],[-15.4761,24.1778],[-15.4597,24.1919],[-15.453,24.2102],[-15.4447,24.2219],[-15.3534,24.2911],[-15.2982,24.3452],[-15.2296,24.4407],[-15.204,24.4675],[-15.1719,24.4941],[-15.1536,24.5056],[-15.1334,24.5146],[-15.1127,24.5206],[-15.0694,24.5273],[-15.0483,24.5383],[-15.0148,24.5624],[-15.0154,24.5857],[-15.0122,24.5915],[-15.0,24.6145],[-14.9762,24.6414],[-14.9521,24.6592],[-14.927,24.6718],[-14.9078,24.6855],[-14.8956,24.7057],[-14.8859,24.7707],[-14.8619,24.8301],[-14.8534,24.8766],[-14.8397,24.9053],[-14.836,24.9187],[-14.838,24.9351],[-14.842,24.9503],[-14.8432,24.9653],[-14.836,24.9814],[-14.8435,24.9876],[-14.8372,25.0017],[-14.8326,25.0176],[-14.8297,25.0342],[-14.8292,25.0502],[-14.8319,25.0657],[-14.8414,25.0876],[-14.8435,25.1005],[-14.8424,25.189],[-14.8497,25.2142],[-14.8192,25.3302],[-14.8121,25.3461],[-14.7821,25.4469],[-14.7362,25.5055],[-14.7231,25.5158],[-14.7149,25.5256],[-14.6852,25.5909],[-14.6783,25.6356],[-14.6763,25.6419],[-14.6669,25.6597],[-14.6614,25.6913],[-14.621,25.7836],[-14.5465,25.8792],[-14.5195,25.9238],[-14.5139,25.937],[-14.5111,25.9569],[-14.495,26.0016],[-14.4866,26.0154],[-14.4903,26.0315],[-14.4804,26.0878],[-14.4833,26.1025],[-14.4928,26.1327],[-14.4901,26.1427],[-14.4823,26.1539],[-14.4718,26.1831],[-14.4661,26.1942],[-14.4101,26.2601],[-14.4007,26.2663],[-14.3532,26.2759],[-14.2989,26.3022],[-14.2159,26.3755],[-14.2021,26.3922],[-14.1928,26.4095],[-14.1802,26.4244],[-14.1571,26.4338],[-14.0469,26.4444],[-14.0277,26.4524],[-13.9237,26.5009],[-13.742,26.6181],[-13.62,26.6889],[-13.5611,26.7491],[-13.5009,26.8583],[-13.4803,26.9117],[-13.461,26.9927],[-13.432,27.0508],[-13.4025,27.1772],[-13.3837,27.2153],[-13.3011,27.3244],[-13.3008,27.33],[-13.3078,27.3393],[-13.3079,27.345],[-13.2943,27.3518],[-13.2408,27.4654],[-13.2076,27.5675],[-13.2054,27.5886],[-13.2008,27.6065],[-13.181,27.6448],[-13.1783,27.6625],[-13.1782,27.6628],[-13.1776,27.6671],[-13.1713,27.685],[-13.1605,27.6946],[-13.1304,27.7081],[-13.098,27.7322],[-13.0614,27.7429],[-13.0452,27.7598],[-13.003,27.821],[-12.9796,27.8937],[-12.9681,27.9146],[-12.9524,27.9286],[-12.9331,27.9387],[-12.8389,27.9704],[-12.6578,27.998],[-12.5135,27.9954],[-12.335,28.0473],[-12.0614,28.089],[-12.0504,28.096],[-12.0279,28.1169],[-12.0231,28.1196],[-12.0056,28.1232],[-11.7824,28.2101],[-11.4856,28.3256],[-11.4528,28.3485],[-11.4288,28.3759],[-11.3893,28.4349],[-11.374,28.4498],[-11.3559,28.4639],[-11.341,28.4797],[-11.3347,28.4997],[-11.3259,28.5152],[-11.2665,28.5516],[-11.2196,28.6025],[-11.2118,28.6168],[-11.1703,28.6397],[-11.1625,28.6474],[-11.1542,28.6611],[-11.1492,28.6677],[-11.115,28.6918],[-11.1116,28.6957],[-11.0911,28.7263],[-11.0631,28.7524],[-11.0476,28.7617],[-10.7626,28.8902],[-10.6942,28.9306],[-10.6124,28.9677],[-10.5738,28.9904],[-10.4509,29.0922],[-10.3479,29.2294],[-10.3209,29.258],[-10.302,29.2719],[-10.264,29.2841],[-10.2484,29.2994],[-10.2244,29.3331],[-10.1991,29.3613],[-10.1876,29.379],[-10.1827,29.3973],[-10.1776,29.4058],[-10.1418,29.4286],[-10.137,29.435],[-10.1282,29.456],[-10.087,29.51],[-10.0809,29.5211],[-10.0787,29.5423],[-10.0726,29.5647],[-10.0636,29.5849],[-10.053,29.5999],[-10.0053,29.6384],[-9.9978,29.6508],[-9.9917,29.6668],[-9.9499,29.716],[-9.8202,29.8389],[-9.7179,29.9966],[-9.6551,30.1269],[-9.6453,30.164],[-9.6284,30.2914],[-9.61,30.3578],[-9.6073,30.3776],[-9.6116,30.4044],[-9.6227,30.4174],[-9.6382,30.4267],[-9.6551,30.4422],[-9.6662,30.4593],[-9.6918,30.5096],[-9.7001,30.5427],[-9.7084,30.5475],[-9.7196,30.5485],[-9.7308,30.5521],[-9.7398,30.5599],[-9.7582,30.5868],[-9.8297,30.6286],[-9.8509,30.6296],[-9.874,30.634],[-9.8885,30.6483],[-9.8867,30.6867],[-9.8656,30.7243],[-9.839,30.7598],[-9.8202,30.7923],[-9.8137,30.8147],[-9.8129,30.8271],[-9.8168,30.8367],[-9.8238,30.8456],[-9.8244,30.852],[-9.8219,30.8591],[-9.8202,30.8711],[-9.8277,31.0675],[-9.8315,31.0854],[-9.8475,31.1213],[-9.835,31.1448],[-9.8089,31.2862],[-9.8066,31.3435],[-9.8109,31.3668],[-9.8215,31.3795],[-9.8348,31.3888],[-9.8475,31.4024],[-9.8162,31.4368],[-9.793,31.4713],[-9.7696,31.5315],[-9.7582,31.5458],[-9.7396,31.56],[-9.7333,31.5674],[-9.7277,31.5851],[-9.7136,31.5978],[-9.7076,31.6093],[-9.6942,31.6257],[-9.6893,31.6352],[-9.6752,31.7154],[-9.6673,31.7311],[-9.5758,31.8161],[-9.5354,31.8645],[-9.5279,31.8712],[-9.5133,31.8808],[-9.505,31.8884],[-9.4974,31.8981],[-9.4887,31.9154],[-9.4838,31.9226],[-9.3661,32.0263],[-9.3541,32.0467],[-9.3464,32.0615],[-9.3348,32.1016],[-9.3331,32.1181],[-9.3281,32.1304],[-9.292,32.1689],[-9.2777,32.1966],[-9.27,32.2275],[-9.2648,32.3306],[-9.269,32.3355],[-9.2878,32.3435],[-9.292,32.3508],[-9.2897,32.3725],[-9.2834,32.3878],[-9.2563,32.4326],[-9.2488,32.4525],[-9.2469,32.4723],[-9.2548,32.4883],[-9.2637,32.4985],[-9.2724,32.5129],[-9.2783,32.5295],[-9.279,32.5463],[-9.2599,32.5769],[-9.1122,32.6828],[-8.9985,32.7971],[-8.9017,32.8548],[-8.8678,32.8819],[-8.7547,33.0106],[-8.6291,33.1276],[-8.6215,33.1394],[-8.6204,33.152],[-8.621,33.1735],[-8.6119,33.1863],[-8.5292,33.2687],[-8.5211,33.2725],[-8.5125,33.2705],[-8.5028,33.2615],[-8.4941,33.2595],[-8.4698,33.2606],[-8.4517,33.2642],[-8.415,33.28],[-8.3788,33.3047],[-8.3202,33.3654],[-8.2847,33.3898],[-8.2432,33.4045],[-8.1066,33.4309],[-8.0115,33.4664],[-7.9626,33.4848],[-7.9162,33.4946],[-7.8914,33.5034],[-7.8697,33.5266],[-7.8448,33.536],[-7.778,33.5533],[-7.7382,33.5706],[-7.7195,33.5742],[-7.701,33.5827],[-7.6844,33.5999],[-7.6676,33.6127],[-7.6479,33.6083],[-7.6362,33.6146],[-7.6266,33.6132],[-7.6173,33.6094],[-7.6062,33.6083],[-7.5967,33.6116],[-7.5793,33.6208],[-7.55,33.6256],[-7.5291,33.6326],[-7.5102,33.6415],[-7.4971,33.65],[-7.4633,33.6865],[-7.4343,33.6982],[-7.4064,33.727],[-7.3871,33.7325],[-7.394,33.725],[-7.3739,33.7193],[-7.3526,33.7247],[-7.3411,33.7311],[-7.2675,33.7724],[-7.2293,33.8009],[-7.1929,33.8177],[-7.1526,33.8301],[-7.117,33.8349],[-7.1166,33.8349],[-7.0995,33.8403],[-7.0679,33.8637],[-7.0318,33.8743],[-6.9274,33.9442],[-6.8221,34.0396],[-6.7338,34.1626],[-6.6678,34.2805],[-6.5579,34.4177],[-6.5478,34.4347],[-6.5309,34.474],[-6.5079,34.5048],[-6.2921,34.8808],[-6.2054,35.1246],[-6.0239,35.5012],[-6.0185,35.5202],[-6.0167,35.5446],[-6.0123,35.5588],[-5.9908,35.5985],[-5.97,35.6525],[-5.9683,35.661],[-5.9652,35.6702],[-5.9521,35.6855],[-5.949,35.6954],[-5.9431,35.7424],[-5.9362,35.7656],[-5.9272,35.7807],[-5.908,35.7973],[-5.8734,35.802],[-5.7814,35.7909],[-5.7693,35.7928],[-5.7423,35.8149],[-5.7299,35.8227],[-5.7117,35.8306],[-5.6935,35.8343],[-5.6809,35.8292],[-5.6634,35.8359],[-5.6397,35.8364],[-5.616,35.8315],[-5.599,35.8223],[-5.54,35.851],[-5.5233,35.8633],[-5.4875,35.897],[-5.4689,35.9103],[-5.4481,35.9185],[-5.44,35.9181],[-5.4355,35.9144],[-5.4235,35.909],[-5.4142,35.9094],[-5.4104,35.9171],[-5.408,35.9247],[-5.4055,35.9265],[-5.3993,35.9245],[-5.3989,35.9245],[-5.3897,35.902],[-5.3784,35.8817],[-5.3629,35.8638],[-5.3407,35.8474],[-5.3408,35.8471],[-5.3457,35.8326],[-5.3424,35.8077],[-5.3274,35.7558],[-5.3226,35.7138],[-5.3188,35.7017],[-5.3127,35.6925],[-5.3048,35.6852],[-5.2989,35.6843],[-5.2819,35.6865],[-5.2768,35.6852],[-5.2754,35.6794],[-5.2775,35.6642],[-5.2768,35.6579],[-5.26,35.6047],[-5.2494,35.5846],[-5.2284,35.5685],[-5.1862,35.5438],[-5.1508,35.5161],[-5.0663,35.4175],[-5.0509,35.4075],[-5.0264,35.404],[-5.0082,35.3992],[-4.9885,35.3879],[-4.9547,35.3625],[-4.9265,35.3303],[-4.9093,35.3145],[-4.865,35.302],[-4.8106,35.26],[-4.7705,35.241],[-4.6283,35.2054],[-4.4954,35.1808],[-4.4943,35.1806],[-4.376,35.1518],[-4.3476,35.1501],[-4.3271,35.1548],[-4.2694,35.1849],[-4.1306,35.2048],[-4.0467,35.2359],[-3.9613,35.2504],[-3.9193,35.2668],[-3.9094,35.2553],[-3.9125,35.2509],[-3.9247,35.2476],[-3.9295,35.2438],[-3.925,35.2378],[-3.9185,35.2309],[-3.9039,35.2142],[-3.8893,35.2084],[-3.8686,35.2073],[-3.8409,35.2054],[-3.8219,35.2068],[-3.7875,35.2092],[-3.7648,35.2185],[-3.7555,35.2364],[-3.7471,35.2637],[-3.7262,35.2823],[-3.6996,35.2908],[-3.6736,35.2879],[-3.6542,35.277],[-3.6122,35.2453],[-3.591,35.2333],[-3.516,35.2235],[-3.4893,35.211],[-3.4774,35.2107],[-3.4648,35.2118],[-3.4538,35.2116],[-3.4429,35.2086],[-3.4232,35.2008],[-3.4129,35.1979],[-3.362,35.1945],[-3.3192,35.2018],[-3.1951,35.2382],[-3.1739,35.2491],[-3.1287,35.2886],[-3.118,35.2941],[-3.1097,35.2936],[-3.1004,35.2895],[-3.0897,35.2863],[-3.0771,35.2879],[-3.0454,35.3144],[-3.0063,35.3935],[-2.9808,35.4245],[-2.9828,35.435],[-2.9779,35.4433],[-2.9686,35.4464],[-2.9567,35.4412],[-2.9522,35.4331],[-2.9576,35.4158],[-2.953,35.404],[-2.963,35.3735],[-2.9498,35.3349],[-2.9481,35.3303],[-2.9478,35.3298],[-2.9669,35.3139],[-2.9638,35.2862],[-2.943,35.2679],[-2.9129,35.2769],[-2.899,35.26],[-2.9079,35.251],[-2.9123,35.2358],[-2.9133,35.2191],[-2.9098,35.1867],[-2.9051,35.1736],[-2.8964,35.1618],[-2.882,35.1467],[-2.8561,35.1313],[-2.821,35.1219],[-2.7481,35.116],[-2.7918,35.1452],[-2.8683,35.2174],[-2.8832,35.2385],[-2.8784,35.2463],[-2.8649,35.2376],[-2.8164,35.1945],[-2.8087,35.1838],[-2.7611,35.1433],[-2.7183,35.123],[-2.6667,35.1082],[-2.5632,35.0961],[-2.5175,35.0994],[-2.4933,35.1044],[-2.4772,35.1126],[-2.4561,35.1325],[-2.4371,35.1451],[-2.4167,35.1492],[-2.3214,35.1188],[-2.2991,35.116],[-2.2753,35.1096],[-2.2487,35.0972],[-2.2226,35.0893],[-2.2211,35.05],[-2.2117,35.0234],[-2.1938,35.0036],[-2.1633,34.994],[-2.126,34.9719],[-2.0949,34.9477],[-2.0612,34.9297],[-2.0163,34.9262],[-2.0036,34.9182],[-1.9997,34.9063],[-1.9984,34.8927],[-1.9935,34.8789],[-1.9797,34.8653],[-1.9267,34.8381],[-1.8928,34.8117],[-1.7877,34.7567],[-1.7695,34.7413],[-1.7731,34.7341],[-1.7861,34.7258],[-1.8105,34.6807],[-1.863,34.6136],[-1.8711,34.5966],[-1.7507,34.4942],[-1.7142,34.4851],[-1.703,34.4797],[-1.8096,34.3725],[-1.7713,34.3347],[-1.7461,34.2903],[-1.6748,34.106],[-1.6721,34.092],[-1.6696,34.0792],[-1.6721,34.0592],[-1.7187,33.8981],[-1.7221,33.8512],[-1.713,33.802],[-1.7025,33.7728],[-1.7032,33.7618],[-1.7108,33.7471],[-1.7209,33.7364],[-1.7326,33.7279],[-1.7422,33.7178],[-1.7468,33.7024],[-1.7407,33.6866],[-1.7254,33.6777],[-1.6907,33.6673],[-1.6733,33.6565],[-1.6624,33.6447],[-1.6173,33.5544],[-1.6127,33.5215],[-1.6254,33.4942],[-1.6404,33.4755],[-1.6591,33.4198],[-1.6728,33.3946],[-1.6832,33.3692],[-1.6834,33.2708],[-1.6742,33.238],[-1.6236,33.1966],[-1.6056,33.168],[-1.5921,33.1366],[-1.5714,33.112],[-1.5455,33.0918],[-1.5164,33.074],[-1.4995,33.0602],[-1.4931,33.0395],[-1.4934,33.0162],[-1.4965,32.9943],[-1.4988,32.984],[-1.503,32.9746],[-1.5089,32.9663],[-1.5164,32.9595],[-1.5588,32.9337],[-1.4233,32.7424],[-1.3905,32.7188],[-1.327,32.6989],[-1.0475,32.517],[-1.032,32.4944],[-1.09,32.4394],[-1.1232,32.4179],[-1.1603,32.4049],[-1.2017,32.3999],[-1.218,32.3926],[-1.2342,32.3746],[-1.2441,32.3569],[-1.2575,32.3208],[-1.2734,32.2294],[-1.2755,32.2175],[-1.2752,32.2091],[-1.2766,32.2009],[-1.283,32.1902],[-1.2892,32.1849],[-1.3057,32.1737],[-1.3096,32.1674],[-1.3052,32.1512],[-1.289,32.1509],[-1.2518,32.1635],[-1.2327,32.1637],[-1.2118,32.1583],[-1.1956,32.146],[-1.1906,32.1252],[-1.2103,32.0897],[-1.2496,32.0817],[-1.325,32.0847],[-1.3334,32.0851],[-1.3574,32.0861],[-1.3954,32.0876],[-1.4456,32.0895],[-1.5063,32.0919],[-1.5758,32.0947],[-1.6524,32.0978],[-1.7343,32.1011],[-1.82,32.1045],[-1.9076,32.108],[-1.9955,32.1115],[-2.0819,32.1149],[-2.1651,32.1183],[-2.2434,32.1214],[-2.3152,32.1243],[-2.3786,32.1268],[-2.5161,32.1322],[-2.6956,32.0897],[-2.8812,32.0763],[-2.9387,32.0486],[-2.8698,31.8924],[-2.8278,31.7946],[-3.0026,31.7736],[-3.2192,31.7177],[-3.5116,31.6727],[-3.5487,31.67],[-3.5914,31.6783],[-3.6595,31.6478],[-3.6735,31.3892],[-3.7475,31.3852],[-3.8025,31.3506],[-3.8152,31.3372],[-3.8192,31.3189],[-3.8129,31.2434],[-3.815,31.2205],[-3.8362,31.1898],[-3.8428,31.1702],[-3.8393,31.1528],[-3.8275,31.1438],[-3.8108,31.1429],[-3.793,31.1497],[-3.7637,31.1734],[-3.7489,31.1802],[-3.7314,31.1763],[-3.7171,31.1633],[-3.6897,31.1256],[-3.6719,31.1109],[-3.6359,31.0957],[-3.6241,31.0865],[-3.6145,31.068],[-3.6101,31.0503],[-3.6087,31.0309],[-3.5547,30.9559],[-3.6106,30.879],[-3.6595,30.8371],[-3.6525,30.7742],[-3.6455,30.7113],[-3.8342,30.6275],[-4.002,30.5925],[-4.1557,30.5855],[-4.2745,30.5576],[-4.3724,30.5086],[-4.4842,30.3828],[-4.624,30.285],[-4.7707,30.2291],[-4.8756,30.1802],[-4.9594,30.1243],[-5.0713,30.0404],[-5.1761,29.9775],[-5.2739,29.8866],[-5.3438,29.7678],[-5.4347,29.642],[-5.5395,29.5232],[-5.6373,29.4953],[-5.7212,29.5232],[-5.7562,29.6141],[-5.882,29.6001],[-6.0008,29.5791],[-6.1266,29.5791],[-6.2733,29.5791],[-6.4131,29.5651],[-6.5599,29.5302],[-6.6996,29.5162],[-6.7835,29.4463],[-6.9582,29.5092],[-7.0701,29.5162],[-7.1469,29.5092],[-7.2588,29.4673],[-7.3496,29.3834],[-7.4633,29.3891],[-7.4841,29.3824],[-7.5061,29.3802],[-7.5285,29.3809],[-7.5727,29.3876],[-7.6195,29.3894],[-7.6536,29.3762],[-7.7147,29.3218],[-7.73,29.3112],[-7.778,29.2893],[-7.8391,29.239],[-7.945,29.1762],[-8.0363,29.0999],[-8.0697,29.0793],[-8.1823,29.0355],[-8.2505,28.9948],[-8.3168,28.9391],[-8.3333,28.9304],[-8.3685,28.9165],[-8.3835,28.9058],[-8.4178,28.8523],[-8.4304,28.841],[-8.4758,28.8188],[-8.5208,28.7871],[-8.6488,28.7259],[-8.6676,28.7117],[-8.6788,28.6928],[-8.6824,28.6659],[-8.6824,28.6202],[-8.6824,28.5603],[-8.6824,28.5004],[-8.6824,28.4405],[-8.6824,28.3805],[-8.6824,28.3206],[-8.6824,28.2607],[-8.6824,28.2008],[-8.6824,28.1409],[-8.6824,28.0809],[-8.6824,28.021],[-8.6824,27.9611],[-8.6824,27.9011],[-8.6824,27.8412],[-8.6824,27.7814],[-8.6824,27.7214],[-8.6824,27.6614],[-8.7526,27.6614],[-8.8165,27.6615],[-8.817,27.6615]]]}},{"type":"Feature","properties":{"ADM0_A3":"SAH","NAME":"W. Sahara"},"geometry":{"type":"Polygon","coordinates":[[[-8.817,27.6615],[-8.8165,27.6615],[-8.7526,27.6614],[-8.6824,27.6614],[-8.6824,27.5674],[-8.6824,27.4735],[-8.6824,27.3795],[-8.6824,27.2854],[-8.6823,27.2717],[-8.6822,27.2327],[-8.6822,27.1721],[-8.6821,27.0937],[-8.6819,27.0008],[-8.6818,26.8972],[-8.6817,26.7863],[-8.6816,26.6719],[-8.6815,26.5574],[-8.6813,26.4466],[-8.6811,26.343],[-8.681,26.2502],[-8.6809,26.1716],[-8.6809,26.1111],[-8.6809,26.0722],[-8.6808,26.0584],[-8.6808,26.0131],[-8.6877,26.0],[-8.7072,25.995],[-8.792,25.995],[-8.8929,25.995],[-8.9936,25.995],[-9.0942,25.995],[-9.195,25.995],[-9.2957,25.995],[-9.3964,25.995],[-9.4972,25.995],[-9.5979,25.995],[-9.6987,25.995],[-9.7994,25.995],[-9.9,25.995],[-10.0008,25.995],[-10.1015,25.995],[-10.2023,25.995],[-10.303,25.995],[-10.4037,25.995],[-10.5044,25.995],[-10.6052,25.995],[-10.7059,25.995],[-10.8066,25.995],[-10.9073,25.995],[-11.0081,25.995],[-11.1087,25.995],[-11.2095,25.995],[-11.3102,25.995],[-11.411,25.995],[-11.5117,25.995],[-11.6124,25.995],[-11.7132,25.995],[-11.8138,25.995],[-11.9146,25.995],[-12.0153,25.9949],[-12.0153,25.9192],[-12.0153,25.8437],[-12.0153,25.7681],[-12.0153,25.6925],[-12.0153,25.6169],[-12.0153,25.5413],[-12.0153,25.4657],[-12.0153,25.3902],[-12.0153,25.3146],[-12.0153,25.2389],[-12.0153,25.1633],[-12.0153,25.0878],[-12.0153,25.0122],[-12.0153,24.9366],[-12.0153,24.861],[-12.0153,24.7855],[-12.0153,24.7099],[-12.0153,24.6343],[-12.0153,24.5586],[-12.0153,24.4831],[-12.0153,24.4075],[-12.0153,24.3319],[-12.0153,24.2563],[-12.0153,24.1807],[-12.0153,24.1051],[-12.0153,24.0295],[-12.0153,23.9539],[-12.0153,23.8783],[-12.0153,23.8027],[-12.0153,23.7271],[-12.0153,23.6515],[-12.0153,23.5759],[-12.0153,23.4952],[-12.0193,23.461],[-12.0327,23.445],[-12.1346,23.4193],[-12.3539,23.3225],[-12.3899,23.3125],[-12.5584,23.2903],[-12.6194,23.2708],[-12.6822,23.2308],[-12.7899,23.1619],[-12.9151,23.0821],[-13.0152,23.018],[-13.0343,22.9952],[-13.1199,22.8835],[-13.1523,22.82],[-13.1655,22.7527],[-13.155,22.6888],[-13.1064,22.5602],[-13.0933,22.4955],[-13.0768,22.2454],[-13.0603,21.9954],[-13.0321,21.5819],[-13.0262,21.4953],[-13.0152,21.3334],[-13.1617,21.3334],[-13.2031,21.3334],[-13.3199,21.3334],[-13.5014,21.3334],[-13.7369,21.3333],[-14.0155,21.3333],[-14.2956,21.3332],[-14.3265,21.3332],[-14.659,21.3332],[-15.0023,21.3332],[-15.3455,21.3331],[-15.6781,21.3331],[-15.989,21.333],[-16.2677,21.3329],[-16.5031,21.3329],[-16.6846,21.3329],[-16.8014,21.3329],[-16.8428,21.3329],[-16.9588,21.3329],[-16.9683,21.3246],[-16.9857,21.2378],[-17.0049,21.1419],[-17.0474,21.0274],[-17.054,20.9955],[-17.0774,20.9045],[-17.0812,20.8747],[-17.0569,20.7669],[-17.0683,20.7925],[-17.1002,20.8376],[-17.1046,20.8625],[-17.1014,20.8762],[-17.0923,20.8999],[-17.0904,20.914],[-17.0904,20.9618],[-17.0863,20.9793],[-17.0679,21.0309],[-17.0268,21.3289],[-17.0174,21.3651],[-17.0152,21.3798],[-17.0137,21.42],[-16.9501,21.4298],[-16.73,21.4698],[-16.58,21.4806],[-16.1899,21.4806],[-16.04,21.5001],[-15.9199,21.5001],[-15.75,21.4903],[-15.6098,21.4698],[-15.4599,21.4503],[-15.29,21.4503],[-15.1499,21.4405],[-14.9702,21.4405],[-14.8398,21.4503],[-14.75,21.5001],[-14.6699,21.5997],[-14.6401,21.6798],[-14.6098,21.7501],[-14.6201,21.8204],[-14.6299,21.8604],[-14.58,21.9102],[-14.52,21.9903],[-14.4599,22.0401],[-14.4399,22.0802],[-14.3798,22.1202],[-14.3101,22.1905],[-14.27,22.2403],[-14.2202,22.3096],[-14.21,22.3702],[-14.1899,22.4503],[-14.1899,22.5899],[-14.1699,22.7599],[-14.1401,22.8702],[-14.1201,22.96],[-14.1001,23.0997],[-14.04,23.3399],[-14.02,23.4103],[-13.9799,23.5196],[-13.9301,23.6202],[-13.8901,23.6905],[-13.8398,23.7501],[-13.77,23.7901],[-13.6601,23.8301],[-13.58,23.8702],[-13.4799,23.9102],[-13.3901,23.9405],[-13.31,23.9806],[-13.2798,24.0196],[-13.23,24.0899],[-13.1601,24.2198],[-13.1201,24.2999],[-13.06,24.4005],[-12.9902,24.4698],[-12.9469,24.4967],[-12.9101,24.5196],[-12.8198,24.5704],[-12.7099,24.63],[-12.6298,24.6798],[-12.56,24.7305],[-12.5,24.7696],[-12.4301,24.8302],[-12.3999,24.88],[-12.3598,24.9698],[-12.31,25.1104],[-12.27,25.2598],[-12.2299,25.42],[-12.2002,25.5196],[-12.1699,25.6397],[-12.1298,25.7305],[-12.1001,25.8302],[-12.0801,25.8702],[-12.0801,25.92],[-12.06,25.9903],[-12.0558,25.9958],[-12.0298,26.0303],[-11.9599,26.0499],[-11.8799,26.0704],[-11.7539,26.086],[-11.7172,26.1036],[-11.6982,26.1622],[-11.6835,26.213],[-11.6362,26.295],[-11.583,26.3604],[-11.5522,26.4005],[-11.5107,26.4698],[-11.4697,26.5196],[-11.3989,26.5831],[-11.3369,26.6329],[-11.3159,26.6836],[-11.3159,26.7442],[-11.3603,26.793],[-11.3916,26.8829],[-11.2626,26.9102],[-11.1494,26.9405],[-11.0459,26.9698],[-10.9218,27.0098],[-10.8291,27.0098],[-10.7568,27.0196],[-10.6533,27.0001],[-10.5503,26.9903],[-10.478,26.96],[-10.354,26.9005],[-10.2505,26.8604],[-10.1884,26.8604],[-10.122,26.88],[-10.0659,26.9083],[-10.0317,26.9102],[-9.9799,26.8897],[-9.8994,26.8497],[-9.8169,26.8497],[-9.7344,26.8604],[-9.6724,26.9102],[-9.5688,26.9903],[-9.4863,27.0499],[-9.4121,27.088],[-9.352,27.0977],[-9.2846,27.0977],[-9.2075,27.0997],[-9.0834,27.0899],[-9.0009,27.0899],[-8.8881,27.1036],[-8.7939,27.1202],[-8.7529,27.1505],[-8.7529,27.1905],[-8.7734,27.2501],[-8.7958,27.3077],[-8.8017,27.3604],[-8.788,27.4161],[-8.7734,27.46],[-8.7836,27.5304],[-8.8129,27.6134],[-8.8184,27.6594],[-8.817,27.6615]]]}},{"type":"Feature","properties":{"ADM0_A3":"COG","NAME":"Congo"},"geometry":{"type":"Polygon","coordinates":[[[18.6264,3.4769],[18.6346,3.4492],[18.6424,3.3238],[18.6311,3.179],[18.6218,3.1567],[18.6197,3.1448],[18.6131,3.1282],[18.5973,3.1146],[18.5621,3.0968],[18.5414,3.0828],[18.5284,3.0648],[18.4953,2.9661],[18.4796,2.9414],[18.4758,2.9312],[18.4718,2.9092],[18.4673,2.8989],[18.4492,2.873],[18.4252,2.8222],[18.4219,2.8088],[18.4183,2.7817],[18.3932,2.7137],[18.3167,2.5843],[18.3137,2.576],[18.3035,2.5726],[18.2462,2.5189],[18.233,2.5026],[18.2252,2.4865],[18.2141,2.4277],[18.2078,2.408],[18.1991,2.3891],[18.188,2.3709],[18.174,2.3361],[18.1638,2.321],[18.1467,2.3159],[18.1427,2.3057],[18.1186,2.277],[18.1112,2.2653],[18.0724,2.16],[18.0724,2.1452],[18.0783,2.1148],[18.0808,2.0842],[18.076,1.9885],[18.0817,1.9424],[18.0815,1.9265],[18.0783,1.9093],[18.0682,1.8762],[18.0661,1.859],[18.0737,1.5723],[18.0714,1.5515],[18.0123,1.422],[18.0067,1.4024],[18.002,1.3658],[17.967,1.2537],[17.9634,1.1915],[17.9562,1.1717],[17.9148,1.102],[17.8925,1.0774],[17.8733,1.0396],[17.8666,1.0166],[17.8782,0.9472],[17.8779,0.8679],[17.9077,0.7405],[17.9076,0.7131],[17.8926,0.6359],[17.8932,0.6077],[17.8993,0.5833],[17.9184,0.5352],[17.9331,0.527],[17.9436,0.5108],[17.9499,0.4915],[17.952,0.4743],[17.9455,0.3773],[17.9399,0.3613],[17.854,0.2411],[17.7754,0.0264],[17.7571,-0.0095],[17.7164,-0.1958],[17.7137,-0.2209],[17.7163,-0.2462],[17.7408,-0.3462],[17.7495,-0.5234],[17.742,-0.5334],[17.728,-0.5531],[17.6642,-0.6127],[17.6587,-0.6198],[17.6545,-0.6275],[17.6525,-0.6422],[17.6509,-0.6463],[17.6476,-0.6499],[17.6359,-0.6585],[17.623,-0.6733],[17.6022,-0.6887],[17.5459,-0.7565],[17.4115,-0.9183],[17.3854,-0.9424],[17.365,-0.9672],[17.3573,-0.9735],[17.3304,-0.9866],[17.3277,-0.9917],[17.308,-1.015],[17.2977,-1.0211],[17.2454,-1.0359],[17.1948,-1.043],[17.1754,-1.0483],[17.1087,-1.0756],[17.0605,-1.0892],[17.0287,-1.0945],[17.0226,-1.097],[17.012,-1.1043],[17.0059,-1.1068],[17.0031,-1.1129],[16.9796,-1.1402],[16.9405,-1.1748],[16.9092,-1.2111],[16.8626,-1.2489],[16.8397,-1.2625],[16.8332,-1.269],[16.8287,-1.2763],[16.8178,-1.3042],[16.7947,-1.3455],[16.7793,-1.3824],[16.7627,-1.4059],[16.7255,-1.48],[16.6926,-1.523],[16.6695,-1.5694],[16.656,-1.5903],[16.6362,-1.6208],[16.6289,-1.6373],[16.6238,-1.6538],[16.6225,-1.6652],[16.6231,-1.6992],[16.6172,-1.7287],[16.6042,-1.7541],[16.525,-1.8585],[16.5225,-1.8617],[16.5172,-1.8737],[16.514,-1.8874],[16.5078,-1.8903],[16.4903,-1.9036],[16.4748,-1.9101],[16.47,-1.9127],[16.4609,-1.9209],[16.4456,-1.9405],[16.3826,-2.0022],[16.3402,-2.0341],[16.2844,-2.0876],[16.2561,-2.1068],[16.2313,-2.129],[16.2068,-2.161],[16.1946,-2.182],[16.1874,-2.2046],[16.1886,-2.2277],[16.19,-2.2355],[16.1899,-2.2419],[16.1769,-2.2868],[16.1749,-2.3031],[16.1783,-2.3185],[16.1875,-2.3323],[16.1898,-2.3375],[16.1917,-2.3469],[16.1923,-2.3952],[16.2256,-2.6352],[16.2045,-2.7827],[16.1809,-2.8541],[16.1782,-2.8681],[16.177,-2.8825],[16.184,-2.9404],[16.1883,-2.9764],[16.1845,-3.0261],[16.1898,-3.0823],[16.1857,-3.1364],[16.1899,-3.153],[16.1992,-3.1718],[16.1995,-3.1948],[16.1934,-3.2384],[16.1986,-3.2595],[16.2104,-3.2711],[16.2221,-3.2791],[16.2275,-3.2899],[16.2256,-3.3132],[16.2207,-3.3317],[16.2077,-3.3619],[16.1584,-3.4473],[16.1379,-3.5007],[16.1155,-3.5442],[16.0533,-3.62],[16.0127,-3.7023],[16.0053,-3.7248],[15.9911,-3.7389],[15.9742,-3.7865],[15.9431,-3.8407],[15.9361,-3.8485],[15.9303,-3.8586],[15.9121,-3.9174],[15.888,-3.9405],[15.883,-3.9453],[15.8442,-3.9656],[15.8,-3.9788],[15.7551,-3.9856],[15.7112,-3.9922],[15.5668,-4.038],[15.5491,-4.0462],[15.5338,-4.058],[15.5212,-4.0768],[15.4904,-4.1752],[15.485,-4.1839],[15.4629,-4.2071],[15.4589,-4.2138],[15.4503,-4.2173],[15.4254,-4.2302],[15.3866,-4.2443],[15.2753,-4.3004],[15.2557,-4.3131],[15.2284,-4.3249],[15.204,-4.339],[15.1934,-4.3588],[15.188,-4.3722],[15.1507,-4.4252],[15.0979,-4.4999],[15.0761,-4.5201],[15.0228,-4.5471],[15.0146,-4.558],[15.0082,-4.571],[14.931,-4.6469],[14.849,-4.7837],[14.8414,-4.8002],[14.8312,-4.8151],[14.8155,-4.828],[14.7684,-4.8482],[14.7022,-4.8896],[14.6727,-4.8999],[14.6345,-4.9036],[14.6233,-4.8995],[14.5921,-4.8806],[14.5796,-4.8763],[14.5751,-4.8737],[14.5669,-4.8605],[14.5621,-4.8559],[14.5539,-4.8552],[14.5325,-4.8562],[14.528,-4.8522],[14.5199,-4.8413],[14.5015,-4.8407],[14.4819,-4.8459],[14.4701,-4.8522],[14.4495,-4.874],[14.4373,-4.8802],[14.4182,-4.8832],[14.4007,-4.8863],[14.3965,-4.8559],[14.4126,-4.7782],[14.4088,-4.7678],[14.4037,-4.7588],[14.3997,-4.7493],[14.399,-4.7375],[14.4015,-4.7281],[14.4092,-4.7106],[14.4109,-4.7011],[14.4069,-4.676],[14.3958,-4.6601],[14.381,-4.6462],[14.3658,-4.6273],[14.3575,-4.5891],[14.35,-4.5669],[14.3508,-4.559],[14.3589,-4.5446],[14.3748,-4.5302],[14.4126,-4.5145],[14.4246,-4.5023],[14.4357,-4.4867],[14.4525,-4.468],[14.4665,-4.448],[14.4697,-4.4293],[14.4632,-4.4226],[14.4286,-4.4004],[14.4091,-4.3776],[14.3927,-4.3528],[14.386,-4.3383],[14.3857,-4.3329],[14.3891,-4.3275],[14.3935,-4.3132],[14.3952,-4.3004],[14.3953,-4.2897],[14.3928,-4.2818],[14.3871,-4.2771],[14.3686,-4.2784],[14.3255,-4.3018],[14.28,-4.3128],[14.2596,-4.3269],[14.2222,-4.3598],[14.1847,-4.3775],[14.1464,-4.3899],[14.0584,-4.4005],[14.0211,-4.4154],[13.9916,-4.4551],[13.9899,-4.458],[13.9877,-4.4601],[13.9718,-4.4716],[13.9549,-4.4919],[13.9445,-4.4981],[13.9346,-4.4985],[13.9054,-4.4901],[13.9044,-4.4898],[13.8763,-4.4917],[13.8671,-4.4893],[13.8561,-4.4797],[13.8421,-4.4534],[13.8329,-4.4412],[13.8105,-4.4267],[13.79,-4.4246],[13.7265,-4.4467],[13.715,-4.453],[13.711,-4.4645],[13.7218,-4.561],[13.7182,-4.5803],[13.7026,-4.6208],[13.6991,-4.6427],[13.7125,-4.6857],[13.7059,-4.6943],[13.6984,-4.6935],[13.6901,-4.6911],[13.6819,-4.6954],[13.6778,-4.7063],[13.6806,-4.7247],[13.6753,-4.7318],[13.6665,-4.7327],[13.6437,-4.7263],[13.634,-4.7257],[13.6131,-4.7392],[13.5914,-4.7794],[13.5799,-4.783],[13.5707,-4.7859],[13.5586,-4.7804],[13.5389,-4.76],[13.5262,-4.7543],[13.5147,-4.7559],[13.4823,-4.7748],[13.4924,-4.7835],[13.4964,-4.7921],[13.4935,-4.7997],[13.4823,-4.8055],[13.4308,-4.8434],[13.4032,-4.8769],[13.3926,-4.8853],[13.3714,-4.8417],[13.3641,-4.8069],[13.3588,-4.7948],[13.3493,-4.7856],[13.3346,-4.7775],[13.274,-4.7558],[13.2558,-4.7439],[13.2088,-4.7031],[13.1821,-4.6861],[13.1724,-4.6761],[13.16,-4.6434],[13.1421,-4.6173],[13.1341,-4.6024],[13.1124,-4.5769],[13.088,-4.5795],[13.0715,-4.6016],[13.0737,-4.6353],[13.0272,-4.6122],[12.9616,-4.5338],[12.922,-4.5023],[12.9024,-4.4802],[12.8845,-4.4321],[12.8699,-4.412],[12.8543,-4.4031],[12.8423,-4.4043],[12.8303,-4.4097],[12.8148,-4.4129],[12.8011,-4.41],[12.7827,-4.4001],[12.7754,-4.3962],[12.7617,-4.3912],[12.7379,-4.405],[12.7265,-4.428],[12.7185,-4.4519],[12.7049,-4.468],[12.6869,-4.4783],[12.6705,-4.4914],[12.6566,-4.5074],[12.6349,-4.5477],[12.6238,-4.5593],[12.6081,-4.565],[12.4972,-4.5853],[12.4291,-4.6075],[12.4141,-4.6089],[12.387,-4.6055],[12.3776,-4.6194],[12.3789,-4.6623],[12.3741,-4.6832],[12.3324,-4.7659],[12.3219,-4.7782],[12.3077,-4.7836],[12.2738,-4.7871],[12.2586,-4.7908],[12.2441,-4.7963],[12.2352,-4.804],[12.2226,-4.7806],[12.2135,-4.7692],[12.2041,-4.7635],[12.1922,-4.7635],[12.1876,-4.768],[12.1572,-4.8706],[12.1308,-4.9129],[12.0181,-5.0086],[12.0096,-5.0196],[11.9943,-5.0058],[11.9805,-4.9894],[11.9579,-4.9519],[11.9203,-4.9064],[11.8957,-4.8826],[11.8862,-4.8552],[11.8306,-4.797],[11.8202,-4.7848],[11.8193,-4.7792],[11.8241,-4.7724],[11.83,-4.7735],[11.8433,-4.7888],[11.8484,-4.786],[11.8531,-4.7739],[11.8504,-4.7528],[11.8241,-4.7187],[11.7816,-4.6804],[11.7769,-4.6679],[11.7777,-4.6577],[11.8013,-4.6579],[11.8202,-4.6373],[11.8246,-4.6148],[11.8064,-4.5771],[11.693,-4.4635],[11.5891,-4.3747],[11.4979,-4.294],[11.4506,-4.2647],[11.4014,-4.2214],[11.3825,-4.191],[11.3777,-4.1847],[11.3648,-4.1628],[11.3621,-4.1531],[11.3631,-4.1311],[11.3622,-4.1198],[11.3582,-4.1119],[11.2702,-4.0417],[11.1724,-3.9775],[11.1391,-3.9531],[11.114,-3.9369],[11.1296,-3.9079],[11.1961,-3.7288],[11.2125,-3.6973],[11.2386,-3.6751],[11.2727,-3.653],[11.3024,-3.6285],[11.3347,-3.6086],[11.3758,-3.6003],[11.414,-3.5876],[11.4363,-3.559],[11.455,-3.5282],[11.4826,-3.5093],[11.5327,-3.5165],[11.5698,-3.545],[11.6492,-3.6733],[11.6659,-3.6914],[11.6876,-3.6987],[11.7421,-3.6917],[11.7622,-3.694],[11.8197,-3.7104],[11.8383,-3.7109],[11.8408,-3.71],[11.8584,-3.7033],[11.88,-3.6872],[11.8977,-3.6661],[11.9055,-3.6435],[11.8985,-3.6224],[11.8793,-3.612],[11.8556,-3.6044],[11.8349,-3.5921],[11.825,-3.5712],[11.8278,-3.5481],[11.8848,-3.4133],[11.8984,-3.3892],[11.9415,-3.357],[11.9549,-3.3355],[11.9444,-3.3032],[11.9057,-3.2851],[11.8583,-3.2721],[11.8219,-3.2548],[11.7816,-3.2217],[11.7605,-3.2091],[11.7039,-3.1854],[11.6961,-3.1796],[11.6875,-3.171],[11.6857,-3.1672],[11.6873,-3.1615],[11.6883,-3.0923],[11.6932,-3.0747],[11.7064,-3.0499],[11.7169,-3.0436],[11.7306,-3.0447],[11.7537,-3.0423],[11.7784,-3.0272],[11.7784,-3.0057],[11.7637,-2.9826],[11.6876,-2.9018],[11.6531,-2.8517],[11.6368,-2.8333],[11.6168,-2.8268],[11.5884,-2.8354],[11.5479,-2.8639],[11.5307,-2.8667],[11.5256,-2.8433],[11.5356,-2.805],[11.5375,-2.7977],[11.6103,-2.6789],[11.6195,-2.6535],[11.6244,-2.6328],[11.6244,-2.612],[11.619,-2.5865],[11.6096,-2.564],[11.5843,-2.5236],[11.5765,-2.5025],[11.5761,-2.4851],[11.5834,-2.4297],[11.5797,-2.4077],[11.5582,-2.3494],[11.5662,-2.3297],[11.5684,-2.3291],[11.6054,-2.3303],[11.6559,-2.3456],[11.6697,-2.3527],[11.6759,-2.3604],[11.6799,-2.3688],[11.6875,-2.3777],[11.7213,-2.4041],[11.7395,-2.4138],[11.7561,-2.4151],[11.7727,-2.4054],[11.8066,-2.3742],[11.8288,-2.3653],[11.8649,-2.3582],[11.9071,-2.3446],[11.9384,-2.3291],[11.9487,-2.3352],[11.9668,-2.3485],[12.0007,-2.3906],[12.0313,-2.4116],[12.0623,-2.415],[12.4593,-2.3299],[12.4479,-2.3079],[12.4551,-2.2756],[12.4686,-2.2412],[12.4755,-2.2124],[12.4684,-2.1711],[12.4702,-2.1563],[12.4774,-2.1411],[12.4953,-2.1128],[12.4998,-2.0955],[12.4608,-2.0779],[12.44,-2.0458],[12.4315,-2.0054],[12.4231,-1.8976],[12.4269,-1.8841],[12.4381,-1.8867],[12.45,-1.8993],[12.469,-1.9194],[12.4866,-1.9249],[12.4995,-1.9179],[12.5038,-1.9077],[12.5045,-1.8969],[12.5063,-1.8882],[12.5124,-1.8755],[12.5174,-1.869],[12.5235,-1.8633],[12.5724,-1.8304],[12.5832,-1.8265],[12.6324,-1.8252],[12.675,-1.8428],[12.741,-1.8907],[12.7455,-1.8939],[12.7877,-1.9075],[12.8046,-1.9191],[12.8161,-1.9435],[12.8382,-2.0161],[12.8472,-2.0372],[12.8529,-2.0446],[12.8685,-2.0599],[12.873,-2.0659],[12.8769,-2.0887],[12.8752,-2.0891],[12.8752,-2.0938],[12.8741,-2.0998],[12.8763,-2.1049],[12.8951,-2.1098],[12.8945,-2.1156],[12.8906,-2.1222],[12.8887,-2.1269],[12.8845,-2.1345],[12.8827,-2.1408],[12.8851,-2.1474],[12.8982,-2.1602],[12.902,-2.1673],[12.9028,-2.1776],[12.9071,-2.1954],[12.9214,-2.1949],[12.9456,-2.1824],[12.9543,-2.1909],[12.973,-2.2215],[12.9824,-2.233],[12.9875,-2.26],[12.9902,-2.268],[12.9973,-2.2757],[13.0034,-2.2755],[13.0082,-2.2765],[13.0107,-2.2878],[13.0023,-2.2967],[12.9967,-2.3048],[12.9946,-2.3149],[12.9939,-2.3235],[12.9911,-2.3323],[12.9871,-2.3407],[12.9824,-2.3477],[12.9713,-2.3571],[12.9661,-2.3664],[12.969,-2.3724],[12.9824,-2.3717],[12.994,-2.3601],[13.0121,-2.342],[13.025,-2.3382],[13.0498,-2.3426],[13.1143,-2.3719],[13.1352,-2.377],[13.1462,-2.3747],[13.1653,-2.3635],[13.1768,-2.362],[13.1867,-2.3641],[13.361,-2.4288],[13.3788,-2.4309],[13.398,-2.4262],[13.4197,-2.4297],[13.4249,-2.4298],[13.439,-2.4254],[13.4454,-2.4271],[13.4537,-2.4394],[13.4589,-2.441],[13.4694,-2.435],[13.474,-2.427],[13.4768,-2.4177],[13.4823,-2.4081],[13.4922,-2.3985],[13.5246,-2.376],[13.5331,-2.3677],[13.5477,-2.3494],[13.5576,-2.3405],[13.5695,-2.3345],[13.5934,-2.3268],[13.6034,-2.32],[13.6078,-2.3111],[13.6107,-2.2899],[13.6174,-2.2796],[13.6935,-2.2059],[13.7016,-2.1947],[13.7052,-2.1843],[13.7068,-2.1646],[13.7095,-2.1535],[13.72,-2.1336],[13.7409,-2.1025],[13.7432,-2.0971],[13.7464,-2.0983],[13.7569,-2.1059],[13.7707,-2.1191],[13.7828,-2.138],[13.7914,-2.1591],[13.8005,-2.2004],[13.8233,-2.2468],[13.8356,-2.2652],[13.8539,-2.2838],[13.8606,-2.2937],[13.8639,-2.3215],[13.8716,-2.3288],[13.8822,-2.3339],[13.8925,-2.3412],[13.9062,-2.3598],[13.9019,-2.3663],[13.89,-2.3737],[13.8759,-2.4038],[13.8551,-2.4143],[13.8477,-2.4231],[13.8469,-2.4616],[13.8458,-2.4666],[13.8621,-2.4809],[13.885,-2.4885],[13.9095,-2.4897],[13.9304,-2.4854],[13.9477,-2.4749],[13.9573,-2.4706],[13.967,-2.4706],[13.9762,-2.4773],[13.9792,-2.4956],[13.9856,-2.5015],[13.9933,-2.5016],[14.0393,-2.4872],[14.0456,-2.4861],[14.0556,-2.4869],[14.071,-2.4958],[14.0809,-2.5],[14.09,-2.4986],[14.096,-2.4911],[14.1006,-2.4781],[14.1068,-2.4603],[14.1152,-2.4514],[14.1249,-2.4438],[14.1319,-2.4351],[14.1315,-2.4089],[14.136,-2.3988],[14.1442,-2.3902],[14.1633,-2.374],[14.1724,-2.3679],[14.1823,-2.3633],[14.2301,-2.3522],[14.2344,-2.3549],[14.227,-2.3231],[14.1512,-2.259],[14.148,-2.2248],[14.1615,-2.2143],[14.1959,-2.2018],[14.2092,-2.1872],[14.2094,-2.1799],[14.2032,-2.162],[14.2043,-2.1522],[14.2097,-2.1474],[14.227,-2.1413],[14.2338,-2.1345],[14.2384,-2.1202],[14.244,-2.0675],[14.2506,-2.0478],[14.2517,-2.0379],[14.2468,-2.0294],[14.2386,-2.0234],[14.2335,-2.0182],[14.2329,-2.012],[14.2381,-2.0026],[14.2376,-1.9911],[14.2401,-1.9823],[14.2451,-1.9748],[14.2522,-1.9676],[14.3686,-1.9221],[14.3707,-1.9213],[14.3973,-1.9068],[14.4045,-1.8931],[14.3969,-1.8494],[14.3975,-1.841],[14.4036,-1.8152],[14.4067,-1.7356],[14.4131,-1.714],[14.4252,-1.7005],[14.4488,-1.6863],[14.4411,-1.6796],[14.42,-1.6761],[14.403,-1.6709],[14.3909,-1.6303],[14.3715,-1.6195],[14.3648,-1.612],[14.3738,-1.6041],[14.3943,-1.5969],[14.4037,-1.5922],[14.4132,-1.5853],[14.4199,-1.5751],[14.424,-1.5636],[14.4304,-1.5549],[14.4631,-1.5487],[14.4627,-1.5336],[14.4516,-1.5156],[14.4384,-1.5026],[14.451,-1.4737],[14.4527,-1.4496],[14.4563,-1.4402],[14.4679,-1.429],[14.4806,-1.4208],[14.4877,-1.4094],[14.4821,-1.3886],[14.447,-1.3653],[14.4323,-1.3501],[14.4263,-1.331],[14.4291,-1.32],[14.436,-1.3127],[14.4443,-1.3063],[14.4516,-1.2982],[14.4571,-1.2876],[14.4608,-1.278],[14.4648,-1.2556],[14.4658,-1.2244],[14.4642,-1.2154],[14.4564,-1.2025],[14.4394,-1.1857],[14.4353,-1.1817],[14.4283,-1.1695],[14.428,-1.1609],[14.4336,-1.1437],[14.4344,-1.1351],[14.431,-1.1234],[14.4203,-1.1018],[14.3918,-1.0233],[14.392,-1.009],[14.4026,-0.9877],[14.4075,-0.9445],[14.4128,-0.9215],[14.4282,-0.8969],[14.4459,-0.8775],[14.4571,-0.8561],[14.4529,-0.8257],[14.4462,-0.8003],[14.446,-0.7757],[14.4516,-0.7512],[14.4922,-0.6634],[14.499,-0.6309],[14.49,-0.6009],[14.4665,-0.5527],[14.4542,-0.5396],[14.4144,-0.5122],[14.3923,-0.4824],[14.3586,-0.4613],[14.3206,-0.4445],[14.2927,-0.4364],[14.2755,-0.4391],[14.26,-0.4464],[14.2447,-0.4516],[14.2285,-0.4478],[14.2102,-0.4403],[14.1931,-0.4404],[14.1765,-0.4461],[14.1597,-0.4551],[14.1579,-0.4177],[14.1506,-0.3765],[14.1383,-0.3364],[14.1214,-0.3022],[14.0954,-0.2766],[14.0588,-0.2588],[14.0187,-0.2526],[13.9823,-0.2623],[13.9751,-0.2525],[13.967,-0.2458],[13.9573,-0.242],[13.9216,-0.2379],[13.9138,-0.2406],[13.91,-0.2472],[13.9073,-0.2544],[13.9031,-0.2588],[13.8898,-0.2637],[13.8834,-0.2649],[13.8774,-0.2605],[13.8312,-0.2054],[13.8322,-0.1771],[13.8427,-0.1523],[13.8881,-0.0921],[13.9005,-0.0756],[13.9107,-0.0659],[13.9211,-0.053],[13.9201,-0.0424],[13.9149,-0.0313],[13.913,-0.0166],[13.9172,-0.0067],[13.9314,0.0116],[13.9329,0.0221],[13.9251,0.0344],[13.9131,0.0365],[13.9014,0.0368],[13.8949,0.0437],[13.8907,0.1159],[13.8859,0.1403],[13.8762,0.1713],[13.8712,0.1964],[13.8758,0.2203],[13.9098,0.2709],[13.9452,0.3504],[13.9665,0.3731],[14.0404,0.4138],[14.0591,0.4353],[14.063,0.4559],[14.0568,0.4764],[14.0456,0.4973],[14.076,0.5395],[14.1255,0.5462],[14.1816,0.5399],[14.2318,0.5426],[14.2453,0.5477],[14.2509,0.5519],[14.2547,0.5571],[14.3288,0.6212],[14.3354,0.6426],[14.3384,0.6939],[14.3673,0.7355],[14.4134,0.775],[14.4476,0.8162],[14.441,0.8628],[14.4376,0.8751],[14.4451,0.8833],[14.457,0.8903],[14.4662,0.8996],[14.4681,0.9132],[14.4604,0.9212],[14.4366,0.9333],[14.4175,0.9506],[14.4008,0.9703],[14.3867,0.9922],[14.3757,1.0156],[14.3601,1.0668],[14.3464,1.0871],[14.2985,1.1092],[14.2829,1.1301],[14.2747,1.1556],[14.2757,1.2311],[14.2731,1.2572],[14.2582,1.3197],[14.2522,1.3308],[14.2414,1.3392],[14.2301,1.3439],[14.2215,1.3495],[14.2199,1.355],[14.2184,1.3606],[14.2065,1.3628],[14.199,1.3683],[14.1925,1.375],[14.1839,1.3808],[14.1445,1.3916],[14.1244,1.3936],[14.1065,1.3889],[14.0707,1.3751],[14.0495,1.3764],[14.0338,1.3876],[14.019,1.4021],[14.0008,1.413],[13.9836,1.4168],[13.7947,1.4344],[13.7806,1.431],[13.7798,1.4263],[13.7704,1.4004],[13.7582,1.3765],[13.7548,1.3743],[13.7441,1.3703],[13.7411,1.3713],[13.7294,1.3769],[13.7244,1.378],[13.7175,1.3754],[13.7056,1.366],[13.6991,1.3628],[13.6807,1.3594],[13.6715,1.3588],[13.6621,1.3592],[13.6422,1.3574],[13.6281,1.3481],[13.6151,1.3374],[13.5792,1.3235],[13.5564,1.2928],[13.5434,1.2835],[13.51,1.2773],[13.4798,1.2771],[13.4489,1.2831],[13.4139,1.2955],[13.3987,1.2969],[13.3769,1.2944],[13.3574,1.2891],[13.3493,1.2816],[13.3429,1.2639],[13.326,1.2593],[13.3078,1.2567],[13.2892,1.234],[13.2709,1.226],[13.2502,1.2218],[13.2158,1.2244],[13.1955,1.2211],[13.1849,1.2225],[13.1849,1.2226],[13.1818,1.2365],[13.1723,1.2429],[13.1603,1.2477],[13.1502,1.2566],[13.1692,1.2586],[13.1766,1.2709],[13.1804,1.2848],[13.1883,1.2914],[13.2024,1.2934],[13.2193,1.2992],[13.2336,1.3088],[13.243,1.3289],[13.2491,1.3324],[13.2513,1.3376],[13.2429,1.3498],[13.2396,1.3565],[13.2392,1.3642],[13.2398,1.3723],[13.2384,1.4196],[13.2395,1.428],[13.2235,1.438],[13.2055,1.4864],[13.1849,1.4969],[13.1909,1.5111],[13.1897,1.5247],[13.1826,1.5365],[13.1713,1.5453],[13.1644,1.5378],[13.1459,1.5634],[13.1296,1.5925],[13.1468,1.6123],[13.15,1.6363],[13.144,1.6818],[13.1478,1.7029],[13.1546,1.7217],[13.1575,1.7391],[13.1502,1.7563],[13.1628,1.7636],[13.173,1.7769],[13.1807,1.792],[13.191,1.8287],[13.1925,1.8447],[13.1883,1.8566],[13.1832,1.864],[13.1751,1.8821],[13.1622,1.8998],[13.1663,1.9044],[13.1782,1.9078],[13.1849,1.9235],[13.1917,1.9351],[13.1984,1.9431],[13.2051,1.9493],[13.2102,1.9563],[13.2123,1.9664],[13.2066,1.9852],[13.2069,1.9936],[13.216,1.9972],[13.2213,2.0008],[13.2395,2.0207],[13.2455,2.0253],[13.2811,2.045],[13.2914,2.0689],[13.2949,2.1011],[13.2946,2.1611],[13.4665,2.1595],[13.6203,2.1581],[13.6623,2.1578],[13.824,2.1564],[14.0028,2.1548],[14.1617,2.1534],[14.267,2.1524],[14.2763,2.1536],[14.3203,2.1707],[14.3836,2.1621],[14.3994,2.1532],[14.4187,2.1353],[14.4329,2.1321],[14.4387,2.134],[14.4592,2.1465],[14.5381,2.1634],[14.5471,2.1665],[14.5503,2.1752],[14.548,2.1844],[14.5478,2.1937],[14.5571,2.2024],[14.5621,2.2088],[14.5879,2.2017],[14.6209,2.1648],[14.6448,2.1542],[14.6363,2.1383],[14.6461,2.1334],[14.672,2.1343],[14.686,2.1259],[14.7057,2.1055],[14.7205,2.0996],[14.7137,2.124],[14.7209,2.1276],[14.7479,2.1132],[14.7335,2.102],[14.7273,2.0996],[14.7371,2.0961],[14.7476,2.0972],[14.7563,2.0996],[14.7614,2.0996],[14.7625,2.0925],[14.7616,2.0702],[14.7648,2.0655],[14.8263,2.0723],[14.8412,2.0759],[14.8482,2.0852],[14.8502,2.0974],[14.8502,2.1098],[14.857,2.1159],[14.8715,2.1017],[14.8846,2.0821],[14.8878,2.0723],[14.9073,2.0589],[14.8966,2.0309],[14.8925,2.0064],[14.9321,2.0033],[14.9538,2.0058],[14.963,2.0104],[14.971,2.0345],[14.9807,2.0331],[15.0283,1.9953],[15.0437,1.9909],[15.0631,1.9972],[15.0749,1.9794],[15.0916,1.9844],[15.1076,2.0008],[15.1178,2.017],[15.1239,2.017],[15.1385,2.0115],[15.1517,2.041],[15.1836,2.0293],[15.197,2.035],[15.2126,2.0396],[15.2337,2.0313],[15.2387,2.0253],[15.2442,2.0101],[15.2481,2.0033],[15.2536,2.0003],[15.2876,1.9878],[15.2954,1.9815],[15.3011,1.9738],[15.3033,1.9664],[15.3019,1.9533],[15.3002,1.9477],[15.3016,1.9436],[15.3095,1.9351],[15.3143,1.9343],[15.3378,1.9238],[15.3374,1.9215],[15.3492,1.9233],[15.368,1.9329],[15.3881,1.9395],[15.4392,1.9698],[15.4829,1.9759],[15.5266,1.9678],[15.6118,1.9425],[15.7068,1.932],[15.7111,1.9274],[15.7216,1.9216],[15.7341,1.9167],[15.7574,1.913],[15.7646,1.9087],[15.8029,1.86],[15.8154,1.8534],[15.8421,1.8442],[15.8659,1.8285],[15.8757,1.8238],[15.8824,1.8167],[15.885,1.8016],[15.8899,1.7933],[15.9018,1.7937],[15.9152,1.799],[15.9259,1.8047],[15.929,1.789],[15.9438,1.7816],[15.9632,1.7774],[15.9804,1.7706],[15.9908,1.7762],[16.0028,1.7759],[16.0138,1.7713],[16.022,1.7638],[16.0263,1.7523],[16.0249,1.7425],[16.022,1.733],[16.022,1.7228],[16.0305,1.7054],[16.0699,1.6546],[16.1148,1.7191],[16.1236,1.7216],[16.1451,1.7143],[16.1558,1.7191],[16.159,1.7348],[16.1351,1.8453],[16.1014,1.9328],[16.0835,1.963],[16.0749,1.9706],[16.0687,1.9736],[16.0649,1.9789],[16.0638,2.0159],[16.0664,2.0255],[16.0817,2.0468],[16.0815,2.0556],[16.0781,2.0634],[16.0767,2.0723],[16.0762,2.0728],[16.0755,2.0755],[16.0755,2.08],[16.0767,2.0859],[16.0797,2.0903],[16.0841,2.0916],[16.0881,2.0918],[16.0903,2.0927],[16.0925,2.1069],[16.0898,2.1162],[16.0856,2.1249],[16.0835,2.1378],[16.0858,2.1492],[16.0978,2.1715],[16.1044,2.1936],[16.1204,2.2033],[16.1406,2.1998],[16.1593,2.1821],[16.1995,2.2122],[16.2077,2.2231],[16.2023,2.232],[16.1967,2.2365],[16.248,2.3456],[16.2935,2.4421],[16.3256,2.5105],[16.3711,2.6069],[16.4137,2.6972],[16.4275,2.7265],[16.4506,2.7756],[16.4791,2.8363],[16.4838,2.8604],[16.475,2.8784],[16.4605,2.8946],[16.4483,2.9135],[16.4455,2.9577],[16.4842,3.0319],[16.4908,3.0678],[16.4832,3.0901],[16.4727,3.1106],[16.4648,3.1318],[16.4655,3.1565],[16.4771,3.1794],[16.5115,3.2272],[16.5172,3.2487],[16.5178,3.2732],[16.5428,3.3362],[16.5517,3.4198],[16.5677,3.4644],[16.5985,3.5017],[16.6394,3.5286],[16.6864,3.5422],[16.7094,3.5437],[16.7296,3.5422],[16.8119,3.5217],[16.833,3.5229],[16.8526,3.5328],[16.8546,3.5413],[16.8518,3.5519],[16.8532,3.5601],[16.8678,3.5615],[16.8772,3.5592],[16.8955,3.5524],[16.9047,3.5506],[16.9324,3.5539],[16.9423,3.5531],[16.9532,3.5469],[16.9605,3.5384],[16.9686,3.5335],[16.9819,3.538],[16.9897,3.5395],[17.0031,3.5377],[17.0092,3.5381],[17.0176,3.5418],[17.0289,3.5515],[17.0358,3.5561],[17.0524,3.564],[17.0614,3.5661],[17.0884,3.5644],[17.1021,3.5666],[17.129,3.5771],[17.1428,3.5808],[17.1829,3.5796],[17.1972,3.5817],[17.214,3.5893],[17.223,3.5985],[17.2311,3.6091],[17.245,3.6206],[17.2594,3.6259],[17.2723,3.6246],[17.2981,3.6159],[17.3344,3.6185],[17.3558,3.6384],[17.3757,3.6634],[17.4145,3.6834],[17.4275,3.6901],[17.4427,3.7013],[17.4589,3.7083],[17.4819,3.7048],[17.4862,3.7003],[17.4901,3.6871],[17.495,3.6832],[17.5089,3.6818],[17.5135,3.6792],[17.5505,3.6482],[17.5868,3.6322],[17.6273,3.6263],[17.7091,3.6264],[17.7145,3.6275],[17.7261,3.6318],[17.7332,3.6322],[17.7399,3.6292],[17.7496,3.6181],[17.7559,3.6145],[17.7651,3.6144],[17.7845,3.6182],[17.7932,3.6175],[17.8083,3.6086],[17.8212,3.594],[17.8306,3.5757],[17.8353,3.5558],[17.8421,3.5401],[17.8564,3.5373],[17.8753,3.5427],[17.9136,3.5613],[17.9192,3.5656],[17.9245,3.5635],[17.9599,3.5411],[17.9695,3.5375],[17.9819,3.5388],[18.0131,3.554],[18.0471,3.5631],[18.082,3.5635],[18.1164,3.552],[18.134,3.5348],[18.1467,3.4949],[18.1599,3.4803],[18.1816,3.4774],[18.2025,3.4873],[18.22,3.5039],[18.2316,3.5212],[18.2354,3.5309],[18.2425,3.5611],[18.2485,3.5749],[18.2559,3.5772],[18.2649,3.5747],[18.2759,3.5744],[18.3556,3.5815],[18.3616,3.5802],[18.3729,3.5745],[18.3799,3.5744],[18.3837,3.578],[18.3878,3.5917],[18.3923,3.5959],[18.4037,3.5974],[18.4206,3.5964],[18.4297,3.6002],[18.448,3.618],[18.4591,3.6314],[18.4721,3.6321],[18.4971,3.6115],[18.5134,3.5922],[18.5543,3.5264],[18.5703,3.4896],[18.5825,3.4774],[18.6264,3.4769]]]}},{"type":"Feature","properties":{"ADM0_A3":"COD","NAME":"Dem. Rep. Congo"},"geometry":{"type":"MultiPolygon","coordinates":[[[[18.6264,3.4769],[18.593,3.7098],[18.6128,3.8337],[18.612,3.8666],[18.6117,3.8791],[18.6137,3.9015],[18.6346,3.9357],[18.6416,3.9583],[18.6453,3.9824],[18.6465,4.046],[18.6327,4.1304],[18.6197,4.1696],[18.5839,4.2358],[18.5786,4.2549],[18.5725,4.2657],[18.545,4.289],[18.5371,4.3061],[18.5419,4.3279],[18.5568,4.3542],[18.5765,4.3728],[18.5958,4.3713],[18.6143,4.3598],[18.6339,4.356],[18.6541,4.3572],[18.6743,4.3613],[18.7211,4.3774],[18.7533,4.4006],[18.777,4.4335],[18.8282,4.56],[18.8524,4.5941],[18.8865,4.6214],[18.8979,4.6506],[18.9002,4.6521],[18.9045,4.6559],[18.9238,4.6629],[18.9282,4.6664],[18.9623,4.7244],[18.9805,4.7394],[18.998,4.7506],[19.0116,4.765],[19.0197,4.8033],[19.0269,4.8115],[19.0358,4.818],[19.0441,4.8269],[19.049,4.8365],[19.0578,4.8678],[19.069,4.8913],[19.0833,4.9093],[19.1067,4.9315],[19.1162,4.9404],[19.133,4.9469],[19.179,4.9464],[19.1957,4.9503],[19.2147,4.9761],[19.2298,5.0022],[19.237,5.0108],[19.2838,5.0323],[19.3731,5.0875],[19.3942,5.117],[19.409,5.1304],[19.4315,5.136],[19.4965,5.1338],[19.5171,5.136],[19.5486,5.1514],[19.5688,5.1552],[19.6056,5.1383],[19.7196,5.136],[19.7287,5.1338],[19.7488,5.1244],[19.7792,5.1182],[19.8247,5.097],[19.8386,5.0875],[19.8502,5.0737],[19.8582,5.0603],[19.8755,5.0311],[19.8804,5.0155],[19.8909,5.0021],[19.9154,4.9931],[20.004,4.9745],[20.0311,4.958],[20.0546,4.9378],[20.0863,4.9163],[20.1526,4.8907],[20.1717,4.8784],[20.2172,4.8224],[20.2366,4.8063],[20.2548,4.7971],[20.3017,4.7816],[20.3225,4.7791],[20.3389,4.7719],[20.354,4.7554],[20.3737,4.7244],[20.3955,4.6771],[20.4037,4.6698],[20.4206,4.6624],[20.4402,4.6441],[20.4565,4.6215],[20.4631,4.6009],[20.4572,4.5864],[20.4471,4.5697],[20.4421,4.5505],[20.4523,4.5289],[20.4567,4.5248],[20.5598,4.4284],[20.5803,4.415],[20.6031,4.4097],[20.6884,4.4228],[20.7679,4.4228],[20.7918,4.4262],[20.807,4.4343],[20.8187,4.4435],[20.8324,4.4507],[20.8715,4.4534],[20.9635,4.4337],[21.0596,4.3986],[21.0761,4.3955],[21.0842,4.3882],[21.1034,4.3533],[21.1136,4.3408],[21.138,4.3327],[21.1501,4.3267],[21.1581,4.3102],[21.1656,4.3072],[21.1856,4.3061],[21.1957,4.3029],[21.203,4.2966],[21.2109,4.2916],[21.2234,4.2925],[21.2324,4.2978],[21.2391,4.3056],[21.2446,4.3138],[21.2507,4.3204],[21.2584,4.326],[21.2659,4.3301],[21.2753,4.3325],[21.2883,4.3334],[21.2989,4.3302],[21.3055,4.3231],[21.3104,4.3161],[21.3583,4.2856],[21.3748,4.2782],[21.3977,4.2716],[21.4169,4.2701],[21.4602,4.2719],[21.4731,4.2693],[21.4824,4.2631],[21.4899,4.2563],[21.4972,4.2515],[21.5081,4.2494],[21.5278,4.2493],[21.5381,4.2447],[21.6342,4.2942],[21.6511,4.2957],[21.6889,4.2925],[21.7229,4.2951],[21.7373,4.2934],[21.7585,4.2856],[21.7632,4.2817],[21.766,4.2772],[21.771,4.2735],[21.7821,4.2719],[21.811,4.2732],[21.8199,4.2719],[21.8381,4.2633],[21.8519,4.2517],[21.8677,4.2416],[21.8916,4.2372],[21.9499,4.2335],[21.9708,4.2372],[21.9803,4.2406],[21.9845,4.2429],[21.9896,4.2442],[22.0015,4.2447],[22.0089,4.2424],[22.0366,4.2294],[22.0578,4.2195],[22.1084,4.2098],[22.1279,4.2031],[22.133,4.1987],[22.1517,4.1795],[22.1619,4.1732],[22.1847,4.1646],[22.2073,4.1503],[22.3033,4.1287],[22.4226,4.1348],[22.4318,4.1386],[22.4515,4.1467],[22.4574,4.1491],[22.4927,4.174],[22.5105,4.1913],[22.5182,4.2068],[22.5222,4.2113],[22.5405,4.2273],[22.5461,4.2372],[22.5457,4.2459],[22.5397,4.2669],[22.5393,4.2782],[22.5686,4.3315],[22.5765,4.3408],[22.588,4.3442],[22.5999,4.3526],[22.6093,4.3634],[22.6137,4.3744],[22.6113,4.3819],[22.594,4.4023],[22.589,4.422],[22.587,4.4494],[22.5924,4.4737],[22.6103,4.4842],[22.6544,4.4828],[22.6756,4.4847],[22.6895,4.4917],[22.6951,4.5015],[22.6971,4.512],[22.697,4.5357],[22.7001,4.5411],[22.7137,4.5512],[22.7168,4.5565],[22.719,4.5628],[22.7287,4.5803],[22.7311,4.5873],[22.7298,4.5967],[22.7238,4.617],[22.7236,4.6288],[22.7379,4.6378],[22.7487,4.6483],[22.7574,4.6608],[22.7652,4.676],[22.7764,4.7101],[22.786,4.7246],[22.8029,4.7306],[22.8181,4.7246],[22.8373,4.7142],[22.8538,4.7113],[22.8653,4.7387],[22.8873,4.7555],[22.8956,4.7654],[22.8868,4.7767],[22.8824,4.7885],[22.8829,4.8007],[22.8888,4.8132],[22.8984,4.8236],[22.9059,4.8242],[22.9152,4.8212],[22.9297,4.8206],[22.9415,4.8247],[22.953,4.8308],[22.965,4.8353],[22.9774,4.8343],[22.9857,4.8264],[22.9962,4.7995],[23.0072,4.7784],[23.0111,4.7636],[23.0173,4.7505],[23.0293,4.7449],[23.0428,4.743],[23.0552,4.7378],[23.0666,4.7302],[23.0774,4.7211],[23.0994,4.7117],[23.1239,4.7156],[23.1687,4.7381],[23.1837,4.7253],[23.2086,4.6905],[23.2208,4.6835],[23.2242,4.6801],[23.2518,4.663],[23.2649,4.6351],[23.2731,4.632],[23.2951,4.6276],[23.2996,4.6251],[23.302,4.6217],[23.313,4.6102],[23.3164,4.6077],[23.3359,4.6068],[23.354,4.6036],[23.3712,4.5973],[23.3884,4.5873],[23.396,4.5916],[23.4145,4.5908],[23.4226,4.5941],[23.4274,4.6013],[23.4284,4.6086],[23.4283,4.6173],[23.43,4.6288],[23.4372,4.6466],[23.4483,4.6594],[23.4651,4.6672],[23.4884,4.6698],[23.5061,4.6764],[23.5666,4.7244],[23.588,4.734],[23.634,4.7451],[23.6727,4.7672],[23.6928,4.7734],[23.7379,4.7791],[23.76,4.7874],[23.7985,4.8147],[23.8167,4.8206],[23.8282,4.8193],[23.8479,4.814],[23.8552,4.8132],[23.8644,4.8161],[23.8747,4.825],[23.8819,4.8269],[23.9244,4.8178],[23.9483,4.8177],[23.9474,4.8306],[23.9428,4.8405],[23.9432,4.8517],[23.9465,4.8616],[23.9508,4.8678],[23.9571,4.8708],[23.9631,4.8687],[23.978,4.8541],[23.9958,4.8651],[24.0469,4.8889],[24.0725,4.9103],[24.0896,4.9202],[24.1084,4.9231],[24.1199,4.9189],[24.1392,4.9054],[24.1528,4.9026],[24.1629,4.9078],[24.1909,4.9442],[24.2096,4.9562],[24.2298,4.9612],[24.2462,4.9541],[24.253,4.9299],[24.2592,4.9299],[24.2677,4.9357],[24.2696,4.9432],[24.2697,4.9525],[24.273,4.964],[24.2846,4.9924],[24.2865,4.9951],[24.2966,5.0033],[24.3685,5.0124],[24.3861,5.0224],[24.3986,5.036],[24.3969,5.0482],[24.372,5.0534],[24.3612,5.0629],[24.3678,5.0845],[24.3825,5.1079],[24.3964,5.1223],[24.4016,5.1115],[24.4115,5.0819],[24.4169,5.0733],[24.4307,5.0674],[24.4335,5.0755],[24.4331,5.0893],[24.4367,5.1006],[24.4596,5.1074],[24.4808,5.1023],[24.4872,5.1008],[24.5137,5.0872],[24.533,5.0733],[24.5387,5.0656],[24.5474,5.0465],[24.5535,5.0391],[24.5634,5.0349],[24.5886,5.0311],[24.6012,5.0261],[24.6101,5.0167],[24.61,4.9967],[24.6155,4.9851],[24.6275,4.9769],[24.6569,4.9673],[24.6708,4.9572],[24.6574,4.9398],[24.6542,4.9294],[24.6644,4.9244],[24.7306,4.9175],[24.7498,4.9187],[24.7664,4.9299],[24.7783,4.9185],[24.7894,4.9199],[24.8001,4.9289],[24.811,4.9404],[24.8195,4.9445],[24.8277,4.9419],[24.8369,4.9377],[24.8483,4.9367],[24.8682,4.9444],[24.9044,4.9668],[24.9271,4.9715],[24.9324,4.9744],[24.9509,4.9877],[24.9581,4.9913],[24.9694,4.9914],[25.0065,4.9809],[25.0406,4.9621],[25.0761,4.9518],[25.0848,4.9542],[25.0905,4.9745],[25.1009,4.9946],[25.1053,4.9988],[25.1143,5.0018],[25.1217,5.0086],[25.1295,5.0186],[25.1402,5.018],[25.1476,5.0141],[25.1546,5.0093],[25.1637,5.0056],[25.2275,5.0096],[25.2393,5.0155],[25.2485,5.0241],[25.2923,5.0283],[25.3076,5.0323],[25.3168,5.0423],[25.321,5.0523],[25.3219,5.077],[25.325,5.0881],[25.3392,5.1052],[25.3424,5.1115],[25.3438,5.1219],[25.3493,5.1417],[25.3486,5.149],[25.3412,5.1556],[25.3215,5.1592],[25.3145,5.1633],[25.3077,5.1853],[25.3162,5.2022],[25.3289,5.216],[25.3355,5.2284],[25.3372,5.2517],[25.3434,5.2719],[25.3559,5.2864],[25.3765,5.293],[25.3636,5.3106],[25.3707,5.3168],[25.3854,5.3215],[25.3957,5.334],[25.4134,5.3236],[25.4351,5.3287],[25.4799,5.3532],[25.482,5.3569],[25.4849,5.3553],[25.4956,5.3445],[25.5045,5.3423],[25.529,5.3519],[25.5408,5.3544],[25.5328,5.3722],[25.5437,5.3753],[25.5618,5.373],[25.5751,5.3749],[25.5813,5.3749],[25.589,5.3623],[25.5923,5.3492],[25.6005,5.3404],[25.6229,5.3408],[25.6198,5.3372],[25.6172,5.3336],[25.6142,5.3299],[25.6092,5.3265],[25.6092,5.3203],[25.6234,5.3099],[25.6311,5.3118],[25.6379,5.318],[25.6501,5.3203],[25.6558,5.3178],[25.6631,5.3092],[25.6676,5.3072],[25.6689,5.3061],[25.6911,5.2998],[25.7051,5.2896],[25.7328,5.2589],[25.7437,5.2506],[25.758,5.2444],[25.7717,5.2455],[25.7811,5.2589],[25.7693,5.2652],[25.7784,5.2691],[25.7923,5.2628],[25.7947,5.2384],[25.7994,5.2401],[25.8102,5.2427],[25.8146,5.2446],[25.8114,5.2309],[25.8142,5.2216],[25.819,5.2146],[25.8261,5.1947],[25.8362,5.2],[25.8461,5.2117],[25.8494,5.2179],[25.8724,5.2171],[25.8836,5.2035],[25.893,5.1852],[25.9109,5.1701],[25.9125,5.1904],[25.9256,5.2018],[25.9432,5.2041],[25.9586,5.1974],[25.9584,5.2148],[25.9628,5.2245],[25.9719,5.2277],[25.986,5.2253],[25.9966,5.2192],[26.0139,5.1992],[26.0269,5.19],[26.0374,5.198],[26.051,5.2002],[26.0627,5.2001],[26.0678,5.2008],[26.0705,5.2122],[26.0771,5.2163],[26.086,5.2152],[26.0952,5.2111],[26.0917,5.2191],[26.0884,5.2446],[26.0934,5.2414],[26.0984,5.2396],[26.1045,5.2386],[26.1125,5.2384],[26.1196,5.2415],[26.1251,5.2486],[26.13,5.2589],[26.1442,5.2518],[26.1508,5.24],[26.1573,5.2325],[26.1709,5.2384],[26.1753,5.2337],[26.1817,5.2296],[26.1845,5.2253],[26.1952,5.2348],[26.1983,5.2384],[26.2072,5.2077],[26.2136,5.1991],[26.2262,5.2043],[26.2257,5.199],[26.2262,5.1831],[26.2307,5.1852],[26.2421,5.1881],[26.2466,5.19],[26.254,5.1723],[26.2725,5.1591],[26.2918,5.151],[26.3173,5.1464],[26.3364,5.1486],[26.3533,5.1478],[26.3627,5.136],[26.3694,5.1406],[26.3906,5.149],[26.4001,5.1336],[26.4143,5.1227],[26.4294,5.1138],[26.4419,5.1043],[26.4607,5.066],[26.4627,5.0596],[26.4752,5.0573],[26.5025,5.0475],[26.5198,5.046],[26.5283,5.0481],[26.5415,5.0531],[26.5542,5.0598],[26.5614,5.0671],[26.5682,5.0596],[26.5799,5.0743],[26.5984,5.0806],[26.6155,5.0782],[26.6235,5.0671],[26.6297,5.0671],[26.6357,5.0776],[26.644,5.0783],[26.6576,5.0733],[26.6676,5.0783],[26.6812,5.0893],[26.6917,5.0944],[26.7394,5.0944],[26.7537,5.0923],[26.7606,5.0881],[26.8019,5.0445],[26.8084,5.0391],[26.8157,5.0402],[26.8261,5.0508],[26.8327,5.0534],[26.8395,5.0512],[26.845,5.0463],[26.8484,5.0414],[26.8493,5.0391],[26.8671,5.0375],[26.8727,5.0418],[26.8841,5.0534],[26.8896,5.0621],[26.8992,5.086],[26.904,5.0944],[26.9337,5.1266],[26.9616,5.1512],[26.9917,5.1713],[27.0275,5.19],[27.0737,5.2033],[27.1164,5.2003],[27.1575,5.1854],[27.2397,5.1449],[27.2628,5.1384],[27.2844,5.136],[27.3019,5.132],[27.3157,5.1224],[27.3286,5.1108],[27.3428,5.1006],[27.3514,5.0973],[27.3612,5.0955],[27.3803,5.0944],[27.3914,5.0922],[27.4053,5.0828],[27.4148,5.0807],[27.4413,5.0707],[27.4431,5.0578],[27.4363,5.0132],[27.4418,5.008],[27.4479,5.0035],[27.4545,4.9998],[27.4616,4.9969],[27.4928,4.973],[27.5013,4.9633],[27.505,4.9539],[27.5092,4.9324],[27.5146,4.9224],[27.5326,4.9076],[27.5527,4.9005],[27.641,4.8909],[27.6588,4.8797],[27.6719,4.8559],[27.6797,4.8145],[27.6859,4.7979],[27.6991,4.7874],[27.7065,4.7874],[27.7258,4.7928],[27.7348,4.7932],[27.7442,4.7878],[27.7526,4.7777],[27.7592,4.7663],[27.7631,4.7571],[27.7669,4.7354],[27.7588,4.6772],[27.7608,4.636],[27.7652,4.6121],[27.7724,4.5958],[27.7769,4.5957],[27.8014,4.5906],[27.8092,4.588],[27.8195,4.5796],[27.8377,4.56],[27.8491,4.5532],[27.8569,4.5525],[27.8855,4.5567],[27.891,4.5558],[27.9079,4.5487],[27.914,4.5493],[27.9164,4.5536],[27.917,4.5584],[27.9179,4.5608],[27.9161,4.5622],[27.9203,4.5653],[27.9292,4.57],[27.9343,4.5682],[27.9445,4.5573],[27.9512,4.556],[27.9625,4.5574],[28.014,4.55],[28.0171,4.5391],[28.0121,4.5218],[28.0089,4.4991],[28.0096,4.4884],[28.0112,4.4801],[28.0142,4.4722],[28.019,4.4628],[28.0497,4.4191],[28.0598,4.4201],[28.0763,4.4377],[28.0856,4.4433],[28.1017,4.4421],[28.1083,4.434],[28.1124,4.4146],[28.1402,4.3793],[28.1587,4.3608],[28.1776,4.3472],[28.217,4.342],[28.261,4.3504],[28.3032,4.3522],[28.3369,4.3275],[28.3458,4.3064],[28.3491,4.2923],[28.3574,4.2829],[28.3815,4.2753],[28.4041,4.2778],[28.4254,4.2908],[28.4439,4.3085],[28.4824,4.359],[28.4968,4.369],[28.5193,4.3744],[28.5288,4.3738],[28.5385,4.3718],[28.5482,4.3708],[28.5573,4.3735],[28.5643,4.3826],[28.5667,4.3941],[28.5705,4.4051],[28.5824,4.4126],[28.6237,4.4224],[28.6386,4.4321],[28.6537,4.4527],[28.6952,4.5326],[28.7041,4.534],[28.7245,4.534],[28.7382,4.5409],[28.7469,4.5493],[28.7554,4.554],[28.7692,4.5498],[28.7836,4.5304],[28.7851,4.508],[28.79,4.4886],[28.8153,4.4783],[28.8257,4.4784],[28.8562,4.4825],[28.9036,4.4786],[28.9256,4.4808],[28.9862,4.4959],[28.9941,4.4875],[29.0423,4.4553],[29.0532,4.4508],[29.056,4.4365],[29.0589,4.4377],[29.0986,4.4205],[29.1098,4.4124],[29.1735,4.348],[29.1961,4.3371],[29.2213,4.3407],[29.2287,4.3567],[29.2316,4.3755],[29.2428,4.3874],[29.2674,4.3879],[29.2874,4.3836],[29.3039,4.3871],[29.3187,4.4111],[29.3289,4.4349],[29.3389,4.4495],[29.3902,4.4938],[29.4026,4.5121],[29.4109,4.5323],[29.4173,4.5555],[29.4239,4.5661],[29.4427,4.5834],[29.4446,4.5945],[29.4437,4.6047],[29.4468,4.6221],[29.4492,4.6571],[29.4576,4.6695],[29.4726,4.6722],[29.4941,4.6683],[29.4981,4.6656],[29.5085,4.6554],[29.5133,4.6521],[29.5288,4.6599],[29.535,4.6607],[29.5464,4.6574],[29.5767,4.6444],[29.6068,4.6439],[29.6185,4.6416],[29.6603,4.6221],[29.6719,4.614],[29.7008,4.5883],[29.7153,4.5797],[29.7229,4.5782],[29.7451,4.5839],[29.7518,4.5813],[29.7745,4.5675],[29.7846,4.5633],[29.7967,4.556],[29.7933,4.5454],[29.7883,4.5394],[29.7837,4.5338],[29.7777,4.5239],[29.7785,4.5151],[29.7854,4.4986],[29.787,4.4897],[29.7857,4.4794],[29.7768,4.4493],[29.7762,4.4056],[29.7878,4.3688],[29.8149,4.3468],[29.8607,4.3473],[29.8827,4.344],[29.9085,4.3292],[29.9303,4.3087],[29.9401,4.2883],[29.9369,4.2783],[29.9293,4.2684],[29.9232,4.2578],[29.9241,4.2456],[29.9322,4.2362],[29.9426,4.2338],[29.9542,4.2338],[29.966,4.2318],[29.9894,4.2178],[30.0048,4.1993],[30.0279,4.1544],[30.0429,4.1331],[30.0578,4.1237],[30.0998,4.1151],[30.1227,4.1025],[30.133,4.0828],[30.1385,4.0597],[30.1475,4.0367],[30.1716,4.0082],[30.1781,3.9971],[30.1804,3.9862],[30.1805,3.9756],[30.1821,3.9655],[30.1894,3.9561],[30.2059,3.9504],[30.2709,3.9495],[30.3379,3.9279],[30.4189,3.8797],[30.4568,3.8676],[30.4657,3.8661],[30.4859,3.8656],[30.4955,3.8671],[30.5055,3.8698],[30.5155,3.8708],[30.5252,3.8675],[30.5389,3.8415],[30.5629,3.6949],[30.5622,3.6753],[30.5549,3.6364],[30.5493,3.6241],[30.5434,3.6179],[30.543,3.6129],[30.5535,3.6045],[30.5622,3.6014],[30.5726,3.601],[30.5924,3.6035],[30.6049,3.6067],[30.6365,3.6241],[30.6538,3.6306],[30.6654,3.6321],[30.6934,3.6319],[30.7146,3.6438],[30.7313,3.6635],[30.7469,3.6749],[30.7651,3.6617],[30.7692,3.6518],[30.7723,3.6176],[30.7791,3.6026],[30.7921,3.5927],[30.8232,3.5804],[30.8377,3.5627],[30.8277,3.5111],[30.8395,3.4902],[30.8612,3.4982],[30.8802,3.5144],[30.8964,3.52],[30.9093,3.4961],[30.9096,3.4872],[30.9029,3.4589],[30.9044,3.4475],[30.9145,3.4265],[30.9163,3.4148],[30.91,3.3934],[30.9049,3.386],[30.8973,3.375],[30.8685,3.3433],[30.8487,3.3093],[30.8469,3.3044],[30.8456,3.2939],[30.8424,3.2887],[30.8378,3.2864],[30.8257,3.2837],[30.8221,3.2814],[30.8042,3.246],[30.7634,3.1234],[30.7479,3.0767],[30.7438,3.0555],[30.7451,3.0363],[30.7571,3.0215],[30.8036,2.9891],[30.8209,2.9732],[30.844,2.9328],[30.8548,2.8932],[30.8534,2.8534],[30.8287,2.7861],[30.8219,2.7762],[30.8179,2.7742],[30.8058,2.7719],[30.8016,2.7691],[30.7991,2.7635],[30.7989,2.7535],[30.7977,2.7484],[30.7643,2.6584],[30.762,2.6458],[30.7613,2.6416],[30.7589,2.6338],[30.7394,2.6033],[30.7353,2.5931],[30.734,2.5745],[30.7378,2.5375],[30.737,2.5195],[30.7294,2.5035],[30.7168,2.4831],[30.7077,2.4623],[30.7106,2.4451],[30.7249,2.4408],[30.795,2.4401],[30.8049,2.4344],[30.8071,2.4222],[30.807,2.407],[30.8097,2.3924],[30.8198,2.376],[30.8363,2.3563],[30.8549,2.3397],[30.8718,2.3321],[30.9006,2.346],[30.9145,2.3782],[30.9309,2.4056],[30.968,2.4054],[30.9849,2.3946],[31.0413,2.3312],[31.0436,2.327],[31.0459,2.3197],[31.0444,2.3139],[31.0388,2.311],[31.0355,2.3069],[31.0407,2.2979],[31.0552,2.2902],[31.0991,2.2827],[31.1126,2.2821],[31.1292,2.2847],[31.1776,2.3029],[31.1791,2.2598],[31.1825,2.2387],[31.1901,2.2215],[31.2109,2.2053],[31.2675,2.1733],[31.2787,2.156],[31.2804,2.1534],[31.2801,2.1514],[31.2715,2.103],[31.2428,2.0512],[31.1833,1.9762],[31.1191,1.8954],[31.096,1.8664],[31.0258,1.7782],[30.9544,1.7207],[30.817,1.6095],[30.6817,1.5003],[30.5973,1.3917],[30.5537,1.3356],[30.4783,1.2386],[30.4583,1.2217],[30.4456,1.2128],[30.4316,1.207],[30.4127,1.202],[30.3993,1.2006],[30.3766,1.2031],[30.3649,1.202],[30.3482,1.189],[30.3361,1.1689],[30.3238,1.1558],[30.3066,1.1639],[30.2957,1.1726],[30.2865,1.1743],[30.278,1.1716],[30.2693,1.1673],[30.2389,1.136],[30.2362,1.1295],[30.2341,1.1081],[30.2315,1.0978],[30.228,1.089],[30.2153,1.0771],[30.2156,1.0578],[30.221,1.0171],[30.2141,0.9985],[30.1915,0.9749],[30.1869,0.9588],[30.1838,0.9551],[30.1657,0.9214],[30.1548,0.9087],[30.1451,0.9032],[30.0384,0.8789],[29.9964,0.8599],[29.9822,0.849],[29.9602,0.8321],[29.9473,0.8246],[29.9283,0.785],[29.9268,0.7749],[29.9323,0.7232],[29.92,0.6387],[29.9195,0.6181],[29.938,0.5373],[29.9405,0.4983],[29.9261,0.4671],[29.9229,0.4602],[29.9039,0.4382],[29.8511,0.3772],[29.8396,0.3585],[29.8326,0.337],[29.8006,0.1724],[29.7971,0.1648],[29.7872,0.1585],[29.7804,0.1612],[29.773,0.1675],[29.7613,0.1721],[29.7558,0.1609],[29.7118,0.0996],[29.7031,0.0725],[29.7016,0.0552],[29.7135,0.0116],[29.7143,-0.0075],[29.709,-0.0263],[29.694,-0.0631],[29.6766,-0.1651],[29.6706,-0.2009],[29.654,-0.2989],[29.651,-0.3165],[29.6294,-0.4424],[29.6319,-0.4612],[29.6346,-0.467],[29.6451,-0.4889],[29.6497,-0.5043],[29.6531,-0.5656],[29.6509,-0.5796],[29.6428,-0.585],[29.6322,-0.5858],[29.6229,-0.5884],[29.6188,-0.5994],[29.6205,-0.6054],[29.6282,-0.616],[29.6306,-0.622],[29.6293,-0.6298],[29.6244,-0.6348],[29.6188,-0.639],[29.6155,-0.6441],[29.603,-0.7229],[29.6022,-0.7438],[29.6111,-0.7827],[29.6134,-0.8038],[29.6108,-0.864],[29.608,-0.8784],[29.5967,-0.8919],[29.5672,-0.9019],[29.556,-0.9195],[29.5547,-0.9286],[29.5553,-0.9385],[29.5592,-0.9573],[29.5603,-0.9721],[29.5565,-0.9818],[29.5515,-0.9903],[29.5514,-0.9906],[29.5485,-1.0026],[29.5512,-1.0201],[29.5659,-1.0586],[29.5701,-1.0779],[29.5691,-1.0959],[29.5569,-1.1577],[29.557,-1.1818],[29.5653,-1.1979],[29.5755,-1.2132],[29.5814,-1.2348],[29.5804,-1.2433],[29.571,-1.2686],[29.5715,-1.2792],[29.5832,-1.2993],[29.5871,-1.3106],[29.5873,-1.3297],[29.5779,-1.3884],[29.5386,-1.4023],[29.4987,-1.4311],[29.4643,-1.4669],[29.4451,-1.4973],[29.4417,-1.5026],[29.4396,-1.5048],[29.4374,-1.5062],[29.4349,-1.5068],[29.3585,-1.5099],[29.3428,-1.5165],[29.3312,-1.5314],[29.3038,-1.5879],[29.2937,-1.601],[29.2454,-1.641],[29.2333,-1.6587],[29.2123,-1.6987],[29.1866,-1.7396],[29.1493,-1.7993],[29.1305,-1.8433],[29.1255,-1.8791],[29.1277,-1.9157],[29.1543,-2.0727],[29.1563,-2.1087],[29.1506,-2.1504],[29.1348,-2.1977],[29.1098,-2.2367],[29.0754,-2.2639],[29.0309,-2.2757],[29.0021,-2.2747],[28.9937,-2.2777],[28.9834,-2.2874],[28.9822,-2.296],[28.9788,-2.3068],[28.9712,-2.3217],[28.9597,-2.3398],[28.9454,-2.3542],[28.9281,-2.3645],[28.9073,-2.3706],[28.8804,-2.3799],[28.8663,-2.3919],[28.8588,-2.4182],[28.8609,-2.4396],[28.8646,-2.4594],[28.8747,-2.4775],[28.8782,-2.4897],[28.8609,-2.5052],[28.8572,-2.5183],[28.861,-2.5312],[28.8698,-2.5373],[28.8811,-2.5426],[28.8913,-2.5531],[28.8981,-2.5763],[28.8913,-2.6527],[28.8991,-2.6607],[28.9364,-2.6851],[28.9497,-2.6903],[28.9796,-2.6935],[29.0001,-2.7037],[29.0154,-2.7207],[29.0286,-2.7449],[29.0082,-2.7475],[28.9955,-2.7584],[28.9888,-2.7755],[28.9869,-2.7968],[28.9949,-2.8136],[29.0131,-2.8189],[29.0341,-2.8209],[29.0491,-2.8275],[29.0535,-2.8354],[29.0627,-2.8622],[29.0776,-2.884],[29.0817,-2.8939],[29.0833,-2.9101],[29.0898,-2.9261],[29.1051,-2.9341],[29.1234,-2.9402],[29.1384,-2.9504],[29.1442,-2.9663],[29.1482,-2.9869],[29.1568,-3.0048],[29.176,-3.0125],[29.1945,-3.0146],[29.2115,-3.0212],[29.2254,-3.0318],[29.2346,-3.0466],[29.2415,-3.1042],[29.2423,-3.1108],[29.2378,-3.1222],[29.225,-3.1294],[29.2175,-3.1462],[29.2141,-3.1665],[29.2169,-3.2331],[29.2238,-3.2527],[29.2409,-3.2663],[29.2361,-3.2707],[29.2131,-3.2919],[29.2087,-3.3053],[29.2067,-3.3345],[29.2252,-3.5886],[29.2233,-3.667],[29.2171,-3.7093],[29.2066,-3.7819],[29.215,-3.8999],[29.2246,-3.9265],[29.2398,-3.948],[29.2777,-3.989],[29.3395,-4.0932],[29.3672,-4.189],[29.3728,-4.2082],[29.4042,-4.4498],[29.4073,-4.4626],[29.4109,-4.5023],[29.4013,-4.5869],[29.3408,-4.7517],[29.321,-4.8363],[29.3238,-4.9202],[29.3428,-5.0],[29.3442,-5.006],[29.3778,-5.0875],[29.4556,-5.23],[29.4964,-5.3917],[29.5935,-5.6203],[29.6124,-5.7044],[29.603,-5.7817],[29.5709,-5.838],[29.4961,-5.9387],[29.4761,-6.0021],[29.4787,-6.0418],[29.5088,-6.1537],[29.5255,-6.2731],[29.5377,-6.3124],[29.566,-6.3595],[29.6339,-6.4469],[29.6844,-6.5815],[29.707,-6.6193],[29.7386,-6.6524],[29.8731,-6.7542],[29.9691,-6.803],[30.0127,-6.8252],[30.0909,-6.89],[30.2347,-7.0571],[30.2945,-7.1494],[30.3696,-7.3102],[30.4049,-7.436],[30.4147,-7.502],[30.4416,-7.5963],[30.655,-7.9274],[30.7281,-8.1041],[30.7521,-8.1941],[30.5818,-8.22],[30.325,-8.2589],[30.1236,-8.2895],[29.8581,-8.3298],[29.5923,-8.3702],[29.5758,-8.3727],[29.3659,-8.4046],[29.2081,-8.4285],[29.0351,-8.4548],[28.9153,-8.4729],[28.8892,-8.4831],[28.8928,-8.5019],[28.9355,-8.5908],[28.9305,-8.6799],[28.8931,-8.7658],[28.7654,-8.934],[28.5991,-9.0964],[28.5062,-9.1644],[28.4151,-9.2071],[28.3723,-9.2351],[28.3525,-9.272],[28.3685,-9.3086],[28.4114,-9.3249],[28.4605,-9.335],[28.4954,-9.3532],[28.516,-9.3783],[28.5181,-9.3975],[28.5163,-9.4155],[28.5147,-9.43],[28.5197,-9.4456],[28.5316,-9.4569],[28.5556,-9.4745],[28.5628,-9.4849],[28.5669,-9.496],[28.5687,-9.509],[28.5692,-9.5259],[28.5741,-9.5392],[28.5863,-9.544],[28.6178,-9.5433],[28.6111,-9.551],[28.5886,-9.5583],[28.5836,-9.5638],[28.5876,-9.5732],[28.6065,-9.5943],[28.6108,-9.6079],[28.6129,-9.6175],[28.6218,-9.6383],[28.6239,-9.6491],[28.6252,-9.6956],[28.6313,-9.7156],[28.6449,-9.7351],[28.655,-9.7419],[28.6637,-9.745],[28.67,-9.7509],[28.6723,-9.7655],[28.6985,-9.792],[28.6965,-9.7965],[28.6781,-9.8038],[28.6685,-9.8216],[28.6587,-9.8648],[28.6279,-9.9294],[28.6239,-9.951],[28.6313,-10.0231],[28.6285,-10.1027],[28.6196,-10.1419],[28.604,-10.1727],[28.5793,-10.2011],[28.5699,-10.2196],[28.604,-10.2484],[28.606,-10.2529],[28.6081,-10.2636],[28.6108,-10.2688],[28.6133,-10.2707],[28.6221,-10.2759],[28.6239,-10.2764],[28.6292,-10.2959],[28.6264,-10.3114],[28.6207,-10.3273],[28.6178,-10.3483],[28.6209,-10.3733],[28.6286,-10.3911],[28.6377,-10.407],[28.6449,-10.4265],[28.6461,-10.4384],[28.6445,-10.451],[28.6406,-10.4626],[28.6347,-10.4716],[28.6305,-10.481],[28.6387,-10.4962],[28.6347,-10.5057],[28.6349,-10.5195],[28.648,-10.5376],[28.6723,-10.5643],[28.6727,-10.5761],[28.6672,-10.5974],[28.6655,-10.609],[28.6709,-10.6191],[28.6942,-10.6368],[28.6996,-10.6432],[28.6944,-10.6633],[28.6815,-10.6819],[28.6659,-10.6974],[28.6519,-10.7084],[28.6462,-10.7098],[28.6335,-10.7089],[28.6276,-10.7117],[28.6232,-10.7169],[28.6081,-10.7414],[28.6009,-10.7632],[28.5935,-10.7729],[28.5765,-10.7907],[28.5635,-10.8119],[28.5544,-10.835],[28.5495,-10.8586],[28.5495,-10.9029],[28.5472,-10.9138],[28.5374,-10.9341],[28.5351,-10.9444],[28.5314,-10.9551],[28.5138,-10.9729],[28.5079,-10.9821],[28.5067,-10.9921],[28.5086,-11.0135],[28.5079,-11.0236],[28.5041,-11.0344],[28.491,-11.0587],[28.4768,-11.078],[28.4762,-11.0877],[28.4869,-11.1409],[28.4873,-11.1534],[28.4848,-11.1628],[28.4762,-11.1754],[28.4737,-11.1812],[28.4725,-11.192],[28.4737,-11.2257],[28.4551,-11.2637],[28.4456,-11.2746],[28.4362,-11.2891],[28.432,-11.311],[28.4396,-11.3482],[28.4342,-11.3512],[28.412,-11.3684],[28.4086,-11.3724],[28.357,-11.4469],[28.3544,-11.4647],[28.3557,-11.5182],[28.3603,-11.5336],[28.3656,-11.5416],[28.3774,-11.5711],[28.3849,-11.5813],[28.3996,-11.5961],[28.4055,-11.6052],[28.4227,-11.6647],[28.4221,-11.6747],[28.4184,-11.6789],[28.4251,-11.6881],[28.4396,-11.7015],[28.4427,-11.7116],[28.4525,-11.7808],[28.4607,-11.7934],[28.4768,-11.7982],[28.4889,-11.8087],[28.4972,-11.8574],[28.5079,-11.8728],[28.5211,-11.8657],[28.5316,-11.8665],[28.5406,-11.872],[28.5495,-11.8796],[28.5542,-11.8851],[28.5661,-11.9045],[28.5692,-11.9137],[28.5927,-11.9005],[28.6062,-11.9103],[28.6239,-11.9478],[28.6369,-11.9576],[28.686,-11.9841],[28.7071,-11.9894],[28.742,-11.9843],[28.7511,-11.9922],[28.7542,-12.0201],[28.7599,-12.0352],[28.7736,-12.0459],[28.8089,-12.0646],[28.8215,-12.0757],[28.835,-12.0922],[28.846,-12.1113],[28.8504,-12.13],[28.8595,-12.1418],[28.9187,-12.1743],[28.9447,-12.2061],[29.0261,-12.353],[29.0286,-12.3631],[29.0304,-12.3762],[29.0351,-12.3789],[29.0427,-12.3788],[29.0528,-12.3838],[29.0672,-12.3848],[29.0844,-12.3764],[29.1002,-12.374],[29.1111,-12.3935],[29.1281,-12.3828],[29.1489,-12.3737],[29.1734,-12.3676],[29.255,-12.3662],[29.2651,-12.3709],[29.283,-12.3905],[29.2955,-12.401],[29.3049,-12.4048],[29.3164,-12.4067],[29.3565,-12.4076],[29.3644,-12.4093],[29.4059,-12.4317],[29.4326,-12.4413],[29.4392,-12.442],[29.4533,-12.4408],[29.4599,-12.4413],[29.4653,-12.4442],[29.4688,-12.4484],[29.473,-12.4525],[29.4805,-12.4549],[29.4997,-12.4531],[29.5147,-12.4439],[29.5247,-12.4292],[29.5282,-12.4105],[29.5234,-12.3925],[29.5115,-12.3874],[29.4961,-12.3863],[29.4805,-12.3805],[29.4504,-12.3429],[29.4466,-12.3351],[29.4482,-12.3268],[29.4518,-12.3178],[29.4559,-12.2943],[29.4679,-12.2553],[29.4743,-12.2427],[29.4895,-12.2315],[29.5335,-12.2167],[29.5531,-12.2051],[29.5676,-12.1917],[29.5767,-12.1881],[29.5903,-12.1881],[29.6032,-12.1928],[29.6211,-12.2102],[29.6319,-12.216],[29.6489,-12.2128],[29.7013,-12.189],[29.7349,-12.1648],[29.7561,-12.1576],[29.7993,-12.1541],[29.7994,-12.1558],[29.7996,-12.159],[29.7996,-12.1595],[29.7994,-12.2658],[29.7991,-12.3823],[29.799,-12.5487],[29.7987,-12.6983],[29.7985,-12.873],[29.7982,-13.0228],[29.798,-13.1644],[29.7977,-13.3138],[29.7976,-13.4242],[29.7822,-13.4557],[29.7672,-13.4584],[29.7029,-13.4576],[29.6631,-13.4469],[29.6415,-13.4385],[29.6261,-13.4298],[29.6174,-13.4212],[29.6107,-13.411],[29.6055,-13.4],[29.6017,-13.3884],[29.6017,-13.3744],[29.6094,-13.3691],[29.6189,-13.3673],[29.6251,-13.3642],[29.627,-13.3549],[29.625,-13.3348],[29.6266,-13.3264],[29.6336,-13.3189],[29.6515,-13.3146],[29.6589,-13.3095],[29.6636,-13.3019],[29.6675,-13.292],[29.6692,-13.2812],[29.6666,-13.2712],[29.6575,-13.2601],[29.6497,-13.2599],[29.6411,-13.2628],[29.6291,-13.2615],[29.6099,-13.2495],[29.5928,-13.2356],[29.5744,-13.2254],[29.551,-13.2242],[29.528,-13.2341],[29.47,-13.2878],[29.4496,-13.3003],[29.3083,-13.3537],[29.2502,-13.3916],[29.2274,-13.4008],[29.214,-13.4083],[29.1948,-13.431],[29.1841,-13.4369],[29.1689,-13.4339],[29.1602,-13.4221],[29.1534,-13.407],[29.1445,-13.3945],[29.1221,-13.3843],[29.098,-13.3847],[29.0729,-13.3886],[29.0654,-13.3887],[29.0467,-13.3889],[29.0285,-13.3955],[29.0103,-13.3994],[28.994,-13.3959],[28.9808,-13.3802],[28.9504,-13.351],[28.9341,-13.3096],[28.9034,-13.1623],[28.8919,-13.1473],[28.8827,-13.1436],[28.8632,-13.1427],[28.8537,-13.1371],[28.8442,-13.1024],[28.8409,-13.1001],[28.8354,-13.0989],[28.8297,-13.0972],[28.8258,-13.0928],[28.8246,-13.0873],[28.826,-13.0768],[28.8253,-13.0724],[28.8255,-13.0678],[28.8303,-13.0569],[28.8309,-13.0518],[28.8271,-13.0476],[28.8136,-13.0428],[28.8094,-13.0384],[28.8006,-13.0024],[28.7934,-12.9916],[28.7757,-12.9766],[28.708,-12.8898],[28.6679,-12.8493],[28.6212,-12.8394],[28.6082,-12.8479],[28.5937,-12.8767],[28.584,-12.8887],[28.5685,-12.8955],[28.5534,-12.8949],[28.5428,-12.8856],[28.5394,-12.8338],[28.5236,-12.8102],[28.5016,-12.7885],[28.4809,-12.7621],[28.474,-12.7365],[28.484,-12.7222],[28.5002,-12.711],[28.5116,-12.6944],[28.5123,-12.6684],[28.502,-12.6496],[28.4683,-12.6146],[28.4559,-12.5921],[28.4364,-12.5428],[28.4227,-12.5213],[28.3397,-12.4505],[28.3225,-12.4411],[28.3037,-12.4354],[28.2838,-12.4341],[28.2639,-12.437],[28.2375,-12.4371],[28.2201,-12.4254],[28.205,-12.4108],[28.1858,-12.4024],[28.1607,-12.4088],[28.146,-12.4231],[28.1313,-12.4292],[28.107,-12.4102],[28.1025,-12.4012],[28.1004,-12.3915],[28.0969,-12.383],[28.0877,-12.3775],[28.014,-12.3705],[27.999,-12.3714],[27.981,-12.3745],[27.9587,-12.3678],[27.9522,-12.3465],[27.9485,-12.3214],[27.9339,-12.3033],[27.877,-12.2699],[27.8567,-12.2624],[27.8314,-12.2599],[27.8183,-12.2678],[27.8073,-12.2814],[27.7883,-12.2965],[27.7567,-12.3043],[27.7107,-12.3063],[27.6662,-12.3027],[27.6382,-12.2936],[27.5953,-12.2473],[27.5898,-12.243],[27.5361,-12.2001],[27.5205,-12.1796],[27.4718,-12.0416],[27.4676,-12.0016],[27.4207,-11.922],[27.2342,-11.8091],[27.21,-11.722],[27.212,-11.6883],[27.2076,-11.6394],[27.1972,-11.5937],[27.1801,-11.5696],[27.1736,-11.5706],[27.145,-11.5813],[27.1022,-11.5849],[27.0644,-11.5971],[27.0545,-11.5975],[27.0324,-11.5943],[27.0238,-11.5956],[27.0103,-11.6098],[27.0108,-11.6288],[27.0232,-11.6711],[27.0215,-11.6979],[27.0111,-11.7132],[26.9964,-11.727],[26.9811,-11.749],[26.9714,-11.7885],[26.9673,-11.8704],[26.9477,-11.9091],[26.9128,-11.9425],[26.8742,-11.9643],[26.8317,-11.9733],[26.785,-11.9684],[26.7594,-11.9687],[26.7442,-11.9812],[26.7326,-11.9983],[26.7174,-12.013],[26.6971,-12.0175],[26.6798,-12.0096],[26.6627,-11.9966],[26.6435,-11.9855],[26.6059,-11.9778],[26.5249,-11.9723],[26.4891,-11.9608],[26.4707,-11.947],[26.4554,-11.932],[26.4384,-11.9191],[26.4146,-11.9118],[26.3764,-11.9129],[26.3391,-11.919],[26.3288,-11.9233],[26.3092,-11.9365],[26.298,-11.9412],[26.2862,-11.9406],[26.2656,-11.9308],[26.2296,-11.9331],[26.2093,-11.9236],[26.1891,-11.9109],[26.1667,-11.9024],[25.9941,-11.9048],[25.9811,-11.903],[25.9636,-11.8951],[25.9498,-11.864],[25.9356,-11.8536],[25.9142,-11.8456],[25.8596,-11.802],[25.8558,-11.7972],[25.8507,-11.7938],[25.8398,-11.7919],[25.8325,-11.7938],[25.8127,-11.803],[25.8016,-11.8042],[25.744,-11.8038],[25.7256,-11.8005],[25.6874,-11.7787],[25.6558,-11.7505],[25.6215,-11.7289],[25.5757,-11.7273],[25.5678,-11.7338],[25.5649,-11.744],[25.561,-11.7533],[25.5503,-11.7566],[25.5376,-11.7584],[25.5306,-11.7642],[25.5245,-11.771],[25.5152,-11.7758],[25.4956,-11.7765],[25.4804,-11.7698],[25.4741,-11.7562],[25.4828,-11.7312],[25.4833,-11.7258],[25.4828,-11.7204],[25.4812,-11.7153],[25.4636,-11.7001],[25.4063,-11.6731],[25.3975,-11.6649],[25.3928,-11.6564],[25.3864,-11.6498],[25.3732,-11.6471],[25.3604,-11.6472],[25.352,-11.6461],[25.3449,-11.6422],[25.3368,-11.6335],[25.3274,-11.6167],[25.3004,-11.535],[25.2975,-11.5172],[25.2977,-11.5079],[25.3017,-11.4984],[25.3154,-11.4825],[25.3167,-11.473],[25.3093,-11.4554],[25.2867,-11.4166],[25.279,-11.3963],[25.278,-11.3718],[25.2863,-11.3606],[25.298,-11.3515],[25.3065,-11.3331],[25.3013,-11.3245],[25.2902,-11.3159],[25.2847,-11.3073],[25.2963,-11.2984],[25.3171,-11.2905],[25.3249,-11.2837],[25.3254,-11.2739],[25.3233,-11.2535],[25.3246,-11.2278],[25.3225,-11.2054],[25.3103,-11.1948],[25.2788,-11.1999],[25.184,-11.2467],[25.1243,-11.2592],[24.9812,-11.2719],[24.9429,-11.2686],[24.901,-11.2813],[24.8267,-11.3176],[24.788,-11.3258],[24.7125,-11.326],[24.6741,-11.3416],[24.6633,-11.3517],[24.645,-11.376],[24.6352,-11.3859],[24.6247,-11.3908],[24.6023,-11.3957],[24.5933,-11.3996],[24.5846,-11.4074],[24.5786,-11.4156],[24.5744,-11.4251],[24.5712,-11.4364],[24.5647,-11.4447],[24.5542,-11.4463],[24.5425,-11.4454],[24.5327,-11.4461],[24.4909,-11.4615],[24.4696,-11.4656],[24.4465,-11.4636],[24.4264,-11.4541],[24.3925,-11.4234],[24.3702,-11.4102],[24.3517,-11.4071],[24.3101,-11.4066],[24.2939,-11.3992],[24.2855,-11.3812],[24.2983,-11.3706],[24.3399,-11.3581],[24.3524,-11.345],[24.3845,-11.2952],[24.3922,-11.2791],[24.3961,-11.2597],[24.3978,-11.2383],[24.3966,-11.2174],[24.3913,-11.1998],[24.3844,-11.1913],[24.3674,-11.1763],[24.3617,-11.1647],[24.3625,-11.1505],[24.3699,-11.1409],[24.3783,-11.1321],[24.3818,-11.1206],[24.3705,-11.1002],[24.3453,-11.0783],[24.3164,-11.0601],[24.2938,-11.0503],[24.2751,-11.0479],[24.238,-11.048],[24.2183,-11.0452],[24.1813,-11.0345],[24.1645,-11.034],[24.1444,-11.0404],[24.1242,-11.0433],[24.1177,-11.0308],[24.1194,-10.9976],[24.1175,-10.9861],[24.1105,-10.9659],[24.108,-10.955],[24.1087,-10.9458],[24.1143,-10.9279],[24.1142,-10.9192],[24.0915,-10.8978],[24.0484,-10.8823],[24.0015,-10.8734],[23.9675,-10.8723],[23.9486,-10.8815],[23.9406,-10.9016],[23.9361,-10.9252],[23.928,-10.9454],[23.9186,-10.9541],[23.8973,-10.9665],[23.8878,-10.9744],[23.8818,-10.9845],[23.8741,-11.0069],[23.8674,-11.0164],[23.8337,-11.0285],[23.7937,-11.0211],[23.7523,-11.0082],[23.7141,-11.0039],[23.6749,-11.007],[23.6416,-11.0045],[23.557,-10.9813],[23.4948,-10.9643],[23.456,-10.961],[23.4154,-10.9633],[23.3733,-10.9751],[23.3065,-11.0117],[23.1968,-11.0719],[23.1147,-11.0855],[23.0143,-11.1025],[22.9696,-11.1025],[22.9311,-11.0968],[22.9112,-11.0883],[22.8736,-11.0637],[22.8531,-11.0531],[22.8292,-11.0521],[22.8069,-11.0631],[22.7853,-11.0785],[22.7642,-11.0905],[22.7277,-11.0968],[22.689,-11.093],[22.6509,-11.0823],[22.6136,-11.0675],[22.5376,-11.0372],[22.501,-11.0424],[22.4694,-11.1224],[22.4403,-11.1469],[22.3403,-11.1802],[22.3257,-11.1903],[22.2818,-11.2367],[22.2631,-11.2482],[22.2376,-11.2495],[22.252,-11.2086],[22.2555,-11.1666],[22.2438,-11.0783],[22.2373,-11.0594],[22.2206,-11.03],[22.2172,-11.0128],[22.214,-11.0079],[22.1993,-10.9974],[22.1961,-10.9923],[22.1961,-10.9542],[22.1748,-10.8843],[22.1657,-10.8688],[22.1655,-10.8524],[22.1828,-10.8304],[22.206,-10.8099],[22.224,-10.7971],[22.2659,-10.7799],[22.2907,-10.7727],[22.3097,-10.7698],[22.3195,-10.7613],[22.3224,-10.7422],[22.3195,-10.7038],[22.321,-10.7007],[22.3264,-10.6946],[22.3101,-10.6688],[22.3076,-10.6336],[22.3086,-10.6125],[22.3095,-10.5929],[22.306,-10.5507],[22.2964,-10.5297],[22.284,-10.5165],[22.274,-10.503],[22.2718,-10.4817],[22.2787,-10.461],[22.3011,-10.4249],[22.306,-10.4098],[22.3071,-10.3996],[22.3123,-10.3799],[22.3134,-10.3686],[22.3101,-10.357],[22.2955,-10.3393],[22.2869,-10.3091],[22.2635,-10.2682],[22.2457,-10.2212],[22.2211,-10.1762],[22.2028,-10.1306],[22.2097,-10.0982],[22.2049,-10.0858],[22.1961,-10.0436],[22.1756,-9.989],[22.1676,-9.9537],[22.1599,-9.9315],[22.1463,-9.9157],[22.1076,-9.8914],[22.091,-9.8771],[22.0799,-9.8716],[22.0728,-9.8789],[22.0658,-9.881],[22.0558,-9.8754],[21.9984,-9.8091],[21.9863,-9.7811],[21.9844,-9.7488],[21.9782,-9.7522],[21.9627,-9.7585],[21.9565,-9.7618],[21.9424,-9.7229],[21.8789,-9.6571],[21.8541,-9.6178],[21.8437,-9.5762],[21.8322,-9.4884],[21.8199,-9.4477],[21.8132,-9.4375],[21.7962,-9.4171],[21.792,-9.4061],[21.7933,-9.3935],[21.8038,-9.373],[21.8102,-9.3381],[21.8411,-9.2758],[21.8516,-9.2338],[21.8519,-9.1929],[21.8397,-9.0924],[21.8541,-8.9778],[21.8517,-8.9259],[21.8599,-8.8464],[21.8701,-8.8223],[21.8778,-8.7892],[21.8848,-8.7823],[21.8951,-8.7187],[21.9069,-8.6455],[21.9178,-8.6152],[21.936,-8.5831],[21.9284,-8.5825],[21.9244,-8.5808],[21.9213,-8.5786],[21.9162,-8.5768],[21.94,-8.4999],[21.9439,-8.4559],[21.936,-8.413],[21.9115,-8.3743],[21.8999,-8.3488],[21.9053,-8.3373],[21.9131,-8.333],[21.9206,-8.329],[21.9106,-8.3105],[21.8814,-8.2821],[21.8732,-8.2641],[21.8625,-8.2164],[21.8602,-8.1738],[21.8573,-8.1569],[21.8512,-8.1435],[21.826,-8.1144],[21.8151,-8.0968],[21.8085,-8.0767],[21.8063,-8.0524],[21.7996,-8.0409],[21.7682,-8.0232],[21.7585,-8.0151],[21.7539,-7.9973],[21.7511,-7.9292],[21.7544,-7.9196],[21.7688,-7.8999],[21.7721,-7.8882],[21.7709,-7.8765],[21.7646,-7.8507],[21.7705,-7.8068],[21.7762,-7.7903],[21.7872,-7.7586],[21.7951,-7.7363],[21.8079,-7.6994],[21.8196,-7.6655],[21.8266,-7.6456],[21.831,-7.6328],[21.8329,-7.6142],[21.8362,-7.6083],[21.8508,-7.5936],[21.8541,-7.586],[21.8541,-7.5484],[21.8515,-7.5385],[21.8482,-7.533],[21.8459,-7.5268],[21.8467,-7.5143],[21.85,-7.5029],[21.8591,-7.4826],[21.8609,-7.4698],[21.8586,-7.464],[21.8489,-7.4548],[21.8467,-7.4491],[21.8478,-7.4441],[21.853,-7.435],[21.8541,-7.4289],[21.8516,-7.4165],[21.8457,-7.4091],[21.8387,-7.402],[21.8329,-7.3908],[21.835,-7.3853],[21.8399,-7.3782],[21.8424,-7.3699],[21.8369,-7.3606],[21.8314,-7.3542],[21.8088,-7.3064],[21.8025,-7.2989],[21.7948,-7.294],[21.7883,-7.2918],[21.7846,-7.2869],[21.785,-7.2834],[21.7645,-7.2828],[21.7309,-7.283],[21.6582,-7.2832],[21.5855,-7.2834],[21.5126,-7.2836],[21.44,-7.2838],[21.3671,-7.284],[21.2943,-7.2842],[21.2218,-7.2844],[21.1489,-7.2846],[21.0763,-7.2847],[21.0035,-7.2849],[20.9307,-7.2852],[20.858,-7.2853],[20.7852,-7.2855],[20.7126,-7.2859],[20.6398,-7.286],[20.567,-7.2862],[20.5205,-7.2864],[20.5194,-7.2372],[20.5183,-7.1897],[20.5245,-7.1431],[20.5454,-7.0886],[20.5609,-7.0478],[20.5881,-6.9768],[20.6115,-6.916],[20.5537,-6.9162],[20.4673,-6.9164],[20.3837,-6.9167],[20.3311,-6.9168],[20.3195,-6.9185],[20.3112,-6.9251],[20.3032,-6.9401],[20.2986,-6.9545],[20.2942,-6.9875],[20.2943,-7.0019],[20.2462,-7.0019],[20.2041,-7.0019],[20.1621,-7.0019],[20.1201,-7.0019],[20.0782,-7.0019],[20.0361,-7.0019],[19.9941,-7.0019],[19.9631,-7.0019],[19.9521,-7.0019],[19.91,-7.0019],[19.8681,-7.0019],[19.8261,-7.0019],[19.784,-7.0019],[19.742,-7.0019],[19.7,-7.0019],[19.6581,-7.0019],[19.6161,-7.0019],[19.574,-7.0019],[19.5218,-7.0019],[19.5402,-7.0416],[19.5426,-7.0523],[19.5362,-7.0684],[19.5086,-7.1032],[19.497,-7.1217],[19.4872,-7.1539],[19.4764,-7.3159],[19.4795,-7.3477],[19.4872,-7.382],[19.5138,-7.4484],[19.5132,-7.4794],[19.4847,-7.502],[19.4839,-7.5024],[19.4831,-7.5029],[19.4824,-7.5035],[19.4687,-7.5211],[19.4583,-7.5603],[19.4439,-7.5752],[19.4247,-7.5797],[19.3556,-7.5741],[19.3537,-7.6003],[19.3618,-7.627],[19.3732,-7.6538],[19.381,-7.6797],[19.3814,-7.7039],[19.3778,-7.7301],[19.358,-7.7916],[19.3485,-7.8215],[19.3338,-7.8673],[19.3309,-7.8986],[19.334,-7.9243],[19.3555,-8.002],[19.3283,-8.002],[19.2006,-8.002],[19.0731,-8.002],[18.9454,-8.002],[18.818,-8.002],[18.7738,-8.002],[18.7583,-7.9782],[18.7521,-7.9659],[18.7473,-7.9378],[18.7385,-7.9323],[18.6669,-7.9323],[18.5887,-7.9323],[18.5165,-7.9322],[18.5043,-7.9407],[18.5023,-7.9601],[18.5076,-7.9975],[18.4879,-7.9983],[18.4818,-7.9973],[18.4205,-7.9983],[18.4039,-8.0006],[18.382,-8.0123],[18.3666,-8.0168],[18.3536,-8.0159],[18.3162,-8.0017],[18.2673,-7.9998],[18.1927,-7.9969],[18.1766,-7.9992],[18.1358,-8.0185],[18.1204,-8.0225],[18.1022,-8.0333],[18.0929,-8.0564],[18.0917,-8.0842],[18.0982,-8.1093],[18.0085,-8.1112],[17.9819,-8.1053],[17.9308,-8.0621],[17.9014,-8.0481],[17.868,-8.0445],[17.8518,-8.0478],[17.7895,-8.0818],[17.7772,-8.0833],[17.7433,-8.0707],[17.7133,-8.0683],[17.6284,-8.098],[17.6002,-8.0985],[17.5443,-8.0848],[17.5365,-8.076],[17.5362,-8.0754],[17.5284,-8.0606],[17.54,-8.0321],[17.5365,-8.0151],[17.5284,-8.0078],[17.5064,-7.9965],[17.4962,-7.9872],[17.491,-7.9775],[17.4819,-7.9457],[17.4772,-7.9505],[17.4711,-7.9556],[17.4683,-7.9599],[17.4652,-7.9526],[17.463,-7.9498],[17.4636,-7.9469],[17.4683,-7.9395],[17.4468,-7.9289],[17.4378,-7.9224],[17.4341,-7.9158],[17.4394,-7.9022],[17.4487,-7.8929],[17.4524,-7.884],[17.4409,-7.8711],[17.4264,-7.8755],[17.423,-7.8679],[17.4236,-7.8551],[17.4206,-7.8439],[17.4109,-7.8415],[17.3976,-7.8414],[17.3907,-7.8392],[17.4,-7.8302],[17.4,-7.8234],[17.381,-7.8232],[17.3761,-7.8141],[17.377,-7.8017],[17.3754,-7.7923],[17.3655,-7.7873],[17.3424,-7.784],[17.3379,-7.7786],[17.3341,-7.7697],[17.316,-7.7536],[17.3106,-7.7408],[17.3142,-7.7318],[17.3206,-7.7224],[17.3204,-7.7136],[17.3038,-7.7067],[17.3081,-7.7024],[17.3081,-7.7019],[17.306,-7.7001],[17.3038,-7.6924],[17.2889,-7.6995],[17.2865,-7.6837],[17.2875,-7.6602],[17.2827,-7.644],[17.2864,-7.6252],[17.2666,-7.6104],[17.2178,-7.586],[17.2029,-7.5643],[17.1863,-7.5163],[17.1728,-7.4938],[17.1634,-7.4852],[17.155,-7.4791],[17.1485,-7.4726],[17.1462,-7.4631],[17.1515,-7.4512],[17.1631,-7.4455],[17.1749,-7.4416],[17.1803,-7.4354],[17.1766,-7.4282],[17.1675,-7.4235],[17.1462,-7.418],[17.1382,-7.4137],[17.1322,-7.4096],[17.1262,-7.4114],[17.1182,-7.4255],[17.104,-7.4161],[17.0981,-7.4023],[17.0979,-7.3783],[17.0978,-7.3674],[17.0934,-7.3523],[17.0825,-7.3423],[17.0567,-7.3299],[17.0229,-7.306],[16.9961,-7.298],[16.9917,-7.2861],[16.9917,-7.2706],[16.9891,-7.2549],[16.9728,-7.2322],[16.9605,-7.2191],[16.9508,-7.2132],[16.9457,-7.2046],[16.9475,-7.1511],[16.9271,-7.0857],[16.9291,-7.0607],[16.9612,-7.0692],[16.9623,-7.0474],[16.9693,-7.0304],[16.9732,-7.0148],[16.9646,-6.9972],[16.9593,-6.9894],[16.9553,-6.9815],[16.9491,-6.9754],[16.9376,-6.973],[16.9287,-6.9687],[16.9286,-6.9593],[16.9321,-6.9499],[16.9345,-6.9457],[16.927,-6.8886],[16.915,-6.8641],[16.8908,-6.8471],[16.8794,-6.8446],[16.8553,-6.8422],[16.8445,-6.8384],[16.8329,-6.8278],[16.8286,-6.8144],[16.8269,-6.7998],[16.8231,-6.7851],[16.7681,-6.7083],[16.7604,-6.692],[16.7559,-6.6741],[16.753,-6.6372],[16.7487,-6.6195],[16.734,-6.5861],[16.7308,-6.5698],[16.7345,-6.5524],[16.7468,-6.5316],[16.7473,-6.522],[16.7383,-6.5106],[16.728,-6.5011],[16.7217,-6.4918],[16.7213,-6.4805],[16.7278,-6.466],[16.7061,-6.465],[16.7061,-6.4552],[16.7152,-6.4414],[16.721,-6.4283],[16.7189,-6.4153],[16.7136,-6.414],[16.707,-6.4154],[16.7004,-6.4113],[16.6947,-6.4022],[16.693,-6.3984],[16.6936,-6.3598],[16.6974,-6.3498],[16.7061,-6.3467],[16.7153,-6.346],[16.721,-6.3424],[16.7223,-6.3324],[16.7201,-6.3226],[16.7169,-6.3133],[16.7154,-6.3048],[16.7148,-6.2316],[16.7173,-6.2151],[16.7244,-6.2024],[16.7268,-6.1892],[16.7179,-6.1741],[16.7004,-6.1544],[16.6959,-6.1409],[16.6851,-6.1343],[16.6718,-6.1302],[16.6601,-6.124],[16.643,-6.1007],[16.631,-6.0917],[16.6111,-6.0898],[16.6322,-6.0653],[16.6284,-6.0553],[16.6195,-6.0566],[16.6101,-6.0612],[16.6043,-6.0619],[16.6012,-6.0506],[16.5972,-5.9878],[16.5953,-5.9785],[16.5903,-5.968],[16.5807,-5.9554],[16.5806,-5.949],[16.5941,-5.9332],[16.5974,-5.9247],[16.5603,-5.9064],[16.5529,-5.9024],[16.5151,-5.8871],[16.4973,-5.8828],[16.4793,-5.8822],[16.4595,-5.8852],[16.4275,-5.8946],[16.4125,-5.8968],[16.3961,-5.8941],[16.3743,-5.8828],[16.3585,-5.8702],[16.3413,-5.8598],[16.3157,-5.8546],[16.257,-5.8556],[16.1657,-5.857],[16.1009,-5.8581],[16.0745,-5.8586],[15.9832,-5.8601],[15.8921,-5.8617],[15.8007,-5.8632],[15.7096,-5.8648],[15.6183,-5.8662],[15.527,-5.8678],[15.4358,-5.8692],[15.3445,-5.8708],[15.2534,-5.8722],[15.1621,-5.8737],[15.0708,-5.8753],[14.9796,-5.8767],[14.8884,-5.8783],[14.7972,-5.8798],[14.7597,-5.8805],[14.7037,-5.8814],[14.5766,-5.9047],[14.5457,-5.9017],[14.4821,-5.8855],[14.4367,-5.8934],[14.3461,-5.8915],[14.2418,-5.8896],[14.2222,-5.887],[14.1631,-5.8661],[14.1401,-5.8635],[14.0212,-5.8725],[14.0063,-5.8669],[13.9823,-5.8533],[13.9436,-5.8416],[13.8071,-5.8525],[13.6415,-5.8658],[13.5626,-5.8574],[13.5531,-5.8594],[13.5348,-5.867],[13.5227,-5.8675],[13.4932,-5.8585],[13.4133,-5.857],[13.3805,-5.8564],[13.3738,-5.8609],[13.3536,-5.8826],[13.3425,-5.8906],[13.311,-5.874],[13.2693,-5.8635],[13.1849,-5.8564],[13.1838,-5.8565],[13.1843,-5.8562],[13.1707,-5.8499],[13.1548,-5.8521],[13.1229,-5.8625],[13.1078,-5.863],[13.0899,-5.8606],[13.0672,-5.8626],[13.0364,-5.8572],[12.9893,-5.8357],[12.9758,-5.8328],[12.9409,-5.8191],[12.9243,-5.8146],[12.8962,-5.8145],[12.8587,-5.8195],[12.8224,-5.8298],[12.7971,-5.8454],[12.7892,-5.8492],[12.7665,-5.8653],[12.7544,-5.8818],[12.7434,-5.9004],[12.7175,-5.9313],[12.7226,-5.9793],[12.672,-6.0001],[12.607,-5.998],[12.5564,-6.0255],[12.476,-6.0453],[12.4495,-6.0519],[12.4352,-6.0509],[12.4319,-6.0344],[12.4363,-6.0267],[12.4572,-6.0136],[12.4574,-5.9897],[12.4572,-5.9818],[12.4473,-5.9763],[12.4307,-5.9752],[12.4142,-5.9785],[12.4109,-5.9862],[12.4043,-5.9906],[12.3966,-6.006],[12.3848,-5.9843],[12.3796,-5.9661],[12.3762,-5.9587],[12.3711,-5.9542],[12.3589,-5.9477],[12.3552,-5.945],[12.3342,-5.9184],[12.2666,-5.8508],[12.2493,-5.8288],[12.2105,-5.7634],[12.259,-5.7367],[12.3444,-5.7246],[12.4355,-5.7255],[12.509,-5.7263],[12.5125,-5.6337],[12.515,-5.5688],[12.5197,-5.4442],[12.5244,-5.3247],[12.5277,-5.2395],[12.5307,-5.1627],[12.5241,-5.1291],[12.512,-5.1205],[12.4504,-5.0988],[12.4447,-5.0935],[12.4408,-5.084],[12.4389,-5.0733],[12.4394,-5.0648],[12.4444,-5.0551],[12.4507,-5.0531],[12.4581,-5.0542],[12.4665,-5.0531],[12.5504,-5.0242],[12.5877,-5.0003],[12.604,-4.9626],[12.607,-4.9422],[12.6159,-4.9355],[12.6544,-4.9326],[12.6789,-4.9243],[12.6862,-4.9128],[12.6883,-4.897],[12.697,-4.8756],[12.712,-4.8633],[12.7569,-4.8373],[12.7662,-4.8252],[12.7683,-4.8019],[12.7748,-4.7795],[12.7862,-4.7584],[12.8029,-4.7398],[12.8332,-4.7227],[13.0296,-4.6769],[13.0653,-4.664],[13.0737,-4.6353],[13.0715,-4.6016],[13.088,-4.5795],[13.1124,-4.5769],[13.1341,-4.6024],[13.1421,-4.6173],[13.16,-4.6434],[13.1724,-4.6761],[13.1821,-4.6861],[13.2088,-4.7031],[13.2558,-4.7439],[13.274,-4.7558],[13.3346,-4.7775],[13.3493,-4.7856],[13.3588,-4.7948],[13.3641,-4.8069],[13.3714,-4.8417],[13.3926,-4.8853],[13.4032,-4.8769],[13.4308,-4.8434],[13.4823,-4.8055],[13.4935,-4.7997],[13.4964,-4.7921],[13.4924,-4.7835],[13.4823,-4.7748],[13.5147,-4.7559],[13.5262,-4.7543],[13.5389,-4.76],[13.5586,-4.7804],[13.5707,-4.7859],[13.5799,-4.783],[13.5914,-4.7794],[13.6131,-4.7392],[13.634,-4.7257],[13.6437,-4.7263],[13.6665,-4.7327],[13.6753,-4.7318],[13.6806,-4.7247],[13.6778,-4.7063],[13.6819,-4.6954],[13.6901,-4.6911],[13.6984,-4.6935],[13.7059,-4.6943],[13.7125,-4.6857],[13.6991,-4.6427],[13.7026,-4.6208],[13.7182,-4.5803],[13.7218,-4.561],[13.711,-4.4645],[13.715,-4.453],[13.7265,-4.4467],[13.79,-4.4246],[13.8105,-4.4267],[13.8329,-4.4412],[13.8421,-4.4534],[13.8561,-4.4797],[13.8671,-4.4893],[13.8763,-4.4917],[13.9044,-4.4898],[13.9054,-4.4901],[13.9346,-4.4985],[13.9445,-4.4981],[13.9549,-4.4919],[13.9718,-4.4716],[13.9877,-4.4601],[13.9899,-4.458],[13.9916,-4.4551],[14.0211,-4.4154],[14.0584,-4.4005],[14.1464,-4.3899],[14.1847,-4.3775],[14.2222,-4.3598],[14.2596,-4.3269],[14.28,-4.3128],[14.3255,-4.3018],[14.3686,-4.2784],[14.3871,-4.2771],[14.3928,-4.2818],[14.3953,-4.2897],[14.3952,-4.3004],[14.3935,-4.3132],[14.3891,-4.3275],[14.3857,-4.3329],[14.386,-4.3383],[14.3927,-4.3528],[14.4091,-4.3776],[14.4286,-4.4004],[14.4632,-4.4226],[14.4697,-4.4293],[14.4665,-4.448],[14.4525,-4.468],[14.4357,-4.4867],[14.4246,-4.5023],[14.4126,-4.5145],[14.3748,-4.5302],[14.3589,-4.5446],[14.3508,-4.559],[14.35,-4.5669],[14.3575,-4.5891],[14.3658,-4.6273],[14.381,-4.6462],[14.3958,-4.6601],[14.4069,-4.676],[14.4109,-4.7011],[14.4092,-4.7106],[14.4015,-4.7281],[14.399,-4.7375],[14.3997,-4.7493],[14.4037,-4.7588],[14.4088,-4.7678],[14.4126,-4.7782],[14.3965,-4.8559],[14.4007,-4.8863],[14.4182,-4.8832],[14.4373,-4.8802],[14.4495,-4.874],[14.4701,-4.8522],[14.4819,-4.8459],[14.5015,-4.8407],[14.5199,-4.8413],[14.528,-4.8522],[14.5325,-4.8562],[14.5539,-4.8552],[14.5621,-4.8559],[14.5669,-4.8605],[14.5751,-4.8737],[14.5796,-4.8763],[14.5921,-4.8806],[14.6233,-4.8995],[14.6345,-4.9036],[14.6727,-4.8999],[14.7022,-4.8896],[14.7684,-4.8482],[14.8155,-4.828],[14.8312,-4.8151],[14.8414,-4.8002],[14.849,-4.7837],[14.931,-4.6469],[15.0082,-4.571],[15.0146,-4.558],[15.0228,-4.5471],[15.0761,-4.5201],[15.0979,-4.4999],[15.1507,-4.4252],[15.188,-4.3722],[15.1934,-4.3588],[15.204,-4.339],[15.2284,-4.3249],[15.2557,-4.3131],[15.2753,-4.3004],[15.3866,-4.2443],[15.4254,-4.2302],[15.4503,-4.2173],[15.4589,-4.2138],[15.4629,-4.2071],[15.485,-4.1839],[15.4904,-4.1752],[15.5212,-4.0768],[15.5338,-4.058],[15.5491,-4.0462],[15.5668,-4.038],[15.7112,-3.9922],[15.7551,-3.9856],[15.8,-3.9788],[15.8442,-3.9656],[15.883,-3.9453],[15.888,-3.9405],[15.9121,-3.9174],[15.9303,-3.8586],[15.9361,-3.8485],[15.9431,-3.8407],[15.9742,-3.7865],[15.9911,-3.7389],[16.0053,-3.7248],[16.0127,-3.7023],[16.0533,-3.62],[16.1155,-3.5442],[16.1379,-3.5007],[16.1584,-3.4473],[16.2077,-3.3619],[16.2207,-3.3317],[16.2256,-3.3132],[16.2275,-3.2899],[16.2221,-3.2791],[16.2104,-3.2711],[16.1986,-3.2595],[16.1934,-3.2384],[16.1995,-3.1948],[16.1992,-3.1718],[16.1899,-3.153],[16.1857,-3.1364],[16.1898,-3.0823],[16.1845,-3.0261],[16.1883,-2.9764],[16.184,-2.9404],[16.177,-2.8825],[16.1782,-2.8681],[16.1809,-2.8541],[16.2045,-2.7827],[16.2256,-2.6352],[16.1923,-2.3952],[16.1917,-2.3469],[16.1898,-2.3375],[16.1875,-2.3323],[16.1783,-2.3185],[16.1749,-2.3031],[16.1769,-2.2868],[16.1899,-2.2419],[16.19,-2.2355],[16.1886,-2.2277],[16.1874,-2.2046],[16.1946,-2.182],[16.2068,-2.161],[16.2313,-2.129],[16.2561,-2.1068],[16.2844,-2.0876],[16.3402,-2.0341],[16.3826,-2.0022],[16.4456,-1.9405],[16.4609,-1.9209],[16.47,-1.9127],[16.4748,-1.9101],[16.4903,-1.9036],[16.5078,-1.8903],[16.514,-1.8874],[16.5172,-1.8737],[16.5225,-1.8617],[16.525,-1.8585],[16.6042,-1.7541],[16.6172,-1.7287],[16.6231,-1.6992],[16.6225,-1.6652],[16.6238,-1.6538],[16.6289,-1.6373],[16.6362,-1.6208],[16.656,-1.5903],[16.6695,-1.5694],[16.6926,-1.523],[16.7255,-1.48],[16.7627,-1.4059],[16.7793,-1.3824],[16.7947,-1.3455],[16.8178,-1.3042],[16.8287,-1.2763],[16.8332,-1.269],[16.8397,-1.2625],[16.8626,-1.2489],[16.9092,-1.2111],[16.9405,-1.1748],[16.9796,-1.1402],[17.0031,-1.1129],[17.0059,-1.1068],[17.012,-1.1043],[17.0226,-1.097],[17.0287,-1.0945],[17.0605,-1.0892],[17.1087,-1.0756],[17.1754,-1.0483],[17.1948,-1.043],[17.2454,-1.0359],[17.2977,-1.0211],[17.308,-1.015],[17.3277,-0.9917],[17.3304,-0.9866],[17.3573,-0.9735],[17.365,-0.9672],[17.3854,-0.9424],[17.4115,-0.9183],[17.5459,-0.7565],[17.6022,-0.6887],[17.623,-0.6733],[17.6359,-0.6585],[17.6476,-0.6499],[17.6509,-0.6463],[17.6525,-0.6422],[17.6545,-0.6275],[17.6587,-0.6198],[17.6642,-0.6127],[17.728,-0.5531],[17.742,-0.5334],[17.7495,-0.5234],[17.7408,-0.3462],[17.7163,-0.2462],[17.7137,-0.2209],[17.7164,-0.1958],[17.7571,-0.0095],[17.7754,0.0264],[17.854,0.2411],[17.9399,0.3613],[17.9455,0.3773],[17.952,0.4743],[17.9499,0.4915],[17.9436,0.5108],[17.9331,0.527],[17.9184,0.5352],[17.8993,0.5833],[17.8932,0.6077],[17.8926,0.6359],[17.9076,0.7131],[17.9077,0.7405],[17.8779,0.8679],[17.8782,0.9472],[17.8666,1.0166],[17.8733,1.0396],[17.8925,1.0774],[17.9148,1.102],[17.9562,1.1717],[17.9634,1.1915],[17.967,1.2537],[18.002,1.3658],[18.0067,1.4024],[18.0123,1.422],[18.0714,1.5515],[18.0737,1.5723],[18.0661,1.859],[18.0682,1.8762],[18.0783,1.9093],[18.0815,1.9265],[18.0817,1.9424],[18.076,1.9885],[18.0808,2.0842],[18.0783,2.1148],[18.0724,2.1452],[18.0724,2.16],[18.1112,2.2653],[18.1186,2.277],[18.1427,2.3057],[18.1467,2.3159],[18.1638,2.321],[18.174,2.3361],[18.188,2.3709],[18.1991,2.3891],[18.2078,2.408],[18.2141,2.4277],[18.2252,2.4865],[18.233,2.5026],[18.2462,2.5189],[18.3035,2.5726],[18.3137,2.576],[18.3167,2.5843],[18.3932,2.7137],[18.4183,2.7817],[18.4219,2.8088],[18.4252,2.8222],[18.4492,2.873],[18.4673,2.8989],[18.4718,2.9092],[18.4758,2.9312],[18.4796,2.9414],[18.4953,2.9661],[18.5284,3.0648],[18.5414,3.0828],[18.5621,3.0968],[18.5973,3.1146],[18.6131,3.1282],[18.6197,3.1448],[18.6218,3.1567],[18.6311,3.179],[18.6424,3.3238],[18.6346,3.4492],[18.6264,3.4769]]],[[[12.9053,-5.8695],[12.9339,-5.8738],[12.9538,-5.8716],[12.9725,-5.8683],[12.9946,-5.8682],[12.9693,-5.888],[12.9406,-5.8968],[12.8844,-5.9079],[12.8701,-5.9177],[12.8393,-5.9276],[12.8074,-5.954],[12.7832,-5.9606],[12.7611,-5.9584],[12.7451,-5.9402],[12.7655,-5.9201],[12.7952,-5.897],[12.8282,-5.8718],[12.8546,-5.8685],[12.9053,-5.8695]]]]}},{"type":"Feature","properties":{"ADM0_A3":"LBY","NAME":"Libya"},"geometry":{"type":"Polygon","coordinates":[[[11.5051,33.1812],[11.5259,33.1769],[11.5602,33.1659],[11.575,33.1579],[11.5877,33.1323],[11.603,33.1215],[11.6358,33.1087],[11.7566,33.0925],[11.7935,33.0808],[11.773,33.0994],[11.7078,33.1172],[11.6911,33.136],[11.7393,33.113],[11.847,33.0828],[12.0807,32.9578],[12.1224,32.9213],[12.1607,32.9117],[12.2249,32.8759],[12.3039,32.8431],[12.3483,32.8327],[12.7298,32.7986],[12.8244,32.8043],[13.0745,32.8664],[13.1155,32.8821],[13.1477,32.904],[13.1647,32.9127],[13.1878,32.9162],[13.2571,32.9186],[13.3517,32.9042],[13.3631,32.8996],[13.3735,32.892],[13.5715,32.8028],[13.617,32.7934],[13.7871,32.7996],[13.8303,32.7941],[13.9153,32.7728],[13.9912,32.7446],[14.1755,32.7177],[14.1853,32.7145],[14.2034,32.7003],[14.2093,32.6972],[14.2263,32.6909],[14.2625,32.6603],[14.3171,32.6304],[14.4041,32.5668],[14.4494,32.5254],[14.4695,32.519],[14.6316,32.4957],[14.6476,32.4883],[14.6629,32.4768],[14.7067,32.4563],[14.7268,32.4508],[14.9111,32.4439],[15.1148,32.4128],[15.16,32.3987],[15.182,32.3955],[15.196,32.3898],[15.2332,32.3471],[15.2697,32.3288],[15.2831,32.3173],[15.2922,32.2809],[15.3008,32.2608],[15.3226,32.2242],[15.3645,32.1747],[15.3705,32.1591],[15.3687,32.138],[15.3596,32.1021],[15.3569,32.0617],[15.3552,32.0385],[15.3611,31.9653],[15.3705,31.9294],[15.4904,31.6649],[15.5144,31.6284],[15.6228,31.4973],[15.6875,31.4378],[15.7615,31.3881],[16.0446,31.2755],[16.3587,31.2271],[16.728,31.2238],[16.9419,31.1833],[17.1603,31.1188],[17.3306,31.0865],[17.3659,31.0866],[17.375,31.0831],[17.382,31.0788],[17.4186,31.0622],[17.4473,31.0387],[17.4578,31.0334],[17.4668,31.03],[17.6139,30.9925],[17.6917,30.9597],[17.7761,30.9352],[17.8486,30.9237],[17.8617,30.9136],[17.8892,30.8779],[17.9075,30.8635],[17.9268,30.8552],[18.0169,30.8379],[18.1753,30.7861],[18.2083,30.7692],[18.2357,30.7468],[18.3242,30.6569],[18.5684,30.5001],[18.6233,30.4457],[18.6532,30.4223],[18.7192,30.3915],[18.761,30.3842],[18.7805,30.3759],[18.926,30.2934],[18.968,30.2777],[19.0568,30.2662],[19.146,30.2647],[19.2398,30.274],[19.2917,30.2871],[19.3386,30.2988],[19.419,30.3332],[19.5305,30.3968],[19.551,30.4049],[19.596,30.412],[19.6164,30.4214],[19.7489,30.5109],[19.9143,30.6829],[19.9582,30.7497],[19.9822,30.7786],[20.0187,30.8038],[20.0365,30.8191],[20.0999,30.935],[20.1467,31.0456],[20.1524,31.0882],[20.1467,31.2168],[20.1281,31.243],[20.1033,31.3087],[20.0822,31.3366],[20.0383,31.3759],[20.0222,31.3968],[19.9548,31.5595],[19.9489,31.601],[19.948,31.6451],[19.9443,31.6614],[19.9269,31.6992],[19.9207,31.7177],[19.9172,31.7592],[19.9197,31.8047],[19.9343,31.8884],[19.948,31.926],[19.9458,31.936],[19.9417,31.9469],[19.9401,31.9578],[19.9446,31.9675],[19.9572,31.9827],[20.048,32.1461],[20.0715,32.1764],[20.2617,32.3395],[20.2772,32.3608],[20.3255,32.4098],[20.3457,32.4199],[20.3855,32.4346],[20.4033,32.4473],[20.4168,32.4595],[20.5627,32.5578],[20.7966,32.643],[20.9341,32.7226],[21.051,32.7723],[21.0967,32.7811],[21.2868,32.7711],[21.3319,32.7746],[21.4148,32.7934],[21.4546,32.8126],[21.6087,32.9307],[21.6232,32.9368],[21.6717,32.9399],[21.7163,32.9504],[21.7437,32.9309],[21.7874,32.916],[21.8361,32.9066],[21.8775,32.9032],[22.0962,32.9231],[22.1013,32.9264],[22.1118,32.9409],[22.1167,32.9442],[22.1388,32.9476],[22.1496,32.9479],[22.1614,32.9442],[22.1694,32.9382],[22.1711,32.9329],[22.1711,32.9263],[22.1751,32.9162],[22.2068,32.8881],[22.2473,32.8808],[22.3396,32.8821],[22.3792,32.8703],[22.4773,32.8071],[22.4968,32.7973],[22.5138,32.791],[22.5322,32.7875],[22.5789,32.7846],[22.8125,32.7245],[22.8667,32.6942],[22.8845,32.6898],[22.8958,32.6882],[22.9292,32.6767],[22.9426,32.675],[22.9769,32.6767],[22.9997,32.6706],[23.0414,32.6525],[23.0864,32.6465],[23.1061,32.6398],[23.1187,32.6293],[23.1209,32.6152],[23.1152,32.6049],[23.0979,32.5867],[23.0944,32.5774],[23.1039,32.5163],[23.1133,32.5008],[23.1287,32.4885],[23.1489,32.4781],[23.141,32.4586],[23.1284,32.3955],[23.1087,32.4023],[23.1122,32.4119],[23.1099,32.4203],[23.1034,32.4282],[23.0944,32.4365],[23.0791,32.3544],[23.0806,32.3341],[23.0956,32.3236],[23.1565,32.3035],[23.179,32.3],[23.1951,32.2917],[23.2145,32.2724],[23.2308,32.2506],[23.2435,32.2206],[23.2573,32.2138],[23.2732,32.2097],[23.2854,32.2038],[23.2932,32.1923],[23.3025,32.1707],[23.3122,32.1627],[23.3104,32.1793],[23.2991,32.2242],[23.3184,32.2178],[23.362,32.2171],[23.3709,32.214],[23.3989,32.194],[23.4053,32.1907],[23.5311,32.1814],[23.6697,32.1833],[23.8403,32.1491],[23.9987,32.0939],[23.9753,32.0742],[23.9707,32.0666],[23.9788,32.0622],[24.0049,32.0529],[24.0679,32.0112],[24.0907,32.0058],[24.2809,32.0076],[24.5461,31.9914],[24.6362,32.0149],[24.6585,32.0286],[24.6703,32.0324],[24.7106,32.0256],[24.7186,32.0275],[24.7263,32.0313],[24.7337,32.0331],[24.7419,32.029],[24.7459,32.0262],[24.7581,32.02],[24.772,32.0168],[24.7918,32.0078],[24.8244,32.003],[24.8654,31.9893],[24.9817,31.9679],[25.0179,31.949],[25.0334,31.9163],[25.0244,31.8766],[25.0222,31.8547],[25.0296,31.8369],[25.0637,31.8041],[25.1169,31.738],[25.1221,31.7209],[25.1367,31.6926],[25.1563,31.6631],[25.1525,31.6598],[25.1509,31.6565],[25.0884,31.6135],[25.0604,31.5794],[25.0237,31.4944],[24.8613,31.3804],[24.849,31.3486],[24.8486,31.312],[24.8586,31.2279],[24.8595,31.146],[24.8826,31.0391],[24.8896,31.0188],[24.9246,30.9568],[24.9376,30.9058],[24.9812,30.8254],[24.9949,30.7851],[24.9886,30.7506],[24.9736,30.7163],[24.9612,30.6763],[24.9507,30.6212],[24.9204,30.5523],[24.9171,30.5325],[24.9077,30.4987],[24.8881,30.4643],[24.8297,30.3876],[24.7994,30.3608],[24.7724,30.331],[24.7629,30.3171],[24.7461,30.2828],[24.7047,30.2179],[24.6887,30.1828],[24.6883,30.1442],[24.6973,30.1226],[24.7255,30.0784],[24.8116,29.8909],[24.8162,29.8684],[24.8149,29.8486],[24.7982,29.7964],[24.8049,29.7548],[24.8562,29.6795],[24.8707,29.6383],[24.8706,29.614],[24.8616,29.5416],[24.8638,29.5029],[24.8738,29.4683],[24.9566,29.2927],[24.9743,29.2389],[24.9812,29.1814],[24.9812,29.0579],[24.9812,28.8902],[24.9812,28.4915],[24.9812,28.0967],[24.9812,28.0185],[24.9812,27.6665],[24.9812,27.6278],[24.9812,27.4755],[24.9812,27.138],[24.9812,27.0492],[24.9812,26.86],[24.9812,26.6645],[24.9812,26.3727],[24.9812,26.0808],[24.9812,25.789],[24.9812,25.4973],[24.9812,25.2054],[24.9812,24.9136],[24.9812,24.6217],[24.9812,24.33],[24.9812,24.0381],[24.9812,23.7463],[24.9812,23.4544],[24.9812,23.1627],[24.9812,22.8708],[24.9812,22.579],[24.9812,22.2872],[24.9812,21.9954],[24.9812,21.8708],[24.9811,21.7462],[24.9811,21.6216],[24.9811,21.497],[24.9811,21.3724],[24.981,21.2479],[24.9809,21.1233],[24.9809,20.9987],[24.9809,20.8741],[24.9808,20.7495],[24.9808,20.6249],[24.9808,20.5004],[24.9807,20.4053],[24.9806,20.3102],[24.9806,20.2151],[24.9805,20.12],[24.9805,20.0084],[24.9805,20.0021],[24.9796,20.0005],[24.9787,19.999],[24.9777,19.9975],[24.9768,19.996],[24.9745,19.9957],[24.9724,19.9954],[24.9702,19.9952],[24.968,19.995],[24.8672,19.995],[24.7213,19.995],[24.5991,19.9951],[24.4746,19.9952],[24.3409,19.9953],[24.2279,19.9953],[24.1424,19.9954],[23.9813,19.9954],[23.9813,19.8706],[23.9813,19.7458],[23.9813,19.621],[23.9813,19.4961],[23.8578,19.5572],[23.7343,19.6181],[23.6108,19.6791],[23.4873,19.7402],[23.3638,19.8012],[23.2402,19.8621],[23.1168,19.9232],[22.9931,19.9841],[22.8696,20.0451],[22.7461,20.1061],[22.6226,20.1671],[22.4991,20.2281],[22.3756,20.2891],[22.2521,20.3501],[22.1286,20.4111],[22.0051,20.472],[21.8815,20.5331],[21.7581,20.594],[21.6345,20.655],[21.511,20.716],[21.3875,20.777],[21.264,20.838],[21.1403,20.899],[21.0169,20.96],[20.8933,21.0209],[20.7699,21.082],[20.6464,21.1429],[20.5228,21.2039],[20.3994,21.265],[20.2758,21.3259],[20.1523,21.3869],[20.0288,21.4479],[19.9053,21.5089],[19.7817,21.5699],[19.6583,21.6309],[19.5347,21.6919],[19.4111,21.7529],[19.2876,21.8139],[19.1858,21.8642],[19.1641,21.8749],[19.0407,21.9359],[18.9171,21.9968],[18.7936,22.0579],[18.6701,22.1188],[18.5466,22.1798],[18.423,22.2409],[18.2996,22.3018],[18.176,22.3628],[18.0525,22.4239],[17.929,22.4848],[17.8055,22.5458],[17.6819,22.6068],[17.5584,22.6678],[17.4348,22.7288],[17.3114,22.7898],[17.1879,22.8508],[17.0643,22.9118],[16.9409,22.9727],[16.8173,23.0337],[16.6938,23.0947],[16.5703,23.1557],[16.4468,23.2167],[16.3232,23.2777],[16.1998,23.3387],[16.0762,23.3996],[15.9851,23.4447],[15.9646,23.4422],[15.9202,23.422],[15.8625,23.3959],[15.8049,23.3698],[15.7472,23.3436],[15.6896,23.3175],[15.6319,23.2913],[15.5743,23.2652],[15.5165,23.239],[15.4588,23.2129],[15.4012,23.1868],[15.3435,23.1606],[15.2858,23.1345],[15.2281,23.1084],[15.1704,23.0823],[15.1129,23.0561],[15.0552,23.03],[14.9975,23.0038],[14.9799,22.9957],[14.9793,22.9954],[14.9792,22.9953],[14.808,22.9089],[14.6371,22.8225],[14.466,22.7362],[14.2949,22.6498],[14.2317,22.6179],[14.2162,22.6163],[14.2016,22.6232],[14.1562,22.6607],[14.031,22.7637],[13.9061,22.8666],[13.7809,22.9696],[13.6558,23.0726],[13.5996,23.119],[13.4823,23.1797],[13.3807,23.2024],[13.2924,23.2221],[13.2041,23.2417],[13.1159,23.2614],[13.0276,23.2811],[12.9394,23.3008],[12.8512,23.3205],[12.763,23.3402],[12.6747,23.3599],[12.5865,23.3796],[12.4983,23.3992],[12.41,23.4189],[12.3218,23.4386],[12.2337,23.4583],[12.1453,23.4779],[12.057,23.4976],[11.9689,23.5174],[11.8924,23.6601],[11.8223,23.7906],[11.7101,24.0001],[11.7086,24.003],[11.6365,24.1376],[11.5671,24.2668],[11.5414,24.2975],[11.5086,24.3138],[11.4672,24.3263],[11.15,24.4223],[10.9114,24.4945],[10.7207,24.5523],[10.6991,24.5561],[10.6774,24.5539],[10.5668,24.5165],[10.4502,24.4769],[10.4105,24.4733],[10.3918,24.48],[10.2603,24.5766],[10.2422,24.5951],[10.2297,24.6299],[10.2122,24.7229],[10.1934,24.7499],[10.0445,24.8296],[10.032,24.8563],[10.03,24.9951],[10.0255,25.1364],[10.0214,25.268],[10.0079,25.3314],[9.9695,25.3954],[9.8167,25.5885],[9.694,25.7435],[9.5413,25.9364],[9.4012,26.1134],[9.3778,26.1689],[9.4025,26.2162],[9.4165,26.2323],[9.4348,26.272],[9.4689,26.301],[9.4776,26.3156],[9.4814,26.3326],[9.4826,26.3526],[9.8358,26.5042],[9.8546,26.5244],[9.8963,26.6528],[9.8941,26.674],[9.8826,26.7018],[9.8855,26.7366],[9.9106,26.8431],[9.9067,26.8575],[9.8908,26.8696],[9.8461,26.892],[9.8351,26.901],[9.8255,26.9206],[9.8061,27.0251],[9.7213,27.2919],[9.7219,27.3085],[9.7265,27.3247],[9.7431,27.3641],[9.7563,27.423],[9.7705,27.4442],[9.8136,27.4865],[9.8216,27.5057],[9.8117,27.5265],[9.7971,27.5489],[9.7939,27.5697],[9.8185,27.5857],[9.8466,27.5993],[9.8634,27.6192],[9.9313,27.8186],[9.9343,27.8274],[9.9359,27.8667],[9.7899,28.2094],[9.777,28.2676],[9.8273,28.6186],[9.8513,28.786],[9.8483,28.9757],[9.8261,29.1285],[9.7469,29.3684],[9.6677,29.6083],[9.5497,29.8023],[9.4217,29.9687],[9.3695,30.0228],[9.31,30.0844],[9.2865,30.1171],[9.5197,30.2289],[9.7435,30.3313],[9.7729,30.3381],[9.8458,30.3423],[9.8713,30.3552],[9.9956,30.4945],[10.1012,30.6417],[10.1922,30.7313],[10.2539,30.8418],[10.2697,30.8821],[10.2702,30.9156],[10.245,30.9857],[10.2406,31.0212],[10.2462,31.0596],[10.2448,31.0782],[10.2132,31.1354],[10.1827,31.2408],[10.1081,31.4118],[10.1062,31.4292],[10.1169,31.4944],[10.1326,31.5176],[10.1965,31.5786],[10.264,31.6805],[10.3154,31.7158],[10.4278,31.7146],[10.4825,31.7331],[10.4989,31.7443],[10.5135,31.757],[10.5255,31.7721],[10.5424,31.8066],[10.5846,31.8403],[10.5976,31.8735],[10.6059,31.9536],[10.6285,31.9741],[10.6473,31.972],[10.6653,31.9632],[10.6836,31.957],[10.7031,31.9622],[10.7366,31.9854],[10.7729,32.0045],[10.8056,32.0324],[10.8459,32.1118],[10.8732,32.1367],[11.1823,32.2622],[11.444,32.3685],[11.5139,32.408],[11.5261,32.4179],[11.5464,32.4343],[11.5641,32.4655],[11.5606,32.5076],[11.5374,32.5435],[11.4704,32.5993],[11.4499,32.638],[11.4492,32.693],[11.4638,32.7985],[11.4565,32.9021],[11.4744,32.9699],[11.4749,33.0258],[11.4774,33.0412],[11.506,33.1364],[11.5051,33.1812]]]}},{"type":"Feature","properties":{"ADM0_A3":"SLE","NAME":"Sierra Leone"},"geometry":{"type":"MultiPolygon","coordinates":[[[[-10.2822,8.4846],[-10.2829,8.4329],[-10.3137,8.3103],[-10.3313,8.2723],[-10.3333,8.2498],[-10.326,8.2215],[-10.3182,8.2016],[-10.3209,8.1831],[-10.3455,8.1593],[-10.3649,8.1482],[-10.3846,8.1421],[-10.4051,8.1393],[-10.4857,8.1389],[-10.5057,8.1358],[-10.5292,8.1243],[-10.544,8.1061],[-10.5672,8.0632],[-10.5778,8.0532],[-10.6031,8.0392],[-10.6121,8.0319],[-10.6162,8.0225],[-10.6177,8.0108],[-10.6152,7.769],[-10.6381,7.7655],[-10.6454,7.763],[-10.6926,7.7376],[-10.7306,7.7055],[-10.864,7.5437],[-10.8746,7.5309],[-10.8857,7.5222],[-10.899,7.5165],[-10.937,7.5078],[-10.9779,7.4849],[-11.1263,7.368],[-11.1442,7.3452],[-11.2093,7.2622],[-11.2179,7.2541],[-11.3002,7.2171],[-11.3172,7.2136],[-11.352,7.1593],[-11.3701,7.1426],[-11.3732,7.1388],[-11.3706,7.1284],[-11.3564,7.1054],[-11.3531,7.0928],[-11.3551,7.0841],[-11.3605,7.0786],[-11.3679,7.076],[-11.3897,7.0735],[-11.3929,7.0669],[-11.3893,7.0467],[-11.3915,7.0318],[-11.3977,7.0128],[-11.4073,6.9964],[-11.4347,6.9808],[-11.4389,6.9639],[-11.4367,6.9385],[-11.4445,6.9339],[-11.4762,6.9194],[-11.4928,6.9328],[-11.5339,6.9421],[-11.5539,6.9525],[-11.5729,6.9658],[-11.588,6.9789],[-11.579,6.9804],[-11.5743,6.9826],[-11.5713,6.9863],[-11.5675,6.9926],[-11.5955,6.9933],[-11.6077,6.9914],[-11.6159,6.9858],[-11.6221,6.9858],[-11.6312,7.0082],[-11.6452,7.0228],[-11.6982,7.067],[-11.8396,7.149],[-12.0737,7.2336],[-12.3148,7.329],[-12.5066,7.3898],[-12.4762,7.4151],[-12.4396,7.4165],[-12.4022,7.4046],[-12.3695,7.3898],[-12.3711,7.3986],[-12.3759,7.405],[-12.3834,7.409],[-12.3933,7.4103],[-12.401,7.4125],[-12.4092,7.4247],[-12.4172,7.4308],[-12.4359,7.4382],[-12.4465,7.4391],[-12.4643,7.4296],[-12.4728,7.434],[-12.4809,7.4412],[-12.4892,7.4451],[-12.4924,7.4536],[-12.4836,7.4724],[-12.4708,7.4912],[-12.452,7.5075],[-12.4415,7.5229],[-12.4283,7.5336],[-12.4104,7.5277],[-12.3994,7.5329],[-12.3878,7.5346],[-12.3627,7.5344],[-12.3575,7.5355],[-12.3454,7.5397],[-12.3387,7.5407],[-12.3315,7.5386],[-12.3193,7.5295],[-12.3148,7.5277],[-12.2951,7.5331],[-12.2781,7.5434],[-12.2589,7.5524],[-12.2322,7.5537],[-12.2343,7.5571],[-12.2366,7.5645],[-12.2384,7.568],[-12.2202,7.5735],[-12.2018,7.576],[-12.1881,7.5831],[-12.1838,7.6027],[-12.1913,7.6027],[-12.1975,7.6012],[-12.2043,7.6008],[-12.2113,7.5998],[-12.218,7.5959],[-12.2239,7.605],[-12.2255,7.609],[-12.2353,7.6071],[-12.2467,7.6068],[-12.2563,7.6052],[-12.2602,7.5993],[-12.2628,7.5906],[-12.2693,7.5864],[-12.2869,7.5816],[-12.2987,7.576],[-12.3179,7.5754],[-12.3277,7.5732],[-12.3483,7.5634],[-12.37,7.5593],[-12.3913,7.5505],[-12.4036,7.5475],[-12.41,7.5482],[-12.4301,7.5527],[-12.4411,7.5537],[-12.4637,7.562],[-12.4711,7.5811],[-12.4763,7.6022],[-12.493,7.6164],[-12.493,7.6225],[-12.488,7.6271],[-12.4852,7.633],[-12.4845,7.6407],[-12.4855,7.6505],[-12.493,7.6437],[-12.5004,7.6391],[-12.507,7.6386],[-12.5128,7.6443],[-12.5196,7.6443],[-12.5196,7.6301],[-12.5439,7.6536],[-12.5314,7.6871],[-12.493,7.7399],[-12.4766,7.7313],[-12.4713,7.7263],[-12.465,7.7331],[-12.4709,7.7462],[-12.4718,7.76],[-12.4659,7.7706],[-12.452,7.7741],[-12.4722,7.7877],[-12.4901,7.7719],[-12.5196,7.7263],[-12.5695,7.6955],[-12.6019,7.6838],[-12.6164,7.6952],[-12.6242,7.6948],[-12.6884,7.7069],[-12.6948,7.7071],[-12.7012,7.7081],[-12.7114,7.712],[-12.7512,7.74],[-12.7657,7.7466],[-12.7781,7.7558],[-12.7872,7.7741],[-12.7905,7.7924],[-12.7875,7.8046],[-12.7775,7.8134],[-12.7598,7.8218],[-12.7779,7.819],[-12.8287,7.7983],[-12.8759,7.8287],[-12.8893,7.8548],[-12.8986,7.8657],[-12.9137,7.8703],[-12.9246,7.8749],[-12.9379,7.8864],[-12.9591,7.9112],[-12.9394,7.9151],[-12.9055,7.9341],[-12.8867,7.9385],[-12.871,7.9365],[-12.8545,7.9316],[-12.8213,7.9174],[-12.8415,7.938],[-12.8669,7.9555],[-12.8884,7.9753],[-12.9053,8.0241],[-12.9072,8.0273],[-12.9118,8.0307],[-12.9101,8.0383],[-12.9038,8.0515],[-12.9015,8.0657],[-12.8952,8.0796],[-12.8863,8.0924],[-12.8759,8.103],[-12.9081,8.1074],[-12.9215,8.1199],[-12.9294,8.1394],[-12.9448,8.1645],[-12.9562,8.1722],[-12.9697,8.1778],[-12.9811,8.1862],[-12.9857,8.2023],[-12.9851,8.2167],[-12.983,8.2298],[-12.9787,8.242],[-12.9721,8.2539],[-12.9811,8.2521],[-12.9869,8.2482],[-12.9921,8.2438],[-12.9994,8.2402],[-13.0063,8.2387],[-13.0106,8.2389],[-13.0154,8.2397],[-13.0236,8.2402],[-13.0677,8.2333],[-13.0904,8.2246],[-13.1179,8.2088],[-13.1427,8.1898],[-13.1577,8.1713],[-13.1639,8.1713],[-13.1617,8.1872],[-13.1639,8.2296],[-13.1683,8.2507],[-13.1688,8.263],[-13.1639,8.2744],[-13.1756,8.2838],[-13.2103,8.3391],[-13.2123,8.3395],[-13.2145,8.3431],[-13.2191,8.3437],[-13.2239,8.3456],[-13.2259,8.3532],[-13.231,8.3638],[-13.2564,8.3972],[-13.2637,8.4017],[-13.2681,8.4114],[-13.2742,8.4209],[-13.2868,8.4245],[-13.2729,8.4419],[-13.2685,8.4499],[-13.267,8.4627],[-13.2697,8.4721],[-13.2827,8.491],[-13.2868,8.5002],[-13.2655,8.497],[-13.2595,8.4934],[-13.2527,8.4975],[-13.2504,8.4951],[-13.2458,8.4866],[-13.2289,8.4937],[-13.2108,8.4934],[-13.193,8.4878],[-13.1776,8.4792],[-13.1649,8.465],[-13.1444,8.4312],[-13.11,8.4132],[-13.0857,8.3904],[-13.0604,8.3727],[-13.0424,8.3754],[-13.0336,8.3767],[-13.0336,8.3835],[-13.0458,8.3862],[-13.0563,8.3912],[-13.0638,8.3992],[-13.0677,8.4109],[-13.0541,8.4109],[-13.0541,8.4177],[-13.0834,8.4244],[-13.111,8.4338],[-13.1256,8.449],[-13.1161,8.473],[-13.1044,8.4816],[-13.0743,8.4931],[-13.0615,8.5002],[-13.054,8.5102],[-13.0479,8.5211],[-13.0399,8.5268],[-13.0267,8.5207],[-13.0271,8.5322],[-13.0242,8.5432],[-13.0192,8.5531],[-13.0131,8.5617],[-13.0033,8.5591],[-12.9371,8.5543],[-12.9183,8.5492],[-12.9072,8.548],[-12.899,8.551],[-12.879,8.5648],[-12.8697,8.5692],[-12.8881,8.5731],[-12.9093,8.5705],[-12.9281,8.5722],[-12.9303,8.5834],[-12.9311,8.5828],[-12.9119,8.6068],[-12.8759,8.6852],[-12.9009,8.6549],[-12.9169,8.6276],[-12.9364,8.607],[-12.9721,8.5964],[-12.9899,8.5973],[-13.0049,8.6002],[-13.0181,8.6002],[-13.0439,8.5847],[-13.0618,8.5832],[-13.0785,8.589],[-13.0888,8.6027],[-13.0663,8.6068],[-13.0544,8.619],[-13.0443,8.6334],[-13.0267,8.6442],[-13.0267,8.6511],[-13.0356,8.6525],[-13.0411,8.6543],[-13.0447,8.658],[-13.0478,8.6647],[-13.0541,8.6647],[-13.0635,8.6339],[-13.0706,8.622],[-13.0819,8.6169],[-13.098,8.6219],[-13.1122,8.6339],[-13.1304,8.6579],[-13.1406,8.6522],[-13.1484,8.6534],[-13.154,8.6601],[-13.1577,8.671],[-13.1626,8.654],[-13.1543,8.6431],[-13.1392,8.6361],[-13.1229,8.6306],[-13.1366,8.6238],[-13.109,8.6033],[-13.1075,8.581],[-13.1221,8.5596],[-13.1434,8.5418],[-13.1392,8.5334],[-13.1393,8.5245],[-13.1441,8.5174],[-13.1543,8.5146],[-13.1624,8.5176],[-13.1685,8.5252],[-13.1951,8.5692],[-13.2025,8.5849],[-13.2089,8.6143],[-13.2169,8.6326],[-13.2272,8.6496],[-13.2366,8.6613],[-13.2412,8.6722],[-13.242,8.6886],[-13.2402,8.7194],[-13.2352,8.7199],[-13.2402,8.8258],[-13.2123,8.8571],[-13.2009,8.8598],[-13.1965,8.8564],[-13.1932,8.8498],[-13.185,8.8435],[-13.1081,8.8441],[-13.0922,8.8466],[-13.0718,8.8555],[-13.0431,8.8583],[-12.9857,8.8571],[-13.027,8.8697],[-13.0336,8.8668],[-13.0411,8.8612],[-13.0582,8.8612],[-13.0768,8.8647],[-13.0888,8.8702],[-13.0998,8.8654],[-13.1158,8.8624],[-13.1304,8.8641],[-13.1366,8.8739],[-13.1398,8.8814],[-13.1467,8.8834],[-13.1539,8.8833],[-13.1577,8.8845],[-13.1584,8.8923],[-13.1559,8.8953],[-13.1526,8.8971],[-13.1426,8.9167],[-13.1226,8.926],[-13.0978,8.9305],[-13.0751,8.9316],[-13.0751,8.9391],[-13.0925,8.9446],[-13.1151,8.9406],[-13.1577,8.9254],[-13.181,8.923],[-13.2061,8.9284],[-13.2257,8.9425],[-13.2328,8.9664],[-13.2367,8.9619],[-13.2389,8.9614],[-13.24,8.9598],[-13.2402,8.9521],[-13.2549,8.9664],[-13.2605,8.9653],[-13.2623,8.9612],[-13.2646,8.9579],[-13.267,8.9521],[-13.2884,8.9695],[-13.285,9.017],[-13.3011,9.0353],[-13.3011,9.0415],[-13.2774,9.0586],[-13.2336,9.0721],[-13.2075,9.0767],[-13.1918,9.073],[-13.1538,9.0493],[-13.1311,9.0415],[-13.1159,9.0439],[-13.0856,9.066],[-13.047,9.0845],[-13.0289,9.096],[-13.0152,9.1128],[-13.002,9.1441],[-12.9938,9.1587],[-12.9842,9.1723],[-12.9785,9.1752],[-12.9628,9.1767],[-12.9592,9.1778],[-12.9602,9.1861],[-12.9739,9.2028],[-12.9784,9.2128],[-12.9738,9.2416],[-12.9579,9.2724],[-12.937,9.2871],[-12.9175,9.267],[-12.8956,9.2785],[-12.8761,9.2798],[-12.8569,9.2785],[-12.8358,9.282],[-12.8191,9.2958],[-12.7953,9.3351],[-12.7779,9.3438],[-12.7642,9.3477],[-12.7636,9.3553],[-12.7676,9.3644],[-12.7678,9.3723],[-12.7598,9.3828],[-12.7541,9.3878],[-12.7372,9.3972],[-12.7329,9.3965],[-12.7278,9.3931],[-12.7229,9.3921],[-12.719,9.3984],[-12.7165,9.4044],[-12.7131,9.4082],[-12.7062,9.4139],[-12.7016,9.4202],[-12.6675,9.5287],[-12.6673,9.5337],[-12.6693,9.5382],[-12.6686,9.5424],[-12.661,9.546],[-12.6553,9.5477],[-12.6521,9.5494],[-12.6499,9.5521],[-12.6473,9.5566],[-12.6386,9.5894],[-12.6338,9.5979],[-12.6246,9.6013],[-12.6149,9.6001],[-12.6068,9.6007],[-12.6028,9.6094],[-12.6016,9.6517],[-12.5986,9.6549],[-12.5823,9.6834],[-12.5731,9.6926],[-12.542,9.7113],[-12.5388,9.7119],[-12.5375,9.7157],[-12.5377,9.7279],[-12.5357,9.7328],[-12.5307,9.7328],[-12.5256,9.7321],[-12.5225,9.7345],[-12.5229,9.7394],[-12.5266,9.7506],[-12.5273,9.7536],[-12.5136,9.8278],[-12.5137,9.8383],[-12.515,9.8451],[-12.5143,9.8513],[-12.5083,9.8604],[-12.4723,9.8813],[-12.427,9.8976],[-12.2767,9.9293],[-12.2536,9.9284],[-12.2356,9.9168],[-12.2174,9.9006],[-12.1936,9.8861],[-12.1748,9.8792],[-12.1583,9.8756],[-12.1413,9.8749],[-12.1098,9.8817],[-11.9218,9.9222],[-11.915,9.9315],[-11.9101,9.9925],[-11.4849,9.9948],[-11.2727,9.996],[-11.2473,9.9934],[-11.2134,9.9834],[-11.1996,9.9822],[-11.1885,9.9726],[-11.1813,9.9504],[-11.1677,9.8845],[-11.1603,9.8728],[-11.086,9.8262],[-11.0449,9.7871],[-11.0101,9.7427],[-10.9863,9.6978],[-10.9746,9.6638],[-10.9685,9.6542],[-10.9629,9.6508],[-10.9466,9.6448],[-10.9401,9.6397],[-10.9358,9.6319],[-10.9291,9.6057],[-10.9217,9.5959],[-10.896,9.5783],[-10.8863,9.5684],[-10.8828,9.5602],[-10.8777,9.5327],[-10.8706,9.5234],[-10.8602,9.5185],[-10.8526,9.5121],[-10.8537,9.4979],[-10.8591,9.473],[-10.8549,9.4553],[-10.844,9.4403],[-10.8291,9.4239],[-10.8134,9.4139],[-10.8115,9.4083],[-10.8222,9.4009],[-10.8318,9.3921],[-10.8194,9.3881],[-10.8017,9.3873],[-10.7952,9.3885],[-10.7854,9.3872],[-10.7748,9.3873],[-10.7655,9.3852],[-10.7535,9.3676],[-10.7415,9.3571],[-10.7282,9.3482],[-10.7178,9.3433],[-10.6751,9.3065],[-10.6738,9.294],[-10.6777,9.2829],[-10.6835,9.2718],[-10.6881,9.2593],[-10.6879,9.2507],[-10.6839,9.2338],[-10.6852,9.2245],[-10.6932,9.2128],[-10.7038,9.2063],[-10.715,9.2014],[-10.7247,9.1945],[-10.7426,9.1633],[-10.7535,9.1201],[-10.7463,9.0838],[-10.7104,9.073],[-10.6691,9.0744],[-10.6293,9.0704],[-10.606,9.0638],[-10.5941,9.0541],[-10.5931,9.0476],[-10.5922,9.0417],[-10.5918,9.0391],[-10.6071,8.9798],[-10.6119,8.9451],[-10.6101,8.8723],[-10.6085,8.8623],[-10.5994,8.834],[-10.5991,8.8296],[-10.6002,8.819],[-10.5997,8.8154],[-10.5963,8.8112],[-10.5891,8.8066],[-10.5863,8.8041],[-10.5453,8.75],[-10.5302,8.7392],[-10.5248,8.7295],[-10.4819,8.6725],[-10.4897,8.651],[-10.5033,8.6316],[-10.5221,8.6186],[-10.5452,8.6168],[-10.5654,8.6128],[-10.5846,8.5968],[-10.6005,8.5757],[-10.6165,8.5465],[-10.6319,8.532],[-10.6389,8.5199],[-10.6412,8.5066],[-10.6411,8.4948],[-10.6439,8.4869],[-10.6547,8.4855],[-10.6691,8.3991],[-10.6838,8.3749],[-10.702,8.3536],[-10.725,8.3199],[-10.7353,8.2873],[-10.7152,8.2696],[-10.7079,8.3031],[-10.6882,8.3241],[-10.6598,8.3333],[-10.6267,8.3315],[-10.6119,8.3253],[-10.5833,8.3069],[-10.5727,8.3046],[-10.5544,8.3118],[-10.5193,8.3348],[-10.4602,8.3922],[-10.448,8.4076],[-10.4238,8.4566],[-10.4141,8.4702],[-10.4024,8.481],[-10.3898,8.4891],[-10.3747,8.4948],[-10.3443,8.4991],[-10.3376,8.4986],[-10.3102,8.4904],[-10.3022,8.4859],[-10.2937,8.4831],[-10.2822,8.4846]]],[[[-12.493,7.568],[-12.5044,7.561],[-12.5054,7.5495],[-12.4991,7.5202],[-12.5018,7.5024],[-12.5087,7.4918],[-12.5176,7.4818],[-12.5264,7.4656],[-12.5275,7.4497],[-12.5189,7.4166],[-12.5196,7.4041],[-12.5323,7.3925],[-12.5497,7.3896],[-12.5658,7.3957],[-12.5749,7.4103],[-12.5544,7.4103],[-12.568,7.4354],[-12.5856,7.4599],[-12.6055,7.4787],[-12.6261,7.486],[-12.6406,7.4873],[-12.7318,7.5113],[-12.7644,7.528],[-12.8492,7.5407],[-12.9517,7.568],[-12.9517,7.5754],[-12.9143,7.5844],[-12.9103,7.5981],[-12.8981,7.6107],[-12.8833,7.6164],[-12.8448,7.6225],[-12.7357,7.6225],[-12.7189,7.6249],[-12.6811,7.6347],[-12.6214,7.6397],[-12.6007,7.6382],[-12.5811,7.6301],[-12.5959,7.6127],[-12.586,7.6076],[-12.5475,7.609],[-12.5297,7.6038],[-12.5154,7.5949],[-12.5035,7.5826],[-12.493,7.568]]]]}},{"type":"Feature","properties":{"ADM0_A3":"GIN","NAME":"Guinea"},"geometry":{"type":"Polygon","coordinates":[[[-13.3011,9.0415],[-13.3124,9.0483],[-13.3216,9.0566],[-13.3258,9.0678],[-13.3222,9.0831],[-13.3194,9.0836],[-13.3045,9.0831],[-13.3006,9.0846],[-13.3009,9.0882],[-13.3022,9.0925],[-13.3011,9.0961],[-13.2738,9.124],[-13.2549,9.1549],[-13.2431,9.1697],[-13.2259,9.1793],[-13.2082,9.1801],[-13.1761,9.1737],[-13.1577,9.1793],[-13.1577,9.1855],[-13.2185,9.1833],[-13.2473,9.186],[-13.2595,9.1964],[-13.2577,9.2003],[-13.2489,9.2083],[-13.2458,9.2134],[-13.2458,9.2265],[-13.2379,9.2466],[-13.2328,9.2674],[-13.2549,9.2448],[-13.2646,9.2204],[-13.2704,9.194],[-13.2806,9.165],[-13.3049,9.1755],[-13.3153,9.1821],[-13.3222,9.1929],[-13.3136,9.1979],[-13.3116,9.2072],[-13.3147,9.2333],[-13.3136,9.2331],[-13.3112,9.238],[-13.3089,9.2448],[-13.3079,9.2503],[-13.31,9.2538],[-13.3197,9.2593],[-13.3222,9.2612],[-13.3251,9.2813],[-13.3253,9.311],[-13.3187,9.3295],[-13.3011,9.3159],[-13.3038,9.3378],[-13.3034,9.3471],[-13.3011,9.3568],[-13.3079,9.3568],[-13.314,9.3496],[-13.3222,9.3454],[-13.3328,9.3436],[-13.3458,9.3432],[-13.3529,9.3388],[-13.3578,9.3284],[-13.3679,9.2822],[-13.3745,9.2728],[-13.3975,9.2838],[-13.4078,9.287],[-13.412,9.2934],[-13.4041,9.3084],[-13.4141,9.3172],[-13.4238,9.3329],[-13.4308,9.352],[-13.432,9.3711],[-13.4252,9.3899],[-13.4033,9.4182],[-13.3966,9.4394],[-13.4041,9.4394],[-13.4284,9.4207],[-13.4654,9.4182],[-13.4992,9.4288],[-13.514,9.4496],[-13.5209,9.4795],[-13.5207,9.4951],[-13.5102,9.5111],[-13.5006,9.5218],[-13.4932,9.5349],[-13.4884,9.5506],[-13.4867,9.5691],[-13.4935,9.5691],[-13.5156,9.5245],[-13.529,9.5057],[-13.5475,9.5002],[-13.5614,9.509],[-13.5753,9.5272],[-13.5855,9.5491],[-13.5884,9.5691],[-13.619,9.5564],[-13.6433,9.5425],[-13.678,9.5227],[-13.7058,9.5145],[-13.7071,9.5122],[-13.7143,9.5076],[-13.7224,9.5058],[-13.7262,9.5111],[-13.7241,9.5195],[-13.7189,9.5223],[-13.7123,9.5237],[-13.7058,9.5281],[-13.6733,9.5738],[-13.6527,9.5972],[-13.6408,9.6237],[-13.6258,9.6473],[-13.623,9.6629],[-13.6244,9.7203],[-13.6232,9.7274],[-13.6186,9.7321],[-13.6049,9.7374],[-13.6022,9.7438],[-13.5954,9.755],[-13.5807,9.762],[-13.5665,9.7711],[-13.5611,9.7882],[-13.5818,9.7772],[-13.5943,9.7742],[-13.6041,9.7802],[-13.6478,9.8315],[-13.6512,9.8428],[-13.6552,9.8417],[-13.6581,9.8405],[-13.6648,9.8366],[-13.6538,9.8052],[-13.6505,9.777],[-13.6613,9.7545],[-13.6921,9.7404],[-13.7289,9.7441],[-13.7472,9.7678],[-13.7498,9.7999],[-13.7399,9.8292],[-13.6983,9.8808],[-13.682,9.9135],[-13.6853,9.9465],[-13.694,9.9538],[-13.6975,9.9404],[-13.6992,9.9213],[-13.702,9.9117],[-13.7128,9.9052],[-13.7325,9.8768],[-13.7467,9.8708],[-13.7454,9.8665],[-13.7497,9.8635],[-13.7847,9.8502],[-13.7887,9.85],[-13.8097,9.8516],[-13.8277,9.8554],[-13.8428,9.8608],[-13.8492,9.8676],[-13.8551,9.8789],[-13.8691,9.8962],[-13.8861,9.9122],[-13.9006,9.9191],[-13.9276,9.9359],[-13.9332,9.9433],[-13.9454,9.9669],[-13.9543,9.9709],[-13.9711,9.9718],[-13.9795,9.9744],[-13.987,9.9804],[-14.0067,10.001],[-14.0217,10.0073],[-14.0323,10.009],[-14.043,10.0128],[-14.0583,10.0253],[-14.0619,10.0501],[-14.0461,10.0795],[-14.0203,10.0944],[-13.9938,10.0762],[-14.0011,10.0882],[-14.0148,10.1048],[-14.0282,10.1166],[-14.0341,10.114],[-14.0416,10.1013],[-14.0568,10.1066],[-14.0683,10.1181],[-14.0655,10.1246],[-14.0438,10.1332],[-14.027,10.154],[-13.9999,10.1997],[-14.0145,10.1928],[-14.0249,10.1837],[-14.0447,10.1622],[-14.0555,10.1553],[-14.0828,10.1429],[-14.0893,10.1383],[-14.0912,10.126],[-14.0893,10.0799],[-14.0923,10.0686],[-14.1006,10.0583],[-14.1134,10.051],[-14.1303,10.0489],[-14.1532,10.0556],[-14.1705,10.0708],[-14.1798,10.0903],[-14.1788,10.1103],[-14.1628,10.1266],[-14.1382,10.1445],[-14.1236,10.1626],[-14.1378,10.1792],[-14.1417,10.1645],[-14.1531,10.1563],[-14.1686,10.1527],[-14.1849,10.1519],[-14.1825,10.1295],[-14.2002,10.1127],[-14.2224,10.1061],[-14.2334,10.114],[-14.2366,10.1209],[-14.2436,10.1294],[-14.2506,10.1405],[-14.2538,10.1553],[-14.2505,10.1626],[-14.244,10.1689],[-14.2401,10.1751],[-14.2439,10.1823],[-14.2493,10.1843],[-14.2547,10.1828],[-14.259,10.1796],[-14.2607,10.1758],[-14.2701,10.1597],[-14.2921,10.1718],[-14.3524,10.2262],[-14.3627,10.2312],[-14.3767,10.2344],[-14.3918,10.2334],[-14.4055,10.2294],[-14.4186,10.228],[-14.432,10.2344],[-14.4525,10.2146],[-14.4626,10.2252],[-14.4659,10.2497],[-14.4661,10.272],[-14.4582,10.3043],[-14.4586,10.317],[-14.463,10.33],[-14.4686,10.3362],[-14.4753,10.3403],[-14.5373,10.4036],[-14.548,10.4256],[-14.5509,10.4466],[-14.5505,10.4721],[-14.5455,10.495],[-14.5356,10.5075],[-14.535,10.5082],[-14.5354,10.5082],[-14.5514,10.5068],[-14.5624,10.4993],[-14.5716,10.4894],[-14.5828,10.4809],[-14.5964,10.476],[-14.6135,10.4734],[-14.629,10.4763],[-14.6374,10.4877],[-14.6443,10.4877],[-14.6512,10.4751],[-14.6578,10.4796],[-14.6627,10.4941],[-14.6647,10.5116],[-14.6638,10.5292],[-14.6611,10.5426],[-14.6505,10.5703],[-14.6394,10.5666],[-14.626,10.5774],[-14.6114,10.593],[-14.5964,10.6037],[-14.6206,10.6043],[-14.6287,10.6173],[-14.6274,10.6355],[-14.6152,10.6913],[-14.6073,10.7054],[-14.5964,10.6994],[-14.5902,10.6994],[-14.5883,10.7143],[-14.5807,10.7221],[-14.5724,10.7263],[-14.5685,10.731],[-14.5555,10.7757],[-14.5313,10.8235],[-14.5174,10.829],[-14.5097,10.8425],[-14.5084,10.8585],[-14.5139,10.8719],[-14.51,10.8765],[-14.5002,10.8911],[-14.5199,10.8854],[-14.5226,10.8776],[-14.5192,10.8665],[-14.5214,10.8508],[-14.5549,10.8276],[-14.5589,10.8235],[-14.5735,10.8124],[-14.5904,10.7873],[-14.6044,10.7604],[-14.616,10.728],[-14.6297,10.7064],[-14.6579,10.6727],[-14.6861,10.6482],[-14.6998,10.6431],[-14.7057,10.6553],[-14.7037,10.6708],[-14.6981,10.6818],[-14.6894,10.689],[-14.6783,10.6931],[-14.6858,10.6947],[-14.6918,10.6945],[-14.6979,10.6918],[-14.7057,10.6863],[-14.7194,10.6994],[-14.7069,10.7392],[-14.6991,10.7563],[-14.6884,10.772],[-14.6822,10.7778],[-14.6681,10.7871],[-14.6613,10.7928],[-14.656,10.8006],[-14.6533,10.8076],[-14.6514,10.81],[-14.6566,10.812],[-14.6647,10.8166],[-14.678,10.7996],[-14.7231,10.7651],[-14.7348,10.7481],[-14.7464,10.7108],[-14.7603,10.6994],[-14.77,10.7188],[-14.7827,10.7313],[-14.7928,10.745],[-14.7951,10.7683],[-14.7816,10.7678],[-14.77,10.7769],[-14.7608,10.7904],[-14.7541,10.803],[-14.7493,10.8161],[-14.7461,10.8312],[-14.745,10.8441],[-14.7467,10.8508],[-14.7439,10.8566],[-14.7424,10.861],[-14.7405,10.8719],[-14.7589,10.8585],[-14.7653,10.8503],[-14.7677,10.8409],[-14.7726,10.8365],[-14.8013,10.8235],[-14.8087,10.8235],[-14.8097,10.8348],[-14.8091,10.8456],[-14.8065,10.8555],[-14.8013,10.8644],[-14.8073,10.8736],[-14.808,10.8825],[-14.8038,10.8908],[-14.7951,10.8986],[-14.8139,10.9003],[-14.8197,10.912],[-14.8168,10.9272],[-14.8087,10.9396],[-14.7961,10.9476],[-14.7786,10.9541],[-14.7599,10.9584],[-14.7436,10.96],[-14.7318,10.9665],[-14.725,10.9805],[-14.7206,10.9946],[-14.7163,11.001],[-14.6995,11.0055],[-14.6808,11.0275],[-14.6647,11.0358],[-14.6722,11.0414],[-14.6772,11.0476],[-14.6852,11.0637],[-14.687,11.0543],[-14.6901,11.0452],[-14.695,11.0385],[-14.7023,11.0358],[-14.7079,11.0345],[-14.7235,11.0283],[-14.7268,11.0258],[-14.7308,11.0058],[-14.7415,10.9891],[-14.7568,10.9812],[-14.7746,10.988],[-14.7794,10.9833],[-14.7846,10.9811],[-14.7914,10.9804],[-14.8013,10.9805],[-14.7955,10.9997],[-14.8013,11.0119],[-14.8107,11.0145],[-14.8155,11.0047],[-14.8435,10.9675],[-14.8746,10.9733],[-14.8944,11.0303],[-14.9186,11.029],[-14.9015,11.0117],[-14.8988,10.9932],[-14.9041,10.9755],[-14.9111,10.96],[-14.932,10.9757],[-14.9439,10.98],[-14.9596,10.9805],[-14.9264,10.9556],[-14.9144,10.9423],[-14.9111,10.9259],[-14.9209,10.9077],[-14.9398,10.8891],[-14.9581,10.8762],[-14.9664,10.875],[-14.9685,10.8779],[-14.9732,10.8789],[-14.9779,10.8779],[-14.9801,10.875],[-14.979,10.8688],[-14.9742,10.8593],[-14.9732,10.8542],[-14.9732,10.8201],[-14.969,10.8144],[-14.9596,10.81],[-14.9502,10.8038],[-14.9459,10.7928],[-14.9477,10.7876],[-14.9596,10.7683],[-14.9775,10.777],[-15.0139,10.7826],[-15.0316,10.7928],[-15.0526,10.8144],[-15.0694,10.8371],[-15.0795,10.8587],[-15.0811,10.8782],[-15.0743,10.8969],[-15.0589,10.916],[-15.0516,10.9196],[-15.0319,10.9255],[-15.0278,10.9293],[-15.0267,10.9367],[-15.0236,10.9436],[-15.0194,10.9495],[-15.0148,10.9538],[-15.0148,10.96],[-15.0193,10.9597],[-15.0203,10.9614],[-15.0201,10.9642],[-15.021,10.9675],[-14.9926,10.9962],[-14.9926,10.9964],[-14.9591,11.0358],[-14.8631,11.2186],[-14.8432,11.2972],[-14.8282,11.3348],[-14.729,11.478],[-14.7111,11.4976],[-14.6868,11.5107],[-14.6454,11.5151],[-14.5623,11.5056],[-14.5209,11.5129],[-14.4323,11.5606],[-14.3392,11.6106],[-14.3265,11.6206],[-14.3198,11.6305],[-14.3082,11.6545],[-14.3004,11.6632],[-14.2897,11.6689],[-14.2845,11.6682],[-14.2787,11.6651],[-14.195,11.6597],[-14.172,11.6628],[-14.1618,11.6609],[-14.1531,11.6548],[-14.1445,11.6474],[-14.1349,11.6418],[-14.1186,11.638],[-14.1047,11.6386],[-14.0746,11.6437],[-14.0588,11.644],[-14.0151,11.6371],[-13.9965,11.6438],[-13.9534,11.6697],[-13.9454,11.6757],[-13.9237,11.665],[-13.9036,11.6654],[-13.8864,11.6756],[-13.8735,11.6945],[-13.8707,11.7041],[-13.8685,11.727],[-13.873,11.7384],[-13.8701,11.7437],[-13.855,11.7434],[-13.8463,11.7373],[-13.843,11.7173],[-13.8346,11.7121],[-13.8201,11.7081],[-13.8195,11.7017],[-13.8217,11.6942],[-13.8158,11.6868],[-13.7957,11.684],[-13.77,11.6887],[-13.7458,11.6982],[-13.7299,11.7098],[-13.7248,11.7231],[-13.7196,11.7661],[-13.7194,11.784],[-13.7346,11.9019],[-13.7313,11.9434],[-13.7226,11.9839],[-13.7239,12.0028],[-13.7349,12.0193],[-13.7444,12.0239],[-13.7796,12.0293],[-13.7959,12.0363],[-13.8078,12.0443],[-13.8296,12.0681],[-13.8352,12.0778],[-13.8377,12.0854],[-13.8424,12.0913],[-13.8697,12.1007],[-13.8798,12.1077],[-13.8993,12.1262],[-13.9184,12.1378],[-13.9387,12.1443],[-13.9649,12.1479],[-13.9725,12.1516],[-13.9684,12.1626],[-13.9683,12.184],[-13.9657,12.1942],[-13.9439,12.2186],[-13.8832,12.2464],[-13.859,12.266],[-13.84,12.2771],[-13.8126,12.2836],[-13.7957,12.2787],[-13.8086,12.2561],[-13.7408,12.2569],[-13.7118,12.2675],[-13.695,12.2929],[-13.691,12.3193],[-13.683,12.3387],[-13.682,12.3503],[-13.6852,12.3792],[-13.6841,12.392],[-13.682,12.4003],[-13.6644,12.4415],[-13.6607,12.4587],[-13.6634,12.4758],[-13.6747,12.4961],[-13.7251,12.5581],[-13.7346,12.5853],[-13.7363,12.6076],[-13.7283,12.6734],[-13.4048,12.6618],[-13.3598,12.6497],[-13.3566,12.6489],[-13.352,12.647],[-13.3434,12.641],[-13.3386,12.6392],[-13.3328,12.6396],[-13.33,12.6421],[-13.3277,12.6449],[-13.3229,12.6465],[-13.2929,12.6527],[-13.2841,12.6533],[-13.2757,12.6511],[-13.2634,12.6432],[-13.2547,12.6418],[-13.246,12.6432],[-13.2291,12.6478],[-13.2215,12.6484],[-13.216,12.6457],[-13.2065,12.6357],[-13.2019,12.6334],[-13.1979,12.6341],[-13.1852,12.6378],[-13.1763,12.6377],[-13.1692,12.6388],[-13.1626,12.6381],[-13.1547,12.6328],[-13.1453,12.6439],[-13.1273,12.6348],[-13.109,12.6354],[-13.0917,12.6382],[-13.0765,12.6359],[-13.0636,12.6223],[-13.0593,12.6035],[-13.0604,12.5834],[-13.0642,12.5662],[-13.0791,12.5322],[-13.0827,12.5157],[-13.0783,12.4962],[-13.0667,12.4801],[-13.052,12.4723],[-13.0346,12.4706],[-13.0152,12.4727],[-12.9974,12.4659],[-12.981,12.467],[-12.9695,12.4768],[-12.9662,12.4961],[-12.9495,12.5359],[-12.9131,12.5363],[-12.874,12.5164],[-12.8492,12.495],[-12.8497,12.4911],[-12.8513,12.4844],[-12.8491,12.4758],[-12.8386,12.4664],[-12.8291,12.4628],[-12.7994,12.4606],[-12.7835,12.4531],[-12.7792,12.4433],[-12.7733,12.4351],[-12.7527,12.4324],[-12.6881,12.436],[-12.6675,12.4337],[-12.648,12.4258],[-12.6316,12.4127],[-12.6034,12.3819],[-12.5981,12.3724],[-12.5973,12.3654],[-12.5937,12.3616],[-12.5794,12.3612],[-12.5781,12.3615],[-12.5706,12.3637],[-12.5415,12.3795],[-12.5219,12.3869],[-12.5051,12.3903],[-12.4878,12.3895],[-12.4668,12.3845],[-12.4234,12.3691],[-12.4055,12.3565],[-12.3771,12.3137],[-12.3609,12.3056],[-12.192,12.3488],[-12.155,12.369],[-12.1219,12.3987],[-12.104,12.4074],[-12.0792,12.4081],[-12.0189,12.3884],[-11.9976,12.3864],[-11.9843,12.389],[-11.9463,12.4094],[-11.9352,12.417],[-11.9309,12.4187],[-11.9239,12.4188],[-11.922,12.4177],[-11.9206,12.416],[-11.8602,12.3911],[-11.8396,12.3867],[-11.7578,12.3833],[-11.72,12.3895],[-11.6431,12.4176],[-11.6015,12.4252],[-11.5154,12.4316],[-11.4816,12.4282],[-11.416,12.405],[-11.3884,12.4039],[-11.3886,12.3845],[-11.4076,12.3819],[-11.4317,12.383],[-11.4472,12.3745],[-11.4515,12.3521],[-11.4449,12.3125],[-11.4446,12.2895],[-11.4632,12.25],[-11.4917,12.2209],[-11.5078,12.1916],[-11.4896,12.1512],[-11.4708,12.1346],[-11.4096,12.1079],[-11.3917,12.0937],[-11.3513,12.0404],[-11.3347,12.0262],[-11.3151,12.0133],[-11.2947,12.0031],[-11.275,11.9963],[-11.2555,11.9962],[-11.2233,12.0093],[-11.207,12.0102],[-11.1912,12.0144],[-11.1763,12.0295],[-11.1656,12.0486],[-11.1594,12.0775],[-11.1527,12.0809],[-11.1442,12.0813],[-11.1363,12.0851],[-11.1221,12.1073],[-11.1175,12.1127],[-11.1166,12.1137],[-11.0843,12.1366],[-11.0728,12.1495],[-11.0598,12.1924],[-11.0523,12.2025],[-11.0388,12.2053],[-11.0155,12.2044],[-10.972,12.2186],[-10.9521,12.2195],[-10.9277,12.213],[-10.9098,12.2001],[-10.8696,12.1384],[-10.8464,12.1214],[-10.8229,12.1105],[-10.8049,12.096],[-10.7985,12.0681],[-10.8012,12.0592],[-10.811,12.0415],[-10.8124,12.0334],[-10.8078,12.0228],[-10.781,11.9962],[-10.7403,11.9199],[-10.7114,11.8904],[-10.67,11.892],[-10.6551,11.899],[-10.6452,11.9084],[-10.6342,11.9254],[-10.6253,11.9439],[-10.6215,11.9577],[-10.6138,11.9677],[-10.5957,11.9799],[-10.575,11.9903],[-10.5595,11.9952],[-10.5665,12.0173],[-10.5554,12.0293],[-10.5354,12.0387],[-10.5151,12.0529],[-10.5149,12.0601],[-10.5177,12.0707],[-10.5173,12.0803],[-10.508,12.0846],[-10.5044,12.0884],[-10.5127,12.1085],[-10.5116,12.1181],[-10.4935,12.1244],[-10.4457,12.1207],[-10.436,12.1352],[-10.4289,12.1434],[-10.3946,12.1716],[-10.3814,12.1801],[-10.3748,12.1748],[-10.3682,12.1715],[-10.3534,12.1665],[-10.3541,12.1809],[-10.3484,12.1848],[-10.3393,12.1855],[-10.3299,12.1904],[-10.3256,12.1998],[-10.3236,12.202],[-10.3165,12.1969],[-10.3136,12.1911],[-10.311,12.191],[-10.305,12.2029],[-10.2669,12.2178],[-10.259,12.2138],[-10.2541,12.2072],[-10.2478,12.2011],[-10.2149,12.1946],[-10.1798,12.1782],[-10.1602,12.1745],[-10.1358,12.1755],[-10.1287,12.1745],[-10.1188,12.1702],[-10.1052,12.1586],[-10.0973,12.1537],[-10.0903,12.1516],[-10.087,12.1506],[-10.0704,12.1499],[-10.0602,12.1475],[-10.0481,12.1414],[-10.0277,12.1257],[-10.0155,12.1199],[-9.9964,12.1141],[-9.9616,12.096],[-9.9415,12.0928],[-9.9232,12.0876],[-9.8888,12.0606],[-9.8707,12.0521],[-9.8611,12.0519],[-9.8407,12.055],[-9.8337,12.0551],[-9.823,12.0509],[-9.8068,12.0384],[-9.7966,12.0323],[-9.7786,12.0267],[-9.723,12.0254],[-9.6988,12.051],[-9.6863,12.0682],[-9.6815,12.0808],[-9.6837,12.1015],[-9.6823,12.1185],[-9.6751,12.134],[-9.66,12.1498],[-9.6282,12.1702],[-9.5156,12.2071],[-9.4959,12.2247],[-9.4796,12.2358],[-9.4389,12.2548],[-9.4215,12.2571],[-9.3602,12.2466],[-9.3368,12.2698],[-9.3319,12.2828],[-9.335,12.3065],[-9.3218,12.3102],[-9.3129,12.3261],[-9.3085,12.345],[-9.3092,12.3577],[-9.3148,12.3627],[-9.3316,12.3663],[-9.3392,12.3706],[-9.3439,12.3801],[-9.3445,12.389],[-9.3472,12.3965],[-9.3747,12.4111],[-9.3928,12.428],[-9.4073,12.4451],[-9.4126,12.4554],[-9.3982,12.4732],[-9.3509,12.4846],[-9.3342,12.4963],[-9.3273,12.4975],[-9.3215,12.4966],[-9.3082,12.489],[-9.2941,12.4838],[-9.2864,12.4881],[-9.2789,12.4944],[-9.2659,12.4952],[-9.1895,12.4792],[-9.1473,12.4655],[-9.0278,12.4048],[-8.9938,12.3875],[-8.9759,12.3687],[-8.9647,12.3463],[-8.9631,12.3242],[-8.9721,12.302],[-8.9853,12.2821],[-8.9959,12.261],[-8.9976,12.2348],[-8.9943,12.2248],[-8.9845,12.2089],[-8.9812,12.1989],[-8.9738,12.1876],[-8.9617,12.188],[-8.942,12.1958],[-8.927,12.1874],[-8.9139,12.1699],[-8.906,12.1477],[-8.907,12.1254],[-8.922,12.086],[-8.9263,12.0643],[-8.9221,12.0454],[-8.9037,12.0304],[-8.8817,12.0292],[-8.8588,12.0318],[-8.838,12.0282],[-8.8198,12.0127],[-8.8155,11.9957],[-8.8164,11.9768],[-8.8149,11.9554],[-8.81,11.9444],[-8.8032,11.9349],[-8.7978,11.9251],[-8.797,11.9132],[-8.8472,11.6579],[-8.8285,11.6592],[-8.8117,11.6517],[-8.7952,11.6419],[-8.7772,11.6359],[-8.7565,11.6388],[-8.7404,11.6462],[-8.7265,11.6495],[-8.7129,11.6401],[-8.6907,11.568],[-8.6873,11.55],[-8.679,11.5298],[-8.668,11.5109],[-8.6568,11.4964],[-8.6022,11.4721],[-8.5752,11.4703],[-8.5496,11.4901],[-8.544,11.4776],[-8.5394,11.4563],[-8.5355,11.4381],[-8.5276,11.4234],[-8.5158,11.419],[-8.4881,11.4182],[-8.4277,11.4001],[-8.3976,11.3859],[-8.3753,11.3677],[-8.3934,11.363],[-8.4141,11.3535],[-8.4261,11.3405],[-8.418,11.3255],[-8.3996,11.3222],[-8.3813,11.3251],[-8.371,11.3206],[-8.3767,11.2947],[-8.3884,11.2814],[-8.4067,11.2753],[-8.4269,11.2742],[-8.4446,11.2763],[-8.4832,11.2849],[-8.4926,11.2778],[-8.5031,11.2554],[-8.5023,11.2516],[-8.4992,11.2467],[-8.497,11.2407],[-8.4988,11.2335],[-8.5021,11.2312],[-8.5121,11.2303],[-8.5156,11.2291],[-8.5241,11.2238],[-8.5446,11.215],[-8.5518,11.2107],[-8.5639,11.1934],[-8.5697,11.1578],[-8.5782,11.1421],[-8.587,11.1375],[-8.6072,11.1372],[-8.6154,11.1341],[-8.6246,11.122],[-8.6249,11.1122],[-8.6224,11.1026],[-8.6231,11.0913],[-8.6337,11.0713],[-8.6798,11.0252],[-8.6887,11.0126],[-8.6969,10.996],[-8.7007,10.9785],[-8.6962,10.9627],[-8.6809,10.9523],[-8.6652,10.957],[-8.648,10.9658],[-8.6282,10.9678],[-8.6114,10.9651],[-8.5933,10.9647],[-8.5756,10.9667],[-8.5595,10.9716],[-8.5416,10.9838],[-8.5316,10.999],[-8.5058,11.0528],[-8.4891,11.0527],[-8.469,11.0464],[-8.4487,11.0471],[-8.4382,11.0497],[-8.4291,11.0483],[-8.4105,11.0419],[-8.4006,11.0433],[-8.3813,11.0539],[-8.3693,11.0542],[-8.3473,11.0431],[-8.3266,11.0238],[-8.3111,11.0008],[-8.3051,10.9782],[-8.3036,10.8749],[-8.3059,10.8563],[-8.3118,10.8472],[-8.3189,10.8395],[-8.3398,10.7839],[-8.3419,10.7632],[-8.3156,10.7531],[-8.3111,10.7353],[-8.2955,10.5374],[-8.2844,10.5112],[-8.2539,10.4698],[-8.2289,10.4234],[-8.2106,10.4141],[-8.189,10.4136],[-8.166,10.4181],[-8.1506,10.4245],[-8.1421,10.4296],[-8.1354,10.4273],[-8.1254,10.4117],[-8.1221,10.3995],[-8.1209,10.373],[-8.1155,10.3602],[-8.0961,10.3467],[-8.0701,10.3419],[-8.0157,10.3393],[-7.9963,10.3283],[-7.9815,10.307],[-7.9712,10.2818],[-7.9646,10.2589],[-7.9626,10.2333],[-7.968,10.21],[-7.9897,10.162],[-7.9998,10.1507],[-8.0072,10.1383],[-8.0123,10.1249],[-8.0157,10.1104],[-8.0349,10.0858],[-8.0579,10.0731],[-8.1088,10.0542],[-8.1275,10.0371],[-8.1477,10.01],[-8.1585,9.9849],[-8.1489,9.9739],[-8.1363,9.9694],[-8.1401,9.9597],[-8.1524,9.95],[-8.1738,9.9419],[-8.1747,9.933],[-8.1715,9.9228],[-8.1679,9.9147],[-8.1645,9.9127],[-8.159,9.9124],[-8.1532,9.9109],[-8.1495,9.9053],[-8.1472,9.8879],[-8.1457,9.8825],[-8.1473,9.8801],[-8.1521,9.8788],[-8.1551,9.8752],[-8.151,9.8661],[-8.1469,9.8647],[-8.1281,9.8662],[-8.1235,9.8449],[-8.1603,9.5848],[-8.1616,9.5756],[-8.161,9.5536],[-8.1576,9.5309],[-8.1529,9.5131],[-8.1454,9.4971],[-8.0872,9.4154],[-8.0704,9.3975],[-8.0541,9.3891],[-8.0323,9.3846],[-8.0099,9.3836],[-7.9916,9.3853],[-7.9711,9.393],[-7.933,9.4143],[-7.9119,9.4187],[-7.8706,9.4186],[-7.8654,9.4099],[-7.8917,9.3302],[-7.8949,9.3071],[-7.9306,9.2203],[-7.9296,9.1839],[-7.8787,9.1639],[-7.8663,9.166],[-7.8562,9.1702],[-7.8479,9.1686],[-7.8342,9.143],[-7.8234,9.132],[-7.801,9.1148],[-7.7594,9.0917],[-7.7468,9.0764],[-7.7482,9.0754],[-7.7642,9.0636],[-7.7881,9.06],[-7.8078,9.06],[-7.827,9.0578],[-7.9167,9.0123],[-7.9318,8.9966],[-7.9319,8.9965],[-7.9416,8.9722],[-7.9465,8.9486],[-7.9507,8.8995],[-7.9689,8.8128],[-7.9589,8.782],[-7.9131,8.7682],[-7.891,8.7657],[-7.831,8.7477],[-7.8266,8.7482],[-7.8161,8.7535],[-7.8102,8.7534],[-7.8037,8.7491],[-7.7957,8.7365],[-7.7909,8.7309],[-7.7721,8.7145],[-7.7651,8.7061],[-7.7412,8.6629],[-7.7318,8.6521],[-7.7039,8.6335],[-7.6968,8.6248],[-7.6916,8.6061],[-7.694,8.5678],[-7.6917,8.5467],[-7.6792,8.5051],[-7.6793,8.4877],[-7.6865,8.4626],[-7.6896,8.4387],[-7.6832,8.4173],[-7.6624,8.3749],[-7.7207,8.3685],[-7.7483,8.3723],[-7.771,8.3865],[-7.8024,8.4492],[-7.8238,8.4779],[-7.8457,8.4743],[-7.8494,8.4592],[-7.8468,8.4427],[-7.8486,8.4286],[-7.8656,8.4209],[-7.8823,8.4215],[-7.8986,8.4263],[-7.9129,8.4342],[-7.9238,8.4438],[-7.9316,8.457],[-7.937,8.4714],[-7.9439,8.4846],[-7.9563,8.4944],[-7.9705,8.497],[-7.9859,8.4949],[-8.0157,8.4872],[-8.0249,8.4886],[-8.0425,8.4872],[-8.0507,8.4877],[-8.0572,8.4909],[-8.0681,8.5005],[-8.0766,8.5033],[-8.0969,8.5017],[-8.1301,8.4886],[-8.1505,8.4865],[-8.1863,8.4937],[-8.2003,8.4918],[-8.2489,8.4536],[-8.2544,8.4465],[-8.2543,8.4345],[-8.2491,8.4238],[-8.2421,8.4128],[-8.2369,8.4001],[-8.2353,8.3795],[-8.2476,8.3226],[-8.2476,8.3038],[-8.2453,8.2851],[-8.2483,8.2736],[-8.2646,8.2565],[-8.266,8.246],[-8.1829,8.1917],[-8.0855,8.162],[-8.076,8.1634],[-8.0157,8.1839],[-8.0033,8.184],[-8.0024,8.1743],[-8.0083,8.1604],[-8.0157,8.1482],[-8.0217,8.1177],[-8.0213,8.1027],[-8.0157,8.0885],[-7.9971,8.0773],[-7.9804,8.059],[-7.9682,8.037],[-7.9656,8.0269],[-7.9626,8.0152],[-7.9804,8.0166],[-7.9925,8.0242],[-8.0022,8.0324],[-8.012,8.0356],[-8.0538,8.0288],[-8.0691,8.0293],[-8.0672,8.0208],[-8.0689,7.9966],[-8.0791,7.9577],[-8.1289,7.8826],[-8.1312,7.8424],[-8.1238,7.832],[-8.1014,7.8128],[-8.0963,7.8019],[-8.0983,7.7919],[-8.1039,7.7863],[-8.1105,7.7824],[-8.1151,7.7769],[-8.119,7.7608],[-8.1226,7.7275],[-8.1274,7.713],[-8.1595,7.6763],[-8.1602,7.6722],[-8.1574,7.6624],[-8.158,7.6582],[-8.1621,7.6542],[-8.1734,7.6478],[-8.1779,7.6439],[-8.1979,7.6186],[-8.2026,7.6072],[-8.203,7.5996],[-8.1998,7.5834],[-8.2002,7.5763],[-8.229,7.5443],[-8.2654,7.5601],[-8.3032,7.5893],[-8.3368,7.5978],[-8.3723,7.5873],[-8.3909,7.5858],[-8.4148,7.6129],[-8.44,7.5999],[-8.4854,7.558],[-8.5156,7.5772],[-8.5478,7.6008],[-8.5665,7.6234],[-8.5728,7.6507],[-8.5674,7.6882],[-8.6866,7.6944],[-8.6945,7.6744],[-8.7207,7.6427],[-8.7276,7.622],[-8.73,7.5874],[-8.7315,7.5818],[-8.7374,7.5714],[-8.7392,7.5657],[-8.738,7.5595],[-8.734,7.5577],[-8.7295,7.5564],[-8.7268,7.5518],[-8.7257,7.5285],[-8.7296,7.5087],[-8.7395,7.4906],[-8.7565,7.4724],[-8.7844,7.4557],[-8.7904,7.4508],[-8.794,7.4415],[-8.7955,7.4211],[-8.7992,7.4122],[-8.8077,7.4045],[-8.824,7.3998],[-8.8334,7.3939],[-8.8516,7.3715],[-8.8606,7.3576],[-8.8654,7.3469],[-8.8633,7.3299],[-8.8559,7.3119],[-8.8514,7.2929],[-8.8578,7.273],[-8.8689,7.2666],[-8.9122,7.2502],[-8.9254,7.2486],[-8.9444,7.2787],[-8.9572,7.2865],[-8.9626,7.263],[-8.9731,7.2677],[-8.9777,7.2662],[-8.981,7.2506],[-8.9855,7.25],[-9.0076,7.2435],[-9.0157,7.2389],[-9.0329,7.2403],[-9.0467,7.2327],[-9.0593,7.2214],[-9.0731,7.2113],[-9.0864,7.2072],[-9.1004,7.2048],[-9.1061,7.203],[-9.1139,7.2004],[-9.1254,7.1902],[-9.1161,7.2247],[-9.1196,7.238],[-9.1392,7.2479],[-9.1469,7.2541],[-9.1475,7.2714],[-9.1531,7.2755],[-9.1754,7.2746],[-9.1815,7.2757],[-9.2063,7.2984],[-9.2199,7.361],[-9.2343,7.3813],[-9.2497,7.3831],[-9.2838,7.3741],[-9.2995,7.3766],[-9.3055,7.3835],[-9.3124,7.4033],[-9.3194,7.412],[-9.3278,7.4171],[-9.335,7.4197],[-9.3492,7.4216],[-9.366,7.4211],[-9.3752,7.4193],[-9.3792,7.4158],[-9.3814,7.405],[-9.3865,7.4017],[-9.3923,7.3999],[-9.4074,7.3781],[-9.4187,7.3878],[-9.4381,7.4216],[-9.4493,7.4051],[-9.4784,7.3769],[-9.4866,7.3728],[-9.4871,7.3732],[-9.4907,7.376],[-9.4797,7.3854],[-9.4735,7.3956],[-9.4709,7.4074],[-9.4702,7.421],[-9.4662,7.4334],[-9.4567,7.4431],[-9.4361,7.4586],[-9.4134,7.4923],[-9.4049,7.5136],[-9.4087,7.5274],[-9.3908,7.5482],[-9.3837,7.5595],[-9.3788,7.5863],[-9.373,7.6013],[-9.3644,7.6143],[-9.3535,7.6224],[-9.3747,7.6469],[-9.3762,7.6806],[-9.3664,7.7162],[-9.3555,7.7419],[-9.381,7.7744],[-9.3897,7.7915],[-9.4157,7.8244],[-9.4387,7.8662],[-9.4484,7.9078],[-9.446,7.9501],[-9.4331,7.9935],[-9.4317,7.9966],[-9.4246,8.0058],[-9.4223,8.0158],[-9.4241,8.0262],[-9.4293,8.0369],[-9.4409,8.0506],[-9.4515,8.0518],[-9.4622,8.0435],[-9.4742,8.0288],[-9.4728,8.0404],[-9.4619,8.0584],[-9.4598,8.0688],[-9.478,8.1413],[-9.4781,8.1528],[-9.4814,8.1647],[-9.4913,8.17],[-9.5156,8.1749],[-9.5301,8.1855],[-9.5319,8.2123],[-9.5254,8.2408],[-9.5156,8.2566],[-9.5108,8.261],[-9.5092,8.2656],[-9.5108,8.2701],[-9.5156,8.2744],[-9.5212,8.2844],[-9.5251,8.2954],[-9.5302,8.306],[-9.5394,8.3146],[-9.5285,8.3257],[-9.5223,8.3307],[-9.5156,8.3344],[-9.5115,8.3361],[-9.4991,8.3435],[-9.5044,8.3462],[-9.5115,8.3538],[-9.5291,8.3663],[-9.5792,8.3873],[-9.592,8.4051],[-9.6002,8.4109],[-9.6073,8.4029],[-9.6121,8.3963],[-9.6195,8.3927],[-9.6281,8.3916],[-9.6361,8.3926],[-9.6534,8.3921],[-9.6684,8.3887],[-9.6773,8.3915],[-9.6759,8.4096],[-9.6665,8.4224],[-9.6534,8.4314],[-9.6451,8.4434],[-9.6505,8.4648],[-9.6635,8.4779],[-9.6835,8.4871],[-9.7033,8.4873],[-9.7155,8.4733],[-9.718,8.4527],[-9.7182,8.4383],[-9.7221,8.4356],[-9.7359,8.4505],[-9.7463,8.4681],[-9.7509,8.4859],[-9.7573,8.5327],[-9.763,8.55],[-9.7736,8.563],[-9.7906,8.5654],[-9.79,8.5531],[-9.7948,8.5445],[-9.802,8.5372],[-9.8089,8.5285],[-9.8088,8.5205],[-9.8055,8.5128],[-9.8068,8.5063],[-9.8316,8.499],[-9.8497,8.4897],[-9.8586,8.4871],[-9.8635,8.4935],[-9.8682,8.4981],[-9.8728,8.5004],[-9.8869,8.4966],[-9.8919,8.4959],[-9.9114,8.4957],[-9.9281,8.4934],[-9.9442,8.4883],[-9.9611,8.4796],[-10.0002,8.4493],[-10.0404,8.4257],[-10.0617,8.4222],[-10.075,8.4266],[-10.0794,8.44],[-10.0693,8.4869],[-10.0761,8.5015],[-10.0911,8.5101],[-10.148,8.5243],[-10.1649,8.5246],[-10.1818,8.5196],[-10.2156,8.4866],[-10.2324,8.4771],[-10.2403,8.4937],[-10.2608,8.4859],[-10.2713,8.4841],[-10.2822,8.4846],[-10.2937,8.4831],[-10.3022,8.4859],[-10.3102,8.4904],[-10.3376,8.4986],[-10.3443,8.4991],[-10.3747,8.4948],[-10.3898,8.4891],[-10.4024,8.481],[-10.4141,8.4702],[-10.4238,8.4566],[-10.448,8.4076],[-10.4602,8.3922],[-10.5193,8.3348],[-10.5544,8.3118],[-10.5727,8.3046],[-10.5833,8.3069],[-10.6119,8.3253],[-10.6267,8.3315],[-10.6598,8.3333],[-10.6882,8.3241],[-10.7079,8.3031],[-10.7152,8.2696],[-10.7353,8.2873],[-10.725,8.3199],[-10.702,8.3536],[-10.6838,8.3749],[-10.6691,8.3991],[-10.6547,8.4855],[-10.6439,8.4869],[-10.6411,8.4948],[-10.6412,8.5066],[-10.6389,8.5199],[-10.6319,8.532],[-10.6165,8.5465],[-10.6005,8.5757],[-10.5846,8.5968],[-10.5654,8.6128],[-10.5452,8.6168],[-10.5221,8.6186],[-10.5033,8.6316],[-10.4897,8.651],[-10.4819,8.6725],[-10.5248,8.7295],[-10.5302,8.7392],[-10.5453,8.75],[-10.5863,8.8041],[-10.5891,8.8066],[-10.5963,8.8112],[-10.5997,8.8154],[-10.6002,8.819],[-10.5991,8.8296],[-10.5994,8.834],[-10.6085,8.8623],[-10.6101,8.8723],[-10.6119,8.9451],[-10.6071,8.9798],[-10.5918,9.0391],[-10.5922,9.0417],[-10.5931,9.0476],[-10.5941,9.0541],[-10.606,9.0638],[-10.6293,9.0704],[-10.6691,9.0744],[-10.7104,9.073],[-10.7463,9.0838],[-10.7535,9.1201],[-10.7426,9.1633],[-10.7247,9.1945],[-10.715,9.2014],[-10.7038,9.2063],[-10.6932,9.2128],[-10.6852,9.2245],[-10.6839,9.2338],[-10.6879,9.2507],[-10.6881,9.2593],[-10.6835,9.2718],[-10.6777,9.2829],[-10.6738,9.294],[-10.6751,9.3065],[-10.7178,9.3433],[-10.7282,9.3482],[-10.7415,9.3571],[-10.7535,9.3676],[-10.7655,9.3852],[-10.7748,9.3873],[-10.7854,9.3872],[-10.7952,9.3885],[-10.8017,9.3873],[-10.8194,9.3881],[-10.8318,9.3921],[-10.8222,9.4009],[-10.8115,9.4083],[-10.8134,9.4139],[-10.8291,9.4239],[-10.844,9.4403],[-10.8549,9.4553],[-10.8591,9.473],[-10.8537,9.4979],[-10.8526,9.5121],[-10.8602,9.5185],[-10.8706,9.5234],[-10.8777,9.5327],[-10.8828,9.5602],[-10.8863,9.5684],[-10.896,9.5783],[-10.9217,9.5959],[-10.9291,9.6057],[-10.9358,9.6319],[-10.9401,9.6397],[-10.9466,9.6448],[-10.9629,9.6508],[-10.9685,9.6542],[-10.9746,9.6638],[-10.9863,9.6978],[-11.0101,9.7427],[-11.0449,9.7871],[-11.086,9.8262],[-11.1603,9.8728],[-11.1677,9.8845],[-11.1813,9.9504],[-11.1885,9.9726],[-11.1996,9.9822],[-11.2134,9.9834],[-11.2473,9.9934],[-11.2727,9.996],[-11.4849,9.9948],[-11.9101,9.9925],[-11.915,9.9315],[-11.9218,9.9222],[-12.1098,9.8817],[-12.1413,9.8749],[-12.1583,9.8756],[-12.1748,9.8792],[-12.1936,9.8861],[-12.2174,9.9006],[-12.2356,9.9168],[-12.2536,9.9284],[-12.2767,9.9293],[-12.427,9.8976],[-12.4723,9.8813],[-12.5083,9.8604],[-12.5143,9.8513],[-12.515,9.8451],[-12.5137,9.8383],[-12.5136,9.8278],[-12.5273,9.7536],[-12.5266,9.7506],[-12.5229,9.7394],[-12.5225,9.7345],[-12.5256,9.7321],[-12.5307,9.7328],[-12.5357,9.7328],[-12.5377,9.7279],[-12.5375,9.7157],[-12.5388,9.7119],[-12.542,9.7113],[-12.5731,9.6926],[-12.5823,9.6834],[-12.5986,9.6549],[-12.6016,9.6517],[-12.6028,9.6094],[-12.6068,9.6007],[-12.6149,9.6001],[-12.6246,9.6013],[-12.6338,9.5979],[-12.6386,9.5894],[-12.6473,9.5566],[-12.6499,9.5521],[-12.6521,9.5494],[-12.6553,9.5477],[-12.661,9.546],[-12.6686,9.5424],[-12.6693,9.5382],[-12.6673,9.5337],[-12.6675,9.5287],[-12.7016,9.4202],[-12.7062,9.4139],[-12.7131,9.4082],[-12.7165,9.4044],[-12.719,9.3984],[-12.7229,9.3921],[-12.7278,9.3931],[-12.7329,9.3965],[-12.7372,9.3972],[-12.7541,9.3878],[-12.7598,9.3828],[-12.7678,9.3723],[-12.7676,9.3644],[-12.7636,9.3553],[-12.7642,9.3477],[-12.7779,9.3438],[-12.7953,9.3351],[-12.8191,9.2958],[-12.8358,9.282],[-12.8569,9.2785],[-12.8761,9.2798],[-12.8956,9.2785],[-12.9175,9.267],[-12.937,9.2871],[-12.9579,9.2724],[-12.9738,9.2416],[-12.9784,9.2128],[-12.9739,9.2028],[-12.9602,9.1861],[-12.9592,9.1778],[-12.9628,9.1767],[-12.9785,9.1752],[-12.9842,9.1723],[-12.9938,9.1587],[-13.002,9.1441],[-13.0152,9.1128],[-13.0289,9.096],[-13.047,9.0845],[-13.0856,9.066],[-13.1159,9.0439],[-13.1311,9.0415],[-13.1538,9.0493],[-13.1918,9.073],[-13.2075,9.0767],[-13.2336,9.0721],[-13.2774,9.0586],[-13.3011,9.0415]]]}},{"type":"Feature","properties":{"ADM0_A3":"LBR","NAME":"Liberia"},"geometry":{"type":"Polygon","coordinates":[[[-11.4762,6.9194],[-11.4445,6.9339],[-11.4367,6.9385],[-11.4389,6.9639],[-11.4347,6.9808],[-11.4073,6.9964],[-11.3977,7.0128],[-11.3915,7.0318],[-11.3893,7.0467],[-11.3929,7.0669],[-11.3897,7.0735],[-11.3679,7.076],[-11.3605,7.0786],[-11.3551,7.0841],[-11.3531,7.0928],[-11.3564,7.1054],[-11.3706,7.1284],[-11.3732,7.1388],[-11.3701,7.1426],[-11.352,7.1593],[-11.3172,7.2136],[-11.3002,7.2171],[-11.2179,7.2541],[-11.2093,7.2622],[-11.1442,7.3452],[-11.1263,7.368],[-10.9779,7.4849],[-10.937,7.5078],[-10.899,7.5165],[-10.8857,7.5222],[-10.8746,7.5309],[-10.864,7.5437],[-10.7306,7.7055],[-10.6926,7.7376],[-10.6454,7.763],[-10.6381,7.7655],[-10.6152,7.769],[-10.6177,8.0108],[-10.6162,8.0225],[-10.6121,8.0319],[-10.6031,8.0392],[-10.5778,8.0532],[-10.5672,8.0632],[-10.544,8.1061],[-10.5292,8.1243],[-10.5057,8.1358],[-10.4857,8.1389],[-10.4051,8.1393],[-10.3846,8.1421],[-10.3649,8.1482],[-10.3455,8.1593],[-10.3209,8.1831],[-10.3182,8.2016],[-10.326,8.2215],[-10.3333,8.2498],[-10.3313,8.2723],[-10.3137,8.3103],[-10.2829,8.4329],[-10.2822,8.4846],[-10.2713,8.4841],[-10.2608,8.4859],[-10.2403,8.4937],[-10.2324,8.4771],[-10.2156,8.4866],[-10.1818,8.5196],[-10.1649,8.5246],[-10.148,8.5243],[-10.0911,8.5101],[-10.0761,8.5015],[-10.0693,8.4869],[-10.0794,8.44],[-10.075,8.4266],[-10.0617,8.4222],[-10.0404,8.4257],[-10.0002,8.4493],[-9.9611,8.4796],[-9.9442,8.4883],[-9.9281,8.4934],[-9.9114,8.4957],[-9.8919,8.4959],[-9.8869,8.4966],[-9.8728,8.5004],[-9.8682,8.4981],[-9.8635,8.4935],[-9.8586,8.4871],[-9.8497,8.4897],[-9.8316,8.499],[-9.8068,8.5063],[-9.8055,8.5128],[-9.8088,8.5205],[-9.8089,8.5285],[-9.802,8.5372],[-9.7948,8.5445],[-9.79,8.5531],[-9.7906,8.5654],[-9.7736,8.563],[-9.763,8.55],[-9.7573,8.5327],[-9.7509,8.4859],[-9.7463,8.4681],[-9.7359,8.4505],[-9.7221,8.4356],[-9.7182,8.4383],[-9.718,8.4527],[-9.7155,8.4733],[-9.7033,8.4873],[-9.6835,8.4871],[-9.6635,8.4779],[-9.6505,8.4648],[-9.6451,8.4434],[-9.6534,8.4314],[-9.6665,8.4224],[-9.6759,8.4096],[-9.6773,8.3915],[-9.6684,8.3887],[-9.6534,8.3921],[-9.6361,8.3926],[-9.6281,8.3916],[-9.6195,8.3927],[-9.6121,8.3963],[-9.6073,8.4029],[-9.6002,8.4109],[-9.592,8.4051],[-9.5792,8.3873],[-9.5291,8.3663],[-9.5115,8.3538],[-9.5044,8.3462],[-9.4991,8.3435],[-9.5115,8.3361],[-9.5156,8.3344],[-9.5223,8.3307],[-9.5285,8.3257],[-9.5394,8.3146],[-9.5302,8.306],[-9.5251,8.2954],[-9.5212,8.2844],[-9.5156,8.2744],[-9.5108,8.2701],[-9.5092,8.2656],[-9.5108,8.261],[-9.5156,8.2566],[-9.5254,8.2408],[-9.5319,8.2123],[-9.5301,8.1855],[-9.5156,8.1749],[-9.4913,8.17],[-9.4814,8.1647],[-9.4781,8.1528],[-9.478,8.1413],[-9.4598,8.0688],[-9.4619,8.0584],[-9.4728,8.0404],[-9.4742,8.0288],[-9.4622,8.0435],[-9.4515,8.0518],[-9.4409,8.0506],[-9.4293,8.0369],[-9.4241,8.0262],[-9.4223,8.0158],[-9.4246,8.0058],[-9.4317,7.9966],[-9.4331,7.9935],[-9.446,7.9501],[-9.4484,7.9078],[-9.4387,7.8662],[-9.4157,7.8244],[-9.3897,7.7915],[-9.381,7.7744],[-9.3555,7.7419],[-9.3664,7.7162],[-9.3762,7.6806],[-9.3747,7.6469],[-9.3535,7.6224],[-9.3644,7.6143],[-9.373,7.6013],[-9.3788,7.5863],[-9.3837,7.5595],[-9.3908,7.5482],[-9.4087,7.5274],[-9.4049,7.5136],[-9.4134,7.4923],[-9.4361,7.4586],[-9.4567,7.4431],[-9.4662,7.4334],[-9.4702,7.421],[-9.4709,7.4074],[-9.4735,7.3956],[-9.4797,7.3854],[-9.4907,7.376],[-9.4871,7.3732],[-9.4866,7.3728],[-9.4784,7.3769],[-9.4493,7.4051],[-9.4381,7.4216],[-9.4187,7.3878],[-9.4074,7.3781],[-9.3923,7.3999],[-9.3865,7.4017],[-9.3814,7.405],[-9.3792,7.4158],[-9.3752,7.4193],[-9.366,7.4211],[-9.3492,7.4216],[-9.335,7.4197],[-9.3278,7.4171],[-9.3194,7.412],[-9.3124,7.4033],[-9.3055,7.3835],[-9.2995,7.3766],[-9.2838,7.3741],[-9.2497,7.3831],[-9.2343,7.3813],[-9.2199,7.361],[-9.2063,7.2984],[-9.1815,7.2757],[-9.1754,7.2746],[-9.1531,7.2755],[-9.1475,7.2714],[-9.1469,7.2541],[-9.1392,7.2479],[-9.1196,7.238],[-9.1161,7.2247],[-9.1254,7.1902],[-9.1139,7.2004],[-9.1061,7.203],[-9.1004,7.2048],[-9.0864,7.2072],[-9.0731,7.2113],[-9.0593,7.2214],[-9.0467,7.2327],[-9.0329,7.2403],[-9.0157,7.2389],[-9.0076,7.2435],[-8.9855,7.25],[-8.981,7.2506],[-8.9777,7.2662],[-8.9731,7.2677],[-8.9626,7.263],[-8.9572,7.2865],[-8.9444,7.2787],[-8.9254,7.2486],[-8.9122,7.2502],[-8.8689,7.2666],[-8.8578,7.273],[-8.8514,7.2929],[-8.8559,7.3119],[-8.8633,7.3299],[-8.8654,7.3469],[-8.8606,7.3576],[-8.8516,7.3715],[-8.8334,7.3939],[-8.824,7.3998],[-8.8077,7.4045],[-8.7992,7.4122],[-8.7955,7.4211],[-8.794,7.4415],[-8.7904,7.4508],[-8.7844,7.4557],[-8.7565,7.4724],[-8.7395,7.4906],[-8.7296,7.5087],[-8.7257,7.5285],[-8.7268,7.5518],[-8.7295,7.5564],[-8.734,7.5577],[-8.738,7.5595],[-8.7392,7.5657],[-8.7374,7.5714],[-8.7315,7.5818],[-8.73,7.5874],[-8.7276,7.622],[-8.7207,7.6427],[-8.6945,7.6744],[-8.6866,7.6944],[-8.5674,7.6882],[-8.5728,7.6507],[-8.5665,7.6234],[-8.5478,7.6008],[-8.5156,7.5772],[-8.4854,7.558],[-8.4436,7.5371],[-8.4256,7.5019],[-8.4051,7.4313],[-8.393,7.3343],[-8.3877,7.315],[-8.3811,7.303],[-8.364,7.2789],[-8.3575,7.2657],[-8.3497,7.2347],[-8.345,7.2268],[-8.333,7.2119],[-8.329,7.204],[-8.3285,7.1974],[-8.3306,7.1847],[-8.3297,7.1783],[-8.3262,7.1721],[-8.3115,7.1573],[-8.3054,7.1469],[-8.3026,7.1376],[-8.3012,7.1132],[-8.2841,7.0179],[-8.2866,6.9938],[-8.2941,6.9844],[-8.3146,6.9686],[-8.32,6.96],[-8.3212,6.9423],[-8.32,6.9258],[-8.3209,6.9102],[-8.3337,6.8826],[-8.3288,6.8751],[-8.3206,6.8697],[-8.3157,6.8638],[-8.315,6.8503],[-8.3166,6.8363],[-8.325,6.8063],[-8.3375,6.7773],[-8.3518,6.7554],[-8.4416,6.6553],[-8.4613,6.6334],[-8.5336,6.5763],[-8.5471,6.56],[-8.5495,6.5601],[-8.5661,6.5509],[-8.5672,6.5506],[-8.5661,6.5491],[-8.5706,6.5351],[-8.5727,6.5308],[-8.5773,6.528],[-8.5894,6.5261],[-8.5941,6.5239],[-8.6187,6.4928],[-8.6018,6.4917],[-8.5921,6.4897],[-8.5681,6.4904],[-8.5565,6.487],[-8.5453,6.4772],[-8.5156,6.4376],[-8.4972,6.4314],[-8.4848,6.4416],[-8.4769,6.4601],[-8.4724,6.4787],[-8.4675,6.4871],[-8.4612,6.4829],[-8.4496,6.4679],[-8.4183,6.4512],[-8.4051,6.4363],[-8.4065,6.4305],[-8.4139,6.4242],[-8.419,6.4076],[-8.4172,6.3982],[-8.4082,6.3799],[-8.406,6.3722],[-8.411,6.3632],[-8.4202,6.3581],[-8.4237,6.352],[-8.4118,6.34],[-8.4011,6.3504],[-8.3888,6.3551],[-8.3766,6.3547],[-8.366,6.3501],[-8.3529,6.3611],[-8.3426,6.357],[-8.3329,6.346],[-8.3224,6.3365],[-8.3175,6.337],[-8.3142,6.3415],[-8.31,6.3446],[-8.3027,6.3406],[-8.2977,6.3326],[-8.2966,6.3244],[-8.2966,6.3175],[-8.2951,6.3134],[-8.286,6.3101],[-8.2085,6.2925],[-8.1966,6.2881],[-8.1857,6.2818],[-8.1791,6.2769],[-8.1706,6.274],[-8.1544,6.2742],[-8.1406,6.2776],[-8.1183,6.2899],[-8.1066,6.2947],[-8.0601,6.3011],[-8.033,6.3018],[-8.0157,6.2978],[-7.9994,6.2867],[-7.9349,6.2714],[-7.9295,6.2708],[-7.9252,6.2725],[-7.9205,6.2738],[-7.9144,6.2717],[-7.9127,6.2684],[-7.91,6.2568],[-7.9066,6.252],[-7.8621,6.2164],[-7.8466,6.1975],[-7.8441,6.184],[-7.8574,6.1454],[-7.862,6.1244],[-7.8645,6.1017],[-7.8618,6.0815],[-7.8509,6.0676],[-7.8505,6.0722],[-7.8409,6.0774],[-7.8284,6.0807],[-7.8194,6.0801],[-7.8097,6.0712],[-7.8057,6.062],[-7.8024,6.0392],[-7.7992,6.0357],[-7.7939,6.0341],[-7.7887,6.0315],[-7.7865,6.0251],[-7.7886,6.0198],[-7.7977,6.0148],[-7.8,6.0102],[-7.8007,5.9817],[-7.7996,5.9745],[-7.7866,5.9582],[-7.7471,5.9376],[-7.735,5.9256],[-7.7172,5.9008],[-7.7032,5.9079],[-7.6915,5.9277],[-7.6805,5.9409],[-7.674,5.9357],[-7.6631,5.9231],[-7.6483,5.9113],[-7.6306,5.9086],[-7.6291,5.9049],[-7.6085,5.8937],[-7.6058,5.8931],[-7.5842,5.8837],[-7.5791,5.8772],[-7.5872,5.8668],[-7.5795,5.8603],[-7.5663,5.8437],[-7.5591,5.8399],[-7.5476,5.8454],[-7.5352,5.8558],[-7.5278,5.8588],[-7.5311,5.842],[-7.5156,5.8392],[-7.5088,5.8262],[-7.5039,5.8121],[-7.4944,5.8062],[-7.4866,5.8138],[-7.4817,5.8302],[-7.4786,5.8599],[-7.4465,5.8459],[-7.442,5.8113],[-7.4486,5.7691],[-7.4495,5.7324],[-7.431,5.654],[-7.418,5.6278],[-7.3967,5.5851],[-7.3841,5.569],[-7.4051,5.5724],[-7.4119,5.5604],[-7.4071,5.5414],[-7.3936,5.524],[-7.4135,5.5228],[-7.42,5.5231],[-7.4099,5.5134],[-7.4081,5.5118],[-7.4135,5.5035],[-7.4251,5.4942],[-7.4324,5.4796],[-7.4317,5.4419],[-7.4362,5.4313],[-7.4502,5.4387],[-7.45,5.4228],[-7.446,5.4049],[-7.4391,5.3878],[-7.4297,5.3743],[-7.4149,5.366],[-7.4044,5.368],[-7.3969,5.3664],[-7.3915,5.3477],[-7.3888,5.3284],[-7.3898,5.3171],[-7.3956,5.3068],[-7.4077,5.2899],[-7.4101,5.2832],[-7.4138,5.2667],[-7.4188,5.2605],[-7.4285,5.2561],[-7.4308,5.26],[-7.4309,5.2675],[-7.4341,5.2741],[-7.4352,5.2793],[-7.4301,5.2843],[-7.4285,5.2882],[-7.4399,5.2902],[-7.4424,5.2874],[-7.4682,5.2735],[-7.4757,5.2642],[-7.4799,5.2552],[-7.4905,5.2222],[-7.4823,5.1751],[-7.483,5.1582],[-7.4889,5.1407],[-7.5158,5.0918],[-7.5299,5.0974],[-7.5468,5.0977],[-7.5632,5.0902],[-7.5758,5.0721],[-7.5782,5.0547],[-7.5704,4.9969],[-7.5702,4.9969],[-7.5716,4.9754],[-7.5646,4.9616],[-7.5553,4.9484],[-7.5496,4.9291],[-7.5495,4.9139],[-7.5535,4.9142],[-7.5618,4.9202],[-7.575,4.9216],[-7.6055,4.8974],[-7.606,4.888],[-7.5988,4.8571],[-7.6002,4.8458],[-7.6059,4.8251],[-7.606,4.8174],[-7.606,4.8162],[-7.601,4.8046],[-7.5934,4.7974],[-7.5856,4.7915],[-7.5796,4.7843],[-7.5769,4.7753],[-7.5725,4.7234],[-7.5769,4.5093],[-7.5754,4.5003],[-7.5727,4.4911],[-7.5709,4.4807],[-7.5728,4.4554],[-7.5657,4.4352],[-7.5643,4.4258],[-7.5674,4.4159],[-7.5779,4.3973],[-7.5792,4.3871],[-7.5738,4.3754],[-7.5407,4.3528],[-7.541,4.3528],[-7.5933,4.3472],[-7.6082,4.3494],[-7.6317,4.3593],[-7.6444,4.3615],[-7.7127,4.3615],[-7.721,4.3647],[-7.7254,4.3718],[-7.7286,4.3788],[-7.7332,4.382],[-7.7495,4.3832],[-7.7887,4.3989],[-7.801,4.4063],[-7.8123,4.4161],[-7.8183,4.4272],[-7.8238,4.4407],[-7.8329,4.4522],[-7.8629,4.4614],[-7.8868,4.4802],[-7.898,4.4844],[-7.9145,4.4865],[-7.9244,4.4917],[-7.9322,4.4984],[-7.942,4.5049],[-7.9599,4.512],[-8.0032,4.5235],[-8.0375,4.5288],[-8.1003,4.5533],[-8.222,4.5681],[-8.2573,4.58],[-8.3002,4.6273],[-8.316,4.6352],[-8.3354,4.6388],[-8.4385,4.6762],[-8.55,4.7549],[-8.6075,4.7869],[-8.7471,4.8377],[-8.7781,4.8543],[-8.8483,4.9136],[-8.8743,4.9301],[-8.9051,4.9443],[-8.9155,4.9463],[-8.9361,4.9554],[-8.9668,4.9601],[-8.9913,4.9675],[-9.0148,4.9785],[-9.032,4.9914],[-9.0287,4.9936],[-9.0281,4.9943],[-9.0278,4.9954],[-9.0258,4.9989],[-9.0697,5.011],[-9.105,5.0316],[-9.1623,5.0809],[-9.1781,5.091],[-9.2128,5.1074],[-9.244,5.1306],[-9.262,5.1373],[-9.2787,5.1457],[-9.292,5.1635],[-9.279,5.1635],[-9.2921,5.1816],[-9.3122,5.1926],[-9.3345,5.201],[-9.3541,5.2112],[-9.4708,5.3205],[-9.4779,5.3354],[-9.4885,5.3716],[-9.4975,5.3894],[-9.508,5.3996],[-9.5243,5.4108],[-9.5418,5.4198],[-9.5565,5.4235],[-9.5594,5.425],[-9.5876,5.4307],[-9.5937,5.4303],[-9.595,5.44],[-9.5831,5.4549],[-9.5807,5.4645],[-9.597,5.4883],[-9.6968,5.5464],[-9.8421,5.6855],[-9.9796,5.7981],[-10.0152,5.8381],[-10.0226,5.8442],[-10.0399,5.8543],[-10.0462,5.8617],[-10.0491,5.8718],[-10.0448,5.8845],[-10.0462,5.8964],[-10.0555,5.9118],[-10.0713,5.9248],[-10.0891,5.934],[-10.1042,5.9374],[-10.115,5.9433],[-10.1857,5.9991],[-10.2266,6.0436],[-10.2799,6.077],[-10.2982,6.0849],[-10.336,6.0922],[-10.3537,6.1024],[-10.3641,6.1157],[-10.3615,6.1292],[-10.3523,6.1235],[-10.3445,6.1227],[-10.3381,6.1268],[-10.3336,6.1361],[-10.3536,6.1406],[-10.368,6.1518],[-10.3806,6.1654],[-10.3956,6.177],[-10.4281,6.197],[-10.4447,6.2038],[-10.4639,6.205],[-10.4639,6.1975],[-10.4122,6.171],[-10.3894,6.1522],[-10.3819,6.1292],[-10.3971,6.1479],[-10.4249,6.1646],[-10.4567,6.1775],[-10.6594,6.2275],[-10.7883,6.293],[-10.8079,6.3109],[-10.8004,6.3278],[-10.7956,6.3196],[-10.7904,6.3139],[-10.7831,6.31],[-10.7724,6.3074],[-10.7891,6.3349],[-10.7923,6.359],[-10.7823,6.3814],[-10.7594,6.4042],[-10.7737,6.4042],[-10.7841,6.4013],[-10.7923,6.3962],[-10.8004,6.3899],[-10.8243,6.4377],[-10.8573,6.4728],[-10.8959,6.499],[-11.0536,6.5842],[-11.2331,6.6481],[-11.3532,6.7012],[-11.3749,6.7269],[-11.3757,6.7667],[-11.3699,6.7889],[-11.3686,6.7982],[-11.3683,6.8113],[-11.3819,6.8368],[-11.3856,6.8418],[-11.4044,6.8471],[-11.4242,6.8593],[-11.4411,6.8733],[-11.4508,6.8834],[-11.4762,6.9194]]]}},{"type":"Feature","properties":{"ADM0_A3":"CAF","NAME":"Central African Rep."},"geometry":{"type":"Polygon","coordinates":[[[22.8611,10.9192],[22.8632,10.8918],[23.0056,10.6868],[23.1094,10.6145],[23.2912,10.4397],[23.4576,10.1737],[23.624,9.9078],[23.6448,9.8631],[23.674,9.6903],[23.6691,9.652],[23.6555,9.6225],[23.6185,9.5661],[23.6061,9.5372],[23.6068,9.5262],[23.6165,9.5015],[23.6185,9.4883],[23.6172,9.4572],[23.62,9.4477],[23.6275,9.4351],[23.635,9.4354],[23.6409,9.4331],[23.6463,9.425],[23.6469,9.4184],[23.6218,9.3406],[23.6205,9.3229],[23.6307,9.2922],[23.6322,9.2776],[23.6233,9.2656],[23.6101,9.2555],[23.5714,9.2073],[23.5495,9.1853],[23.5379,9.1781],[23.5218,9.1754],[23.4895,9.1767],[23.4743,9.1707],[23.4628,9.1537],[23.4577,9.1462],[23.4357,9.0189],[23.4383,8.9945],[23.4514,8.9742],[23.4781,8.9589],[23.5055,8.9611],[23.5426,8.9973],[23.5601,8.9965],[23.5675,8.9748],[23.5659,8.94],[23.5536,8.8832],[23.5367,8.8556],[23.4954,8.8094],[23.4823,8.7834],[23.4818,8.7594],[23.4901,8.7326],[23.5053,8.7107],[23.5257,8.7015],[23.5405,8.7048],[23.5641,8.7227],[23.578,8.7305],[23.5964,8.7341],[23.6134,8.7322],[23.6291,8.7256],[23.6441,8.7152],[23.6571,8.71],[23.6891,8.7107],[23.7213,8.702],[23.7375,8.7069],[23.7689,8.7213],[23.8034,8.7221],[23.8667,8.7078],[23.9223,8.7134],[23.9621,8.697],[23.9813,8.6942],[24.0096,8.6989],[24.114,8.6816],[24.1703,8.6893],[24.1805,8.6907],[24.2177,8.6915],[24.2358,8.682],[24.2335,8.6678],[24.2151,8.6414],[24.2113,8.6271],[24.2184,8.613],[24.2456,8.5918],[24.2505,8.5796],[24.2437,8.5702],[24.2032,8.5435],[24.1932,8.5324],[24.1372,8.4389],[24.1252,8.4049],[24.1216,8.3723],[24.1314,8.3431],[24.1529,8.3179],[24.18,8.2977],[24.2066,8.2833],[24.2224,8.2772],[24.2571,8.2692],[24.2632,8.2685],[24.281,8.2665],[24.2955,8.2665],[24.3027,8.2654],[24.3103,8.2616],[24.3268,8.2486],[24.3321,8.2457],[24.3966,8.2678],[24.4311,8.2714],[24.4549,8.2487],[24.4589,8.2398],[24.4643,8.2332],[24.4715,8.2289],[24.4813,8.2267],[24.5129,8.2071],[24.5447,8.2061],[24.6149,8.2171],[24.6709,8.2068],[24.6904,8.2066],[24.7106,8.2043],[24.7423,8.1868],[24.8002,8.1803],[24.8321,8.1657],[24.918,8.087],[24.9278,8.071],[24.9301,8.0355],[24.9505,8.0144],[24.9526,7.9966],[24.9581,7.9892],[24.9648,7.9826],[24.9727,7.977],[24.9812,7.9723],[25.0293,7.9188],[25.0592,7.8961],[25.0896,7.8849],[25.1034,7.8858],[25.1344,7.8925],[25.1486,7.8926],[25.1732,7.8886],[25.1805,7.884],[25.1855,7.8779],[25.1916,7.8724],[25.2169,7.8641],[25.2297,7.8516],[25.2394,7.836],[25.2497,7.8043],[25.2645,7.7777],[25.2699,7.7608],[25.2706,7.7461],[25.2668,7.7031],[25.2706,7.6882],[25.2764,7.6743],[25.2794,7.6595],[25.275,7.642],[25.2525,7.6224],[25.1865,7.6001],[25.1652,7.5799],[25.1646,7.5673],[25.169,7.5512],[25.1904,7.5012],[25.25,7.47],[25.2633,7.461],[25.2696,7.4542],[25.2792,7.4384],[25.2851,7.4316],[25.293,7.4272],[25.3097,7.422],[25.3162,7.4172],[25.3242,7.4029],[25.3306,7.3741],[25.336,7.3596],[25.3468,7.345],[25.36,7.3356],[25.4162,7.3078],[25.4551,7.2782],[25.4812,7.2662],[25.5003,7.2728],[25.5168,7.2699],[25.5316,7.2607],[25.5766,7.2198],[25.5924,7.2112],[25.654,7.1954],[25.6727,7.1878],[25.697,7.1686],[25.7051,7.1664],[25.7245,7.1667],[25.7344,7.1624],[25.7502,7.1465],[25.7613,7.1438],[25.7862,7.1427],[25.7916,7.1344],[25.7917,7.1211],[25.8008,7.1049],[25.8158,7.0998],[25.8607,7.0955],[25.8775,7.0877],[25.8817,7.0798],[25.8841,7.0611],[25.8887,7.0519],[25.9203,7.0341],[25.9304,7.0315],[25.9504,7.0286],[25.9605,7.0245],[25.9662,7.0175],[25.9668,7.0099],[25.9695,7.0036],[25.9811,7.0003],[26.0261,6.9967],[26.0323,6.9741],[26.0358,6.9223],[26.0454,6.8997],[26.0506,6.8967],[26.0569,6.8974],[26.0634,6.8991],[26.0692,6.8991],[26.0736,6.8951],[26.0731,6.8897],[26.0712,6.8836],[26.0716,6.8775],[26.0757,6.8646],[26.0774,6.8533],[26.081,6.8423],[26.0912,6.8303],[26.1137,6.8165],[26.1318,6.8117],[26.1476,6.8047],[26.1787,6.7659],[26.2195,6.7375],[26.2362,6.72],[26.2706,6.7025],[26.3297,6.6806],[26.378,6.6533],[26.3792,6.6314],[26.3799,6.6198],[26.3723,6.6098],[26.3561,6.5795],[26.3244,6.5372],[26.305,6.4969],[26.2965,6.4895],[26.2864,6.4842],[26.277,6.4774],[26.2702,6.4657],[26.2891,6.4594],[26.2907,6.4447],[26.2851,6.4259],[26.2828,6.4079],[26.2896,6.3872],[26.3007,6.3778],[26.3158,6.3716],[26.3352,6.3606],[26.3518,6.3444],[26.3758,6.3126],[26.3946,6.3005],[26.4362,6.2917],[26.452,6.2803],[26.4553,6.2545],[26.4556,6.2305],[26.4649,6.2244],[26.4795,6.2251],[26.4958,6.2211],[26.509,6.2055],[26.5095,6.1864],[26.5001,6.168],[26.4835,6.1545],[26.4653,6.1443],[26.4456,6.1302],[26.4293,6.1131],[26.4213,6.0937],[26.4248,6.0724],[26.4406,6.077],[26.481,6.105],[26.4988,6.0998],[26.5099,6.0827],[26.518,6.0612],[26.528,6.0432],[26.5436,6.0308],[26.6022,6.0106],[26.6343,6.0065],[26.705,6.0098],[26.7763,5.9819],[26.7944,5.9705],[26.8051,5.9572],[26.8108,5.9124],[26.8189,5.8946],[26.8422,5.8843],[26.8653,5.886],[26.8821,5.8919],[26.8943,5.8897],[26.9038,5.867],[26.9165,5.8496],[26.9375,5.8485],[26.9811,5.8592],[26.9918,5.8477],[27.0035,5.8193],[27.022,5.8051],[27.0295,5.7899],[27.0361,5.7851],[27.0454,5.7849],[27.0635,5.7909],[27.0727,5.7912],[27.1148,5.7753],[27.1238,5.7687],[27.1309,5.7521],[27.1314,5.7415],[27.1363,5.734],[27.1563,5.7275],[27.1704,5.7203],[27.1824,5.7075],[27.1908,5.6918],[27.1938,5.6763],[27.1943,5.6673],[27.1964,5.6615],[27.2011,5.657],[27.2184,5.6453],[27.2192,5.64],[27.2167,5.6335],[27.2152,5.6161],[27.2107,5.6016],[27.2113,5.5949],[27.2173,5.5854],[27.2226,5.5844],[27.2273,5.5867],[27.2311,5.5876],[27.2346,5.5888],[27.2401,5.592],[27.2475,5.5926],[27.2571,5.5861],[27.2611,5.5776],[27.2589,5.56],[27.2607,5.5503],[27.2201,5.4409],[27.2181,5.4255],[27.2201,5.4131],[27.2282,5.3876],[27.2337,5.3383],[27.2378,5.3232],[27.2645,5.2601],[27.2809,5.2306],[27.3013,5.2052],[27.3585,5.1668],[27.3858,5.1438],[27.4021,5.1045],[27.4312,5.0836],[27.4413,5.0707],[27.4148,5.0807],[27.4053,5.0828],[27.3914,5.0922],[27.3803,5.0944],[27.3612,5.0955],[27.3514,5.0973],[27.3428,5.1006],[27.3286,5.1108],[27.3157,5.1224],[27.3019,5.132],[27.2844,5.136],[27.2628,5.1384],[27.2397,5.1449],[27.1575,5.1854],[27.1164,5.2003],[27.0737,5.2033],[27.0275,5.19],[26.9917,5.1713],[26.9616,5.1512],[26.9337,5.1266],[26.904,5.0944],[26.8992,5.086],[26.8896,5.0621],[26.8841,5.0534],[26.8727,5.0418],[26.8671,5.0375],[26.8493,5.0391],[26.8484,5.0414],[26.845,5.0463],[26.8395,5.0512],[26.8327,5.0534],[26.8261,5.0508],[26.8157,5.0402],[26.8084,5.0391],[26.8019,5.0445],[26.7606,5.0881],[26.7537,5.0923],[26.7394,5.0944],[26.6917,5.0944],[26.6812,5.0893],[26.6676,5.0783],[26.6576,5.0733],[26.644,5.0783],[26.6357,5.0776],[26.6297,5.0671],[26.6235,5.0671],[26.6155,5.0782],[26.5984,5.0806],[26.5799,5.0743],[26.5682,5.0596],[26.5614,5.0671],[26.5542,5.0598],[26.5415,5.0531],[26.5283,5.0481],[26.5198,5.046],[26.5025,5.0475],[26.4752,5.0573],[26.4627,5.0596],[26.4607,5.066],[26.4419,5.1043],[26.4294,5.1138],[26.4143,5.1227],[26.4001,5.1336],[26.3906,5.149],[26.3694,5.1406],[26.3627,5.136],[26.3533,5.1478],[26.3364,5.1486],[26.3173,5.1464],[26.2918,5.151],[26.2725,5.1591],[26.254,5.1723],[26.2466,5.19],[26.2421,5.1881],[26.2307,5.1852],[26.2262,5.1831],[26.2257,5.199],[26.2262,5.2043],[26.2136,5.1991],[26.2072,5.2077],[26.1983,5.2384],[26.1952,5.2348],[26.1845,5.2253],[26.1817,5.2296],[26.1753,5.2337],[26.1709,5.2384],[26.1573,5.2325],[26.1508,5.24],[26.1442,5.2518],[26.13,5.2589],[26.1251,5.2486],[26.1196,5.2415],[26.1125,5.2384],[26.1045,5.2386],[26.0984,5.2396],[26.0934,5.2414],[26.0884,5.2446],[26.0917,5.2191],[26.0952,5.2111],[26.086,5.2152],[26.0771,5.2163],[26.0705,5.2122],[26.0678,5.2008],[26.0627,5.2001],[26.051,5.2002],[26.0374,5.198],[26.0269,5.19],[26.0139,5.1992],[25.9966,5.2192],[25.986,5.2253],[25.9719,5.2277],[25.9628,5.2245],[25.9584,5.2148],[25.9586,5.1974],[25.9432,5.2041],[25.9256,5.2018],[25.9125,5.1904],[25.9109,5.1701],[25.893,5.1852],[25.8836,5.2035],[25.8724,5.2171],[25.8494,5.2179],[25.8461,5.2117],[25.8362,5.2],[25.8261,5.1947],[25.819,5.2146],[25.8142,5.2216],[25.8114,5.2309],[25.8146,5.2446],[25.8102,5.2427],[25.7994,5.2401],[25.7947,5.2384],[25.7923,5.2628],[25.7784,5.2691],[25.7693,5.2652],[25.7811,5.2589],[25.7717,5.2455],[25.758,5.2444],[25.7437,5.2506],[25.7328,5.2589],[25.7051,5.2896],[25.6911,5.2998],[25.6689,5.3061],[25.6676,5.3072],[25.6631,5.3092],[25.6558,5.3178],[25.6501,5.3203],[25.6379,5.318],[25.6311,5.3118],[25.6234,5.3099],[25.6092,5.3203],[25.6092,5.3265],[25.6142,5.3299],[25.6172,5.3336],[25.6198,5.3372],[25.6229,5.3408],[25.6005,5.3404],[25.5923,5.3492],[25.589,5.3623],[25.5813,5.3749],[25.5751,5.3749],[25.5618,5.373],[25.5437,5.3753],[25.5328,5.3722],[25.5408,5.3544],[25.529,5.3519],[25.5045,5.3423],[25.4956,5.3445],[25.4849,5.3553],[25.482,5.3569],[25.4799,5.3532],[25.4351,5.3287],[25.4134,5.3236],[25.3957,5.334],[25.3854,5.3215],[25.3707,5.3168],[25.3636,5.3106],[25.3765,5.293],[25.3559,5.2864],[25.3434,5.2719],[25.3372,5.2517],[25.3355,5.2284],[25.3289,5.216],[25.3162,5.2022],[25.3077,5.1853],[25.3145,5.1633],[25.3215,5.1592],[25.3412,5.1556],[25.3486,5.149],[25.3493,5.1417],[25.3438,5.1219],[25.3424,5.1115],[25.3392,5.1052],[25.325,5.0881],[25.3219,5.077],[25.321,5.0523],[25.3168,5.0423],[25.3076,5.0323],[25.2923,5.0283],[25.2485,5.0241],[25.2393,5.0155],[25.2275,5.0096],[25.1637,5.0056],[25.1546,5.0093],[25.1476,5.0141],[25.1402,5.018],[25.1295,5.0186],[25.1217,5.0086],[25.1143,5.0018],[25.1053,4.9988],[25.1009,4.9946],[25.0905,4.9745],[25.0848,4.9542],[25.0761,4.9518],[25.0406,4.9621],[25.0065,4.9809],[24.9694,4.9914],[24.9581,4.9913],[24.9509,4.9877],[24.9324,4.9744],[24.9271,4.9715],[24.9044,4.9668],[24.8682,4.9444],[24.8483,4.9367],[24.8369,4.9377],[24.8277,4.9419],[24.8195,4.9445],[24.811,4.9404],[24.8001,4.9289],[24.7894,4.9199],[24.7783,4.9185],[24.7664,4.9299],[24.7498,4.9187],[24.7306,4.9175],[24.6644,4.9244],[24.6542,4.9294],[24.6574,4.9398],[24.6708,4.9572],[24.6569,4.9673],[24.6275,4.9769],[24.6155,4.9851],[24.61,4.9967],[24.6101,5.0167],[24.6012,5.0261],[24.5886,5.0311],[24.5634,5.0349],[24.5535,5.0391],[24.5474,5.0465],[24.5387,5.0656],[24.533,5.0733],[24.5137,5.0872],[24.4872,5.1008],[24.4808,5.1023],[24.4596,5.1074],[24.4367,5.1006],[24.4331,5.0893],[24.4335,5.0755],[24.4307,5.0674],[24.4169,5.0733],[24.4115,5.0819],[24.4016,5.1115],[24.3964,5.1223],[24.3825,5.1079],[24.3678,5.0845],[24.3612,5.0629],[24.372,5.0534],[24.3969,5.0482],[24.3986,5.036],[24.3861,5.0224],[24.3685,5.0124],[24.2966,5.0033],[24.2865,4.9951],[24.2846,4.9924],[24.273,4.964],[24.2697,4.9525],[24.2696,4.9432],[24.2677,4.9357],[24.2592,4.9299],[24.253,4.9299],[24.2462,4.9541],[24.2298,4.9612],[24.2096,4.9562],[24.1909,4.9442],[24.1629,4.9078],[24.1528,4.9026],[24.1392,4.9054],[24.1199,4.9189],[24.1084,4.9231],[24.0896,4.9202],[24.0725,4.9103],[24.0469,4.8889],[23.9958,4.8651],[23.978,4.8541],[23.9631,4.8687],[23.9571,4.8708],[23.9508,4.8678],[23.9465,4.8616],[23.9432,4.8517],[23.9428,4.8405],[23.9474,4.8306],[23.9483,4.8177],[23.9244,4.8178],[23.8819,4.8269],[23.8747,4.825],[23.8644,4.8161],[23.8552,4.8132],[23.8479,4.814],[23.8282,4.8193],[23.8167,4.8206],[23.7985,4.8147],[23.76,4.7874],[23.7379,4.7791],[23.6928,4.7734],[23.6727,4.7672],[23.634,4.7451],[23.588,4.734],[23.5666,4.7244],[23.5061,4.6764],[23.4884,4.6698],[23.4651,4.6672],[23.4483,4.6594],[23.4372,4.6466],[23.43,4.6288],[23.4283,4.6173],[23.4284,4.6086],[23.4274,4.6013],[23.4226,4.5941],[23.4145,4.5908],[23.396,4.5916],[23.3884,4.5873],[23.3712,4.5973],[23.354,4.6036],[23.3359,4.6068],[23.3164,4.6077],[23.313,4.6102],[23.302,4.6217],[23.2996,4.6251],[23.2951,4.6276],[23.2731,4.632],[23.2649,4.6351],[23.2518,4.663],[23.2242,4.6801],[23.2208,4.6835],[23.2086,4.6905],[23.1837,4.7253],[23.1687,4.7381],[23.1239,4.7156],[23.0994,4.7117],[23.0774,4.7211],[23.0666,4.7302],[23.0552,4.7378],[23.0428,4.743],[23.0293,4.7449],[23.0173,4.7505],[23.0111,4.7636],[23.0072,4.7784],[22.9962,4.7995],[22.9857,4.8264],[22.9774,4.8343],[22.965,4.8353],[22.953,4.8308],[22.9415,4.8247],[22.9297,4.8206],[22.9152,4.8212],[22.9059,4.8242],[22.8984,4.8236],[22.8888,4.8132],[22.8829,4.8007],[22.8824,4.7885],[22.8868,4.7767],[22.8956,4.7654],[22.8873,4.7555],[22.8653,4.7387],[22.8538,4.7113],[22.8373,4.7142],[22.8181,4.7246],[22.8029,4.7306],[22.786,4.7246],[22.7764,4.7101],[22.7652,4.676],[22.7574,4.6608],[22.7487,4.6483],[22.7379,4.6378],[22.7236,4.6288],[22.7238,4.617],[22.7298,4.5967],[22.7311,4.5873],[22.7287,4.5803],[22.719,4.5628],[22.7168,4.5565],[22.7137,4.5512],[22.7001,4.5411],[22.697,4.5357],[22.6971,4.512],[22.6951,4.5015],[22.6895,4.4917],[22.6756,4.4847],[22.6544,4.4828],[22.6103,4.4842],[22.5924,4.4737],[22.587,4.4494],[22.589,4.422],[22.594,4.4023],[22.6113,4.3819],[22.6137,4.3744],[22.6093,4.3634],[22.5999,4.3526],[22.588,4.3442],[22.5765,4.3408],[22.5686,4.3315],[22.5393,4.2782],[22.5397,4.2669],[22.5457,4.2459],[22.5461,4.2372],[22.5405,4.2273],[22.5222,4.2113],[22.5182,4.2068],[22.5105,4.1913],[22.4927,4.174],[22.4574,4.1491],[22.4515,4.1467],[22.4318,4.1386],[22.4226,4.1348],[22.3033,4.1287],[22.2073,4.1503],[22.1847,4.1646],[22.1619,4.1732],[22.1517,4.1795],[22.133,4.1987],[22.1279,4.2031],[22.1084,4.2098],[22.0578,4.2195],[22.0366,4.2294],[22.0089,4.2424],[22.0015,4.2447],[21.9896,4.2442],[21.9845,4.2429],[21.9803,4.2406],[21.9708,4.2372],[21.9499,4.2335],[21.8916,4.2372],[21.8677,4.2416],[21.8519,4.2517],[21.8381,4.2633],[21.8199,4.2719],[21.811,4.2732],[21.7821,4.2719],[21.771,4.2735],[21.766,4.2772],[21.7632,4.2817],[21.7585,4.2856],[21.7373,4.2934],[21.7229,4.2951],[21.6889,4.2925],[21.6511,4.2957],[21.6342,4.2942],[21.5381,4.2447],[21.5278,4.2493],[21.5081,4.2494],[21.4972,4.2515],[21.4899,4.2563],[21.4824,4.2631],[21.4731,4.2693],[21.4602,4.2719],[21.4169,4.2701],[21.3977,4.2716],[21.3748,4.2782],[21.3583,4.2856],[21.3104,4.3161],[21.3055,4.3231],[21.2989,4.3302],[21.2883,4.3334],[21.2753,4.3325],[21.2659,4.3301],[21.2584,4.326],[21.2507,4.3204],[21.2446,4.3138],[21.2391,4.3056],[21.2324,4.2978],[21.2234,4.2925],[21.2109,4.2916],[21.203,4.2966],[21.1957,4.3029],[21.1856,4.3061],[21.1656,4.3072],[21.1581,4.3102],[21.1501,4.3267],[21.138,4.3327],[21.1136,4.3408],[21.1034,4.3533],[21.0842,4.3882],[21.0761,4.3955],[21.0596,4.3986],[20.9635,4.4337],[20.8715,4.4534],[20.8324,4.4507],[20.8187,4.4435],[20.807,4.4343],[20.7918,4.4262],[20.7679,4.4228],[20.6884,4.4228],[20.6031,4.4097],[20.5803,4.415],[20.5598,4.4284],[20.4567,4.5248],[20.4523,4.5289],[20.4421,4.5505],[20.4471,4.5697],[20.4572,4.5864],[20.4631,4.6009],[20.4565,4.6215],[20.4402,4.6441],[20.4206,4.6624],[20.4037,4.6698],[20.3955,4.6771],[20.3737,4.7244],[20.354,4.7554],[20.3389,4.7719],[20.3225,4.7791],[20.3017,4.7816],[20.2548,4.7971],[20.2366,4.8063],[20.2172,4.8224],[20.1717,4.8784],[20.1526,4.8907],[20.0863,4.9163],[20.0546,4.9378],[20.0311,4.958],[20.004,4.9745],[19.9154,4.9931],[19.8909,5.0021],[19.8804,5.0155],[19.8755,5.0311],[19.8582,5.0603],[19.8502,5.0737],[19.8386,5.0875],[19.8247,5.097],[19.7792,5.1182],[19.7488,5.1244],[19.7287,5.1338],[19.7196,5.136],[19.6056,5.1383],[19.5688,5.1552],[19.5486,5.1514],[19.5171,5.136],[19.4965,5.1338],[19.4315,5.136],[19.409,5.1304],[19.3942,5.117],[19.3731,5.0875],[19.2838,5.0323],[19.237,5.0108],[19.2298,5.0022],[19.2147,4.9761],[19.1957,4.9503],[19.179,4.9464],[19.133,4.9469],[19.1162,4.9404],[19.1067,4.9315],[19.0833,4.9093],[19.069,4.8913],[19.0578,4.8678],[19.049,4.8365],[19.0441,4.8269],[19.0358,4.818],[19.0269,4.8115],[19.0197,4.8033],[19.0116,4.765],[18.998,4.7506],[18.9805,4.7394],[18.9623,4.7244],[18.9282,4.6664],[18.9238,4.6629],[18.9045,4.6559],[18.9002,4.6521],[18.8979,4.6506],[18.8865,4.6214],[18.8524,4.5941],[18.8282,4.56],[18.777,4.4335],[18.7533,4.4006],[18.7211,4.3774],[18.6743,4.3613],[18.6541,4.3572],[18.6339,4.356],[18.6143,4.3598],[18.5958,4.3713],[18.5765,4.3728],[18.5568,4.3542],[18.5419,4.3279],[18.5371,4.3061],[18.545,4.289],[18.5725,4.2657],[18.5786,4.2549],[18.5839,4.2358],[18.6197,4.1696],[18.6327,4.1304],[18.6465,4.046],[18.6453,3.9824],[18.6416,3.9583],[18.6346,3.9357],[18.6137,3.9015],[18.6117,3.8791],[18.612,3.8666],[18.6128,3.8337],[18.593,3.7098],[18.6264,3.4769],[18.5825,3.4774],[18.5703,3.4896],[18.5543,3.5264],[18.5134,3.5922],[18.4971,3.6115],[18.4721,3.6321],[18.4591,3.6314],[18.448,3.618],[18.4297,3.6002],[18.4206,3.5964],[18.4037,3.5974],[18.3923,3.5959],[18.3878,3.5917],[18.3837,3.578],[18.3799,3.5744],[18.3729,3.5745],[18.3616,3.5802],[18.3556,3.5815],[18.2759,3.5744],[18.2649,3.5747],[18.2559,3.5772],[18.2485,3.5749],[18.2425,3.5611],[18.2354,3.5309],[18.2316,3.5212],[18.22,3.5039],[18.2025,3.4873],[18.1816,3.4774],[18.1599,3.4803],[18.1467,3.4949],[18.134,3.5348],[18.1164,3.552],[18.082,3.5635],[18.0471,3.5631],[18.0131,3.554],[17.9819,3.5388],[17.9695,3.5375],[17.9599,3.5411],[17.9245,3.5635],[17.9192,3.5656],[17.9136,3.5613],[17.8753,3.5427],[17.8564,3.5373],[17.8421,3.5401],[17.8353,3.5558],[17.8306,3.5757],[17.8212,3.594],[17.8083,3.6086],[17.7932,3.6175],[17.7845,3.6182],[17.7651,3.6144],[17.7559,3.6145],[17.7496,3.6181],[17.7399,3.6292],[17.7332,3.6322],[17.7261,3.6318],[17.7145,3.6275],[17.7091,3.6264],[17.6273,3.6263],[17.5868,3.6322],[17.5505,3.6482],[17.5135,3.6792],[17.5089,3.6818],[17.495,3.6832],[17.4901,3.6871],[17.4862,3.7003],[17.4819,3.7048],[17.4589,3.7083],[17.4427,3.7013],[17.4275,3.6901],[17.4145,3.6834],[17.3757,3.6634],[17.3558,3.6384],[17.3344,3.6185],[17.2981,3.6159],[17.2723,3.6246],[17.2594,3.6259],[17.245,3.6206],[17.2311,3.6091],[17.223,3.5985],[17.214,3.5893],[17.1972,3.5817],[17.1829,3.5796],[17.1428,3.5808],[17.129,3.5771],[17.1021,3.5666],[17.0884,3.5644],[17.0614,3.5661],[17.0524,3.564],[17.0358,3.5561],[17.0289,3.5515],[17.0176,3.5418],[17.0092,3.5381],[17.0031,3.5377],[16.9897,3.5395],[16.9819,3.538],[16.9686,3.5335],[16.9605,3.5384],[16.9532,3.5469],[16.9423,3.5531],[16.9324,3.5539],[16.9047,3.5506],[16.8955,3.5524],[16.8772,3.5592],[16.8678,3.5615],[16.8532,3.5601],[16.8518,3.5519],[16.8546,3.5413],[16.8526,3.5328],[16.833,3.5229],[16.8119,3.5217],[16.7296,3.5422],[16.7094,3.5437],[16.6864,3.5422],[16.6394,3.5286],[16.5985,3.5017],[16.5677,3.4644],[16.5517,3.4198],[16.5428,3.3362],[16.5178,3.2732],[16.5172,3.2487],[16.5115,3.2272],[16.4771,3.1794],[16.4655,3.1565],[16.4648,3.1318],[16.4727,3.1106],[16.4832,3.0901],[16.4908,3.0678],[16.4842,3.0319],[16.4455,2.9577],[16.4483,2.9135],[16.4605,2.8946],[16.475,2.8784],[16.4838,2.8604],[16.4791,2.8363],[16.4506,2.7756],[16.4275,2.7265],[16.4137,2.6972],[16.3711,2.6069],[16.3256,2.5105],[16.2935,2.4421],[16.248,2.3456],[16.1967,2.2365],[16.1928,2.2395],[16.1797,2.247],[16.1813,2.2566],[16.1869,2.2693],[16.1865,2.2777],[16.1829,2.2812],[16.1691,2.2899],[16.166,2.2948],[16.1647,2.3148],[16.1629,2.3238],[16.1593,2.3329],[16.1523,2.3433],[16.1334,2.3648],[16.1209,2.3896],[16.1129,2.4104],[16.1115,2.4186],[16.1115,2.4559],[16.1071,2.4742],[16.0943,2.4975],[16.0903,2.5105],[16.0912,2.5328],[16.1069,2.567],[16.1115,2.5862],[16.1085,2.6066],[16.0931,2.6415],[16.0903,2.6619],[16.0937,2.6731],[16.1014,2.6878],[16.1105,2.7014],[16.0991,2.704],[16.0863,2.705],[16.0728,2.7028],[16.0626,2.7032],[16.0593,2.7118],[16.06,2.7258],[16.0562,2.7598],[16.0599,2.7862],[16.0869,2.8132],[16.0952,2.8368],[16.0924,2.8633],[16.0825,2.8857],[16.0702,2.9066],[16.0554,2.9398],[16.0342,2.9706],[16.0262,2.979],[16.0158,2.9835],[16.0061,2.984],[15.9954,2.9815],[15.982,2.9767],[15.9778,2.981],[15.9742,2.9858],[15.9716,2.9912],[15.9582,3.0415],[15.9501,3.061],[15.9334,3.0818],[15.914,3.098],[15.8978,3.1035],[15.8548,3.099],[15.8509,3.1004],[15.8402,3.1074],[15.8342,3.1085],[15.8291,3.1066],[15.8176,3.1001],[15.8135,3.099],[15.801,3.1009],[15.7932,3.1033],[15.7856,3.108],[15.7107,3.1875],[15.6169,3.2868],[15.5179,3.3916],[15.414,3.5019],[15.3297,3.591],[15.2623,3.6626],[15.2526,3.6729],[15.1713,3.759],[15.0849,3.8858],[15.026,4.0261],[15.0431,4.0261],[15.0752,4.018],[15.0917,4.0159],[15.1113,4.0199],[15.1504,4.0385],[15.1724,4.0438],[15.1921,4.0522],[15.1898,4.0631],[15.1777,4.0715],[15.1624,4.0739],[15.1485,4.0739],[15.1426,4.0804],[15.1393,4.0946],[15.1329,4.1085],[15.1178,4.1143],[15.1026,4.1124],[15.0912,4.1218],[15.0845,4.1486],[15.0829,4.2055],[15.0728,4.2659],[15.0638,4.2934],[15.0485,4.3216],[15.0139,4.3643],[15.0074,4.3778],[15.0006,4.4032],[14.9939,4.4133],[14.9821,4.4205],[14.9383,4.4359],[14.7797,4.545],[14.7437,4.58],[14.7173,4.622],[14.7042,4.6694],[14.6973,4.7452],[14.6907,4.7621],[14.6918,4.7687],[14.6961,4.7797],[14.7006,4.8043],[14.7015,4.8144],[14.687,4.9089],[14.6816,4.9209],[14.6758,4.9308],[14.6721,4.9408],[14.6745,4.9676],[14.6698,4.9771],[14.6634,4.9857],[14.6595,4.997],[14.6601,5.0114],[14.6603,5.0158],[14.6675,5.0528],[14.663,5.0914],[14.6632,5.1418],[14.6589,5.1645],[14.6515,5.1875],[14.6405,5.2082],[14.6245,5.224],[14.6036,5.2343],[14.5605,5.2486],[14.5397,5.2618],[14.5239,5.2797],[14.5199,5.2906],[14.528,5.293],[14.5396,5.3036],[14.5484,5.3205],[14.554,5.3382],[14.5559,5.3513],[14.5608,5.3555],[14.5708,5.3709],[14.5793,5.3876],[14.5796,5.3954],[14.5928,5.4],[14.5973,5.4115],[14.5962,5.4401],[14.5996,5.4566],[14.6141,5.4849],[14.6174,5.4953],[14.6189,5.5255],[14.6172,5.5379],[14.6106,5.5537],[14.5966,5.5772],[14.5915,5.591],[14.5901,5.6083],[14.5928,5.6239],[14.6106,5.6691],[14.6244,5.7236],[14.6311,5.738],[14.624,5.7583],[14.6174,5.865],[14.603,5.8834],[14.598,5.9035],[14.5848,5.9234],[14.5725,5.9242],[14.5454,5.9076],[14.5306,5.9059],[14.4992,5.9095],[14.4821,5.9096],[14.4657,5.9207],[14.4582,5.9364],[14.4538,5.9539],[14.4469,5.97],[14.4323,5.9855],[14.4175,5.9973],[14.4061,6.011],[14.3977,6.0192],[14.3894,6.0311],[14.3873,6.039],[14.3903,6.0458],[14.3977,6.0539],[14.4025,6.0549],[14.4129,6.047],[14.4182,6.0471],[14.4225,6.0514],[14.426,6.0599],[14.4291,6.0642],[14.4336,6.0739],[14.4327,6.0791],[14.4318,6.0846],[14.4306,6.0881],[14.4439,6.1002],[14.4671,6.1226],[14.4821,6.1271],[14.511,6.1553],[14.526,6.1741],[14.535,6.1901],[14.5764,6.1898],[14.719,6.2579],[14.7348,6.2704],[14.7723,6.3183],[14.7824,6.3368],[14.7847,6.3478],[14.7843,6.3587],[14.78,6.3822],[14.7822,6.3936],[14.8073,6.4278],[14.9219,6.6864],[14.9325,6.7103],[14.9461,6.7257],[14.9623,6.7367],[15.0224,6.7665],[15.0346,6.7768],[15.0422,6.7908],[15.0591,6.8363],[15.0802,6.8781],[15.1132,6.9647],[15.1289,7.0265],[15.1362,7.0453],[15.147,7.0618],[15.1561,7.0678],[15.1791,7.0784],[15.1875,7.0886],[15.1902,7.0988],[15.1854,7.1569],[15.1866,7.1663],[15.1912,7.1773],[15.2051,7.2002],[15.2239,7.2475],[15.2466,7.2667],[15.2613,7.2792],[15.3382,7.3222],[15.3853,7.3584],[15.3892,7.3642],[15.3974,7.3807],[15.4032,7.3864],[15.4096,7.3877],[15.4284,7.3888],[15.4328,7.3897],[15.435,7.4029],[15.4155,7.4208],[15.4195,7.4366],[15.4733,7.5091],[15.481,7.5233],[15.5156,7.5122],[15.5519,7.5099],[15.6248,7.5197],[15.6685,7.5163],[15.72,7.4686],[15.7583,7.4556],[15.7939,7.458],[15.9253,7.4882],[15.9431,7.4953],[15.9757,7.5152],[15.9904,7.5294],[16.0123,7.5603],[16.0263,7.5749],[16.043,7.5839],[16.0652,7.5912],[16.1288,7.5995],[16.1627,7.6111],[16.1856,7.6108],[16.2072,7.6135],[16.2273,7.6256],[16.2619,7.6519],[16.2828,7.6601],[16.3708,7.6725],[16.383,7.6807],[16.3871,7.6947],[16.387,7.7626],[16.3922,7.7836],[16.4074,7.7961],[16.4182,7.7959],[16.4272,7.7915],[16.4374,7.7884],[16.4509,7.7921],[16.4572,7.7996],[16.4694,7.8258],[16.4757,7.8358],[16.4917,7.8492],[16.5092,7.8583],[16.5487,7.87],[16.5501,7.8617],[16.5508,7.8527],[16.5502,7.8435],[16.5449,7.813],[16.5493,7.7947],[16.5602,7.7797],[16.5764,7.7678],[16.5868,7.7636],[16.5964,7.7611],[16.6052,7.7572],[16.6131,7.7482],[16.6181,7.7343],[16.6162,7.7239],[16.6118,7.7139],[16.6099,7.7016],[16.6142,7.6796],[16.6245,7.6687],[16.6632,7.6574],[16.6869,7.6458],[16.7098,7.6278],[16.7467,7.5866],[16.7686,7.5502],[16.7824,7.5411],[16.8055,7.5437],[16.8129,7.5477],[16.8151,7.5495],[16.8367,7.5675],[16.8396,7.5674],[16.8504,7.5659],[16.8539,7.5675],[16.8558,7.5754],[16.8524,7.5803],[16.8481,7.5847],[16.8472,7.5916],[16.8548,7.6115],[16.8655,7.6244],[16.8807,7.6329],[16.9196,7.6441],[16.9627,7.6507],[16.9819,7.6487],[16.989,7.6608],[16.9975,7.6667],[17.0083,7.6676],[17.039,7.6625],[17.0421,7.667],[17.0411,7.6755],[17.0456,7.6847],[17.0594,7.6965],[17.0791,7.6899],[17.0903,7.6838],[17.0955,7.6782],[17.1019,7.6777],[17.1163,7.6869],[17.1355,7.7051],[17.1706,7.7475],[17.1886,7.7641],[17.1964,7.7652],[17.2046,7.7638],[17.2111,7.7683],[17.2145,7.7868],[17.2207,7.7982],[17.2338,7.8108],[17.2346,7.8116],[17.2509,7.8228],[17.3857,7.8705],[17.406,7.883],[17.4191,7.8982],[17.4664,7.8841],[17.4783,7.8918],[17.4872,7.9145],[17.5037,7.9262],[17.5238,7.931],[17.5598,7.9347],[17.5808,7.9406],[17.6,7.9504],[17.6207,7.9787],[17.6399,7.985],[17.6618,7.9863],[17.6798,7.9852],[17.8172,7.9621],[17.8588,7.9604],[17.8979,7.9675],[17.9772,7.9972],[18.0705,8.0192],[18.5083,8.0307],[18.5893,8.0479],[18.6179,8.0901],[18.6186,8.1387],[18.6386,8.1776],[18.6726,8.2075],[18.7151,8.2287],[18.7738,8.2486],[18.7912,8.2574],[18.813,8.2764],[18.8549,8.3398],[18.8875,8.371],[18.9013,8.3886],[18.9104,8.413],[18.9205,8.4321],[19.0205,8.5456],[19.0613,8.6256],[19.0723,8.6319],[19.0817,8.6372],[19.0915,8.6529],[19.1241,8.6751],[19.1039,8.698],[19.0735,8.7205],[19.0578,8.7297],[19.0487,8.7457],[18.9291,8.7965],[18.9173,8.8051],[18.9125,8.8184],[18.9097,8.8353],[18.903,8.8448],[18.8865,8.8358],[18.8698,8.8494],[18.8697,8.8641],[18.8927,8.8979],[18.9014,8.894],[18.9106,8.8942],[18.9177,8.8988],[18.9207,8.9079],[18.9229,8.9182],[18.9286,8.9217],[18.9364,8.9234],[18.9521,8.932],[18.9719,8.9382],[18.9759,8.942],[18.9785,8.9495],[18.9848,8.9564],[18.9995,8.9696],[19.0219,8.9852],[19.0607,9.0042],[19.1006,9.0153],[19.1267,9.0072],[19.1336,9.0072],[19.1421,9.0087],[19.1688,9.0022],[19.1746,9.0038],[19.1796,9.0153],[19.192,9.0202],[19.2329,9.0223],[19.2534,9.028],[19.2632,9.0283],[19.2752,9.022],[19.2858,9.0128],[19.2955,9.0095],[19.3048,9.0208],[19.3163,9.0131],[19.3333,9.0066],[19.3522,9.0021],[19.3694,9.0004],[19.3826,9.0032],[19.421,9.0174],[19.4302,9.0129],[19.5066,9.014],[19.5118,9.0123],[19.5158,9.0095],[19.5213,9.0088],[19.5308,9.014],[19.5538,9.0133],[19.5831,9.0253],[19.6136,9.0317],[19.6401,9.014],[19.6564,9.0213],[19.7,9.0206],[19.709,9.0246],[19.714,9.0291],[19.7382,9.0394],[19.7468,9.0413],[19.7584,9.042],[19.7847,9.0488],[19.8055,9.0511],[19.8895,9.0464],[19.9022,9.0518],[19.9145,9.0693],[19.9287,9.0626],[19.9321,9.0633],[19.9434,9.0659],[19.969,9.0829],[19.9765,9.0842],[19.9855,9.0832],[19.993,9.0846],[19.9963,9.0928],[19.9972,9.0986],[19.9995,9.1043],[20.0029,9.1085],[20.0069,9.1102],[20.0144,9.1063],[20.0179,9.091],[20.0243,9.0898],[20.0303,9.0939],[20.0299,9.099],[20.0284,9.1046],[20.0312,9.1102],[20.0605,9.1344],[20.0687,9.1381],[20.0769,9.1367],[20.0906,9.1311],[20.0994,9.1307],[20.1005,9.1341],[20.0996,9.1412],[20.101,9.1481],[20.1096,9.1512],[20.1171,9.1457],[20.1257,9.1338],[20.1376,9.1218],[20.1546,9.1164],[20.1695,9.1209],[20.198,9.1405],[20.2126,9.145],[20.223,9.1419],[20.2345,9.1346],[20.257,9.1164],[20.2768,9.1207],[20.3594,9.1164],[20.3783,9.1201],[20.3844,9.1236],[20.4029,9.137],[20.4124,9.1421],[20.4231,9.1432],[20.4352,9.1381],[20.4554,9.1593],[20.4676,9.1841],[20.4818,9.2047],[20.5072,9.2133],[20.513,9.2239],[20.5027,9.2474],[20.4961,9.2709],[20.5142,9.2815],[20.5264,9.2836],[20.5337,9.2896],[20.5373,9.2992],[20.5382,9.3119],[20.5418,9.3216],[20.5509,9.3203],[20.5723,9.3082],[20.5736,9.3091],[20.5923,9.3081],[20.5929,9.3082],[20.6097,9.3028],[20.6167,9.302],[20.6679,9.302],[20.6549,9.343],[20.6958,9.3635],[20.7409,9.3771],[20.7505,9.3845],[20.7579,9.3771],[20.7666,9.3866],[20.7711,9.3981],[20.7765,9.4078],[20.7883,9.4119],[20.7924,9.414],[20.7982,9.4234],[20.802,9.4255],[20.8067,9.4233],[20.8132,9.4191],[20.8139,9.4188],[20.8203,9.4162],[20.8261,9.4181],[20.8327,9.4373],[20.8343,9.4625],[20.8414,9.4844],[20.8638,9.4938],[20.8742,9.5025],[20.9127,9.5443],[20.9212,9.559],[20.9251,9.5696],[20.9343,9.5771],[20.956,9.5894],[20.9605,9.5981],[20.9623,9.6069],[20.9676,9.6106],[20.9831,9.6037],[20.9818,9.6168],[20.9801,9.6199],[20.9758,9.6242],[20.9758,9.631],[20.99,9.6356],[20.9961,9.6483],[20.9969,9.6822],[21.0001,9.6974],[21.0143,9.7245],[21.0174,9.7436],[21.0199,9.7479],[21.0256,9.7533],[21.0323,9.758],[21.0378,9.7607],[21.0391,9.7622],[21.0401,9.7648],[21.0427,9.7671],[21.0484,9.7682],[21.0529,9.7659],[21.0622,9.7562],[21.0658,9.7545],[21.0732,9.7576],[21.0803,9.7626],[21.0931,9.7743],[21.097,9.7754],[21.1016,9.7742],[21.1052,9.774],[21.1068,9.7781],[21.1059,9.7919],[21.1068,9.7955],[21.1217,9.8319],[21.132,9.8494],[21.1873,9.8851],[21.1954,9.8873],[21.1984,9.903],[21.2057,9.9168],[21.2569,9.9757],[21.2713,9.9872],[21.2851,9.9786],[21.3261,9.9628],[21.3395,9.9599],[21.3743,9.9731],[21.4069,10.0056],[21.4333,10.0461],[21.4854,10.1643],[21.5132,10.2005],[21.545,10.22],[21.5545,10.2187],[21.5667,10.2145],[21.5793,10.2123],[21.5897,10.2166],[21.5934,10.2145],[21.6253,10.2245],[21.6306,10.2274],[21.6563,10.2337],[21.6689,10.2492],[21.677,10.2692],[21.6889,10.2889],[21.6974,10.2924],[21.7089,10.2935],[21.7188,10.2966],[21.723,10.306],[21.7221,10.3142],[21.7178,10.329],[21.7168,10.3398],[21.7205,10.3608],[21.7511,10.4118],[21.7436,10.419],[21.7428,10.4258],[21.7444,10.4324],[21.7442,10.4391],[21.738,10.448],[21.7205,10.468],[21.7168,10.4773],[21.7147,10.4937],[21.7055,10.532],[21.7033,10.5524],[21.7055,10.5718],[21.7147,10.6014],[21.7168,10.621],[21.7226,10.6367],[21.7365,10.6462],[21.7534,10.6507],[21.7684,10.652],[21.7742,10.6552],[21.7788,10.6623],[21.7849,10.6693],[21.7954,10.6725],[21.8036,10.6737],[21.8226,10.6788],[21.8329,10.6799],[21.8528,10.6702],[21.8636,10.6679],[21.8684,10.6762],[21.8721,10.6776],[21.895,10.6992],[21.9256,10.7201],[21.9431,10.7283],[22.0039,10.7433],[22.0146,10.7546],[22.0049,10.7755],[22.0114,10.7893],[22.0183,10.8099],[22.0295,10.8287],[22.0486,10.837],[22.1324,10.8285],[22.1482,10.8308],[22.1764,10.8162],[22.1898,10.8373],[22.2006,10.8687],[22.2294,10.892],[22.2401,10.9059],[22.253,10.9153],[22.2684,10.909],[22.2765,10.9085],[22.2872,10.916],[22.306,10.9326],[22.3188,10.9394],[22.3394,10.9477],[22.3611,10.9536],[22.3647,10.9542],[22.3918,10.9585],[22.407,10.9631],[22.4192,10.9707],[22.4376,10.9916],[22.4471,10.9983],[22.4605,11.0008],[22.4763,10.998],[22.4908,10.9932],[22.5028,10.9922],[22.5119,11.0008],[22.5347,10.9805],[22.5558,10.979],[22.577,10.9851],[22.6008,10.9878],[22.6091,10.9852],[22.6282,10.9761],[22.6383,10.9741],[22.6732,10.9751],[22.6827,10.9741],[22.7199,10.9647],[22.7451,10.9438],[22.806,10.9245],[22.8611,10.9192]]]}},{"type":"Feature","properties":{"ADM0_A3":"CIV","NAME":"C\u00f4te d'Ivoire"},"geometry":{"type":"MultiPolygon","coordinates":[[[[-7.9897,10.162],[-7.9709,10.1551],[-7.9499,10.1554],[-7.929,10.161],[-7.911,10.1694],[-7.8923,10.1848],[-7.8828,10.1908],[-7.8572,10.1944],[-7.8474,10.1979],[-7.8387,10.2037],[-7.829,10.2117],[-7.8051,10.2418],[-7.8012,10.2495],[-7.7977,10.2603],[-7.7912,10.2658],[-7.7838,10.2704],[-7.7783,10.2783],[-7.7763,10.2927],[-7.7644,10.3129],[-7.7776,10.3299],[-7.7574,10.334],[-7.7353,10.3471],[-7.724,10.3636],[-7.736,10.3783],[-7.7268,10.3829],[-7.7223,10.3845],[-7.7223,10.3913],[-7.7086,10.4025],[-7.6998,10.4045],[-7.6879,10.4031],[-7.679,10.4059],[-7.674,10.4164],[-7.67,10.4288],[-7.6644,10.4371],[-7.6437,10.4405],[-7.6078,10.4187],[-7.5844,10.4165],[-7.5743,10.4175],[-7.5564,10.4173],[-7.5474,10.4205],[-7.5396,10.4276],[-7.5158,10.4578],[-7.5015,10.4586],[-7.4898,10.4561],[-7.4802,10.4503],[-7.4716,10.4411],[-7.4662,10.4295],[-7.4654,10.418],[-7.4662,10.4075],[-7.4655,10.3986],[-7.4615,10.3886],[-7.4447,10.3608],[-7.4433,10.35],[-7.4458,10.3404],[-7.4444,10.3342],[-7.4314,10.3337],[-7.4222,10.3361],[-7.395,10.3462],[-7.3723,10.3448],[-7.3663,10.3294],[-7.3727,10.2886],[-7.3718,10.2645],[-7.3634,10.2522],[-7.347,10.2479],[-7.284,10.2466],[-7.2047,10.2345],[-7.1064,10.2073],[-7.0895,10.1976],[-7.0731,10.1785],[-7.0582,10.156],[-7.0405,10.1401],[-7.0158,10.1409],[-6.9924,10.1491],[-6.9716,10.1644],[-6.9594,10.1855],[-6.9616,10.211],[-6.9712,10.2221],[-6.9843,10.2304],[-6.9949,10.2394],[-6.9971,10.2528],[-6.9731,10.3323],[-6.9612,10.3449],[-6.9387,10.3483],[-6.882,10.3413],[-6.8628,10.3438],[-6.8039,10.3709],[-6.7821,10.373],[-6.7602,10.3661],[-6.7226,10.344],[-6.7003,10.3417],[-6.6774,10.349],[-6.6689,10.361],[-6.6683,10.3658],[-6.664,10.398],[-6.6596,10.4054],[-6.6531,10.4131],[-6.6479,10.4219],[-6.6478,10.4327],[-6.654,10.44],[-6.6646,10.4446],[-6.6756,10.4479],[-6.6831,10.4517],[-6.6958,10.4712],[-6.6975,10.4883],[-6.6878,10.5205],[-6.6828,10.566],[-6.6856,10.574],[-6.6892,10.5809],[-6.6911,10.5894],[-6.689,10.6079],[-6.6842,10.6266],[-6.6819,10.6274],[-6.6679,10.6509],[-6.6692,10.6542],[-6.6471,10.6613],[-6.634,10.653],[-6.6136,10.6185],[-6.5986,10.6049],[-6.5781,10.5911],[-6.5376,10.5697],[-6.5214,10.5642],[-6.467,10.5535],[-6.446,10.5523],[-6.4215,10.5566],[-6.4028,10.5691],[-6.3992,10.5925],[-6.4067,10.6019],[-6.4191,10.6077],[-6.4307,10.615],[-6.4359,10.6287],[-6.434,10.6679],[-6.427,10.6861],[-6.4098,10.6944],[-6.3881,10.6955],[-6.3675,10.6923],[-6.3417,10.6914],[-6.3222,10.7005],[-6.3036,10.7132],[-6.28,10.7233],[-6.256,10.7265],[-6.2458,10.7207],[-6.2444,10.7069],[-6.2495,10.6656],[-6.2466,10.6576],[-6.2278,10.6509],[-6.2169,10.6451],[-6.2078,10.6375],[-6.2044,10.6296],[-6.2098,10.6178],[-6.2198,10.6119],[-6.2307,10.6069],[-6.2387,10.598],[-6.2329,10.5841],[-6.23,10.572],[-6.2314,10.5602],[-6.2379,10.5519],[-6.2562,10.5372],[-6.2609,10.5292],[-6.2613,10.5141],[-6.256,10.5116],[-6.2477,10.5138],[-6.2387,10.5127],[-6.2335,10.5076],[-6.2282,10.5006],[-6.2224,10.4946],[-6.2157,10.4926],[-6.2042,10.4944],[-6.1961,10.4947],[-6.1903,10.4911],[-6.1858,10.4813],[-6.1875,10.4754],[-6.1982,10.4574],[-6.2004,10.4488],[-6.1969,10.4392],[-6.1806,10.4202],[-6.1957,10.3892],[-6.1988,10.3708],[-6.1839,10.3589],[-6.2083,10.332],[-6.2078,10.3285],[-6.2054,10.3226],[-6.204,10.316],[-6.2062,10.3108],[-6.2144,10.3078],[-6.2211,10.3104],[-6.2259,10.3145],[-6.2283,10.3161],[-6.2407,10.3026],[-6.2433,10.289],[-6.24,10.2519],[-6.2248,10.255],[-6.214,10.2479],[-6.1943,10.2242],[-6.1809,10.2158],[-6.1053,10.1893],[-6.0159,10.1899],[-5.9971,10.2082],[-5.9852,10.2273],[-5.9783,10.2486],[-5.9747,10.2736],[-5.963,10.2827],[-5.9164,10.2666],[-5.9047,10.2753],[-5.909,10.3301],[-5.9048,10.3483],[-5.8933,10.365],[-5.8781,10.3761],[-5.8063,10.4135],[-5.6776,10.4415],[-5.6218,10.4469],[-5.594,10.4539],[-5.5844,10.4542],[-5.5717,10.4499],[-5.5497,10.4356],[-5.5226,10.4255],[-5.5051,10.4156],[-5.4875,10.3929],[-5.4753,10.3677],[-5.4742,10.3503],[-5.4599,10.3452],[-5.453,10.3439],[-5.4438,10.3435],[-5.4378,10.34],[-5.4335,10.3319],[-5.4301,10.3229],[-5.427,10.3169],[-5.4162,10.3075],[-5.4025,10.3006],[-5.3857,10.2965],[-5.3655,10.2957],[-5.3608,10.2988],[-5.3571,10.3044],[-5.3533,10.3083],[-5.3482,10.306],[-5.3438,10.3031],[-5.3385,10.3022],[-5.3271,10.3026],[-5.3155,10.3053],[-5.3092,10.3115],[-5.3041,10.3184],[-5.2966,10.323],[-5.2798,10.3224],[-5.2336,10.3157],[-5.2176,10.3199],[-5.1684,10.2913],[-5.1595,10.2923],[-5.1521,10.3056],[-5.1357,10.3043],[-5.1199,10.294],[-5.1192,10.2935],[-5.1118,10.2787],[-5.1118,10.2237],[-5.1144,10.2183],[-5.1182,10.2125],[-5.1171,10.208],[-5.1049,10.2069],[-5.0978,10.2093],[-5.0919,10.2143],[-5.0873,10.2208],[-5.0844,10.2274],[-5.0816,10.2069],[-5.0902,10.1888],[-5.0907,10.1779],[-5.064,10.179],[-5.0707,10.161],[-5.0647,10.1508],[-5.0395,10.1343],[-5.0376,10.1265],[-5.061,10.1185],[-5.0701,10.1102],[-5.0617,10.1101],[-5.0551,10.108],[-5.0494,10.1054],[-5.0429,10.1033],[-5.0565,10.0971],[-5.0483,10.0854],[-5.0372,10.0838],[-5.0255,10.0887],[-5.0156,10.0971],[-5.0105,10.0791],[-4.9998,10.0695],[-4.9866,10.0633],[-4.9745,10.0555],[-4.9633,10.0403],[-4.9564,10.022],[-4.9602,10.0085],[-4.9814,10.0077],[-4.9769,9.9976],[-4.9657,9.9831],[-4.9548,9.9597],[-4.9529,9.9534],[-4.9673,9.9124],[-4.9661,9.901],[-4.9367,9.874],[-4.928,9.8709],[-4.9224,9.8775],[-4.9171,9.8865],[-4.9094,9.8911],[-4.898,9.8889],[-4.8935,9.8842],[-4.8901,9.8795],[-4.8817,9.8774],[-4.8583,9.8757],[-4.8385,9.8695],[-4.8243,9.857],[-4.8176,9.8365],[-4.7985,9.8425],[-4.7903,9.8275],[-4.7854,9.8048],[-4.7759,9.788],[-4.7919,9.7823],[-4.8004,9.7811],[-4.8101,9.7818],[-4.8101,9.7743],[-4.8012,9.7665],[-4.7993,9.7625],[-4.7964,9.7545],[-4.7832,9.7584],[-4.77,9.7374],[-4.7548,9.7402],[-4.7605,9.7453],[-4.7621,9.7499],[-4.7586,9.7533],[-4.7486,9.7545],[-4.7383,9.7532],[-4.7333,9.7496],[-4.73,9.7442],[-4.7244,9.7371],[-4.7128,9.7268],[-4.7091,9.7203],[-4.7076,9.7098],[-4.7055,9.7021],[-4.7001,9.6979],[-4.6866,9.6924],[-4.6815,9.6867],[-4.6818,9.6828],[-4.6811,9.6821],[-4.6729,9.6856],[-4.6648,9.6909],[-4.6583,9.6976],[-4.6547,9.7035],[-4.6558,9.7061],[-4.6411,9.706],[-4.6287,9.7077],[-4.6169,9.7139],[-4.604,9.7272],[-4.5927,9.7178],[-4.5783,9.6965],[-4.5667,9.6924],[-4.5522,9.6965],[-4.5484,9.7068],[-4.548,9.7203],[-4.5431,9.734],[-4.5399,9.7408],[-4.5391,9.7447],[-4.5359,9.7466],[-4.5178,9.7466],[-4.51,9.7451],[-4.504,9.742],[-4.5016,9.7371],[-4.5038,9.7199],[-4.5136,9.694],[-4.5159,9.6757],[-4.5017,9.655],[-4.4692,9.6518],[-4.4334,9.6535],[-4.4091,9.6477],[-4.4002,9.6331],[-4.3916,9.6003],[-4.3849,9.5894],[-4.3712,9.583],[-4.3678,9.592],[-4.368,9.6084],[-4.365,9.6242],[-4.3497,9.62],[-4.3225,9.6089],[-4.3225,9.609],[-4.3159,9.6166],[-4.303,9.6417],[-4.3005,9.6543],[-4.3035,9.6779],[-4.3033,9.6867],[-4.2978,9.6958],[-4.2675,9.7273],[-4.2792,9.7311],[-4.2836,9.732],[-4.2703,9.7439],[-4.2531,9.7501],[-4.2154,9.7549],[-4.197,9.765],[-4.1683,9.8048],[-4.1503,9.8183],[-4.133,9.8204],[-4.0762,9.8038],[-4.0657,9.7981],[-4.0599,9.7963],[-4.0537,9.7976],[-4.0517,9.8023],[-4.0514,9.8076],[-4.0503,9.8103],[-4.035,9.8176],[-4.0267,9.8203],[-3.9946,9.8208],[-3.9883,9.8348],[-3.984,9.8512],[-3.9692,9.859],[-3.9477,9.8644],[-3.9101,9.8885],[-3.8916,9.8939],[-3.8897,9.8945],[-3.8235,9.8957],[-3.8043,9.9014],[-3.7958,9.9077],[-3.7797,9.9247],[-3.7696,9.9313],[-3.755,9.9359],[-3.7065,9.9418],[-3.699,9.9408],[-3.6859,9.9335],[-3.6796,9.9322],[-3.6743,9.9353],[-3.665,9.9466],[-3.6617,9.9489],[-3.6482,9.9446],[-3.6405,9.9374],[-3.634,9.9292],[-3.6233,9.9217],[-3.6063,9.9182],[-3.5465,9.9261],[-3.3892,9.9132],[-3.3766,9.9085],[-3.359,9.8925],[-3.3483,9.887],[-3.3392,9.8901],[-3.3275,9.8973],[-3.3172,9.9013],[-3.3127,9.8945],[-3.3136,9.8746],[-3.3118,9.8541],[-3.3017,9.8411],[-3.2779,9.8435],[-3.2641,9.8571],[-3.2302,9.9047],[-3.2148,9.9156],[-3.2026,9.9082],[-3.2022,9.889],[-3.2044,9.8654],[-3.2,9.8454],[-3.1826,9.8352],[-3.1601,9.8347],[-3.1369,9.8295],[-3.1169,9.8053],[-3.1044,9.7571],[-3.0946,9.7339],[-3.0771,9.7194],[-3.0591,9.7186],[-3.0246,9.7286],[-3.0057,9.7242],[-2.99,9.7084],[-2.9778,9.6852],[-2.9599,9.6386],[-2.9102,9.5427],[-2.8104,9.4111],[-2.7876,9.3937],[-2.7637,9.3919],[-2.7449,9.4081],[-2.7205,9.4592],[-2.6892,9.4887],[-2.6757,9.4717],[-2.6746,9.4575],[-2.6787,9.4255],[-2.6774,9.4178],[-2.6724,9.401],[-2.6724,9.374],[-2.6775,9.357],[-2.6894,9.3495],[-2.7031,9.3433],[-2.7133,9.3299],[-2.715,9.3111],[-2.7071,9.2956],[-2.693,9.2853],[-2.6755,9.2815],[-2.6598,9.2729],[-2.6612,9.2539],[-2.6731,9.2349],[-2.7048,9.2184],[-2.7165,9.2003],[-2.7339,9.1648],[-2.7552,9.1431],[-2.7594,9.1348],[-2.7613,9.0848],[-2.7654,9.0691],[-2.7748,9.055],[-2.7651,9.0495],[-2.7587,9.0429],[-2.7508,9.0374],[-2.737,9.0351],[-2.7113,9.0339],[-2.6861,9.0283],[-2.6608,9.0149],[-2.6543,8.9988],[-2.6533,8.9784],[-2.6377,8.9315],[-2.6317,8.927],[-2.625,8.926],[-2.6194,8.9236],[-2.6172,8.915],[-2.6159,8.8978],[-2.5956,8.8281],[-2.5967,8.8144],[-2.6073,8.8086],[-2.6146,8.8019],[-2.6172,8.7892],[-2.6124,8.7813],[-2.6122,8.781],[-2.6031,8.7851],[-2.5984,8.7695],[-2.5523,8.4894],[-2.5063,8.2093],[-2.5132,8.194],[-2.5581,8.1677],[-2.5718,8.1631],[-2.5833,8.1643],[-2.596,8.1703],[-2.6043,8.1708],[-2.6107,8.1649],[-2.6176,8.1515],[-2.6219,8.1357],[-2.6194,8.1231],[-2.6062,8.0943],[-2.5998,8.0704],[-2.6007,8.0529],[-2.6106,8.04],[-2.6312,8.0296],[-2.6909,8.0097],[-2.7093,7.9967],[-2.7549,7.9444],[-2.7712,7.9307],[-2.7726,7.9339],[-2.7777,7.9396],[-2.7843,7.944],[-2.7906,7.9433],[-2.7935,7.936],[-2.7979,7.8613],[-2.8012,7.8502],[-2.8092,7.8417],[-2.8314,7.8284],[-2.84,7.8202],[-2.8408,7.8152],[-2.8379,7.8023],[-2.8382,7.7968],[-2.842,7.7903],[-2.8521,7.7781],[-2.8559,7.7716],[-2.9282,7.6177],[-2.9415,7.5772],[-2.9905,7.2707],[-2.9895,7.2589],[-2.9832,7.245],[-2.9765,7.2367],[-2.9721,7.2286],[-2.9728,7.215],[-2.9817,7.1955],[-3.0275,7.1384],[-3.0326,7.1284],[-3.0409,7.0783],[-3.0459,7.0712],[-3.0955,7.0552],[-3.0966,7.0545],[-3.0973,7.0541],[-3.1096,7.0464],[-3.2249,6.8494],[-3.2417,6.8109],[-3.2431,6.7748],[-3.2387,6.7646],[-3.2262,6.7486],[-3.2127,6.7227],[-3.2104,6.716],[-3.2301,6.6611],[-3.2355,6.6546],[-3.2539,6.6444],[-3.2611,6.6339],[-3.2625,6.6171],[-3.1836,6.2639],[-3.1717,6.2496],[-3.1688,6.2461],[-3.1394,6.2193],[-3.1181,6.1635],[-3.0878,5.9967],[-3.0732,5.961],[-3.0347,5.8907],[-3.0225,5.8545],[-3.02,5.8184],[-3.0298,5.7043],[-2.9648,5.7098],[-2.9749,5.6473],[-2.9695,5.6214],[-2.9459,5.6083],[-2.9263,5.6107],[-2.8937,5.6304],[-2.8775,5.6368],[-2.8063,5.6185],[-2.7934,5.6081],[-2.7856,5.595],[-2.7818,5.5789],[-2.7794,5.5265],[-2.7617,5.4549],[-2.7344,5.3911],[-2.7301,5.3732],[-2.7327,5.3557],[-2.7426,5.3431],[-2.7559,5.3407],[-2.7896,5.3469],[-2.7961,5.285],[-2.7933,5.2711],[-2.7793,5.2511],[-2.7749,5.2396],[-2.7754,5.231],[-2.7796,5.2101],[-2.7788,5.201],[-2.7757,5.1975],[-2.7625,5.1863],[-2.757,5.1799],[-2.7666,5.161],[-2.7809,5.1509],[-2.8039,5.1476],[-2.8437,5.1491],[-2.8462,5.177],[-2.8794,5.1813],[-2.9204,5.1765],[-2.9467,5.1771],[-2.9385,5.1569],[-2.9435,5.1368],[-2.958,5.1212],[-2.9778,5.115],[-2.9934,5.1195],[-3.0463,5.1441],[-3.0628,5.1566],[-3.0828,5.1511],[-3.1224,5.15],[-3.1391,5.1423],[-3.1468,5.1613],[-3.1625,5.1841],[-3.1809,5.2032],[-3.1969,5.2112],[-3.2051,5.2187],[-3.1943,5.2344],[-3.1788,5.2488],[-3.1727,5.2522],[-3.168,5.2663],[-3.165,5.2959],[-3.1591,5.3074],[-3.1454,5.316],[-3.1348,5.3186],[-3.1279,5.3249],[-3.1255,5.3446],[-3.1278,5.3596],[-3.1344,5.3668],[-3.1461,5.3688],[-3.1627,5.3688],[-3.1674,5.3666],[-3.1733,5.3618],[-3.1807,5.3568],[-3.1898,5.3546],[-3.1981,5.3559],[-3.2118,5.3615],[-3.2205,5.362],[-3.2302,5.3586],[-3.2494,5.3454],[-3.2621,5.3409],[-3.2521,5.3181],[-3.2469,5.2976],[-3.2543,5.2836],[-3.2826,5.2802],[-3.2782,5.2725],[-3.2782,5.2654],[-3.2821,5.2587],[-3.2894,5.2522],[-3.2803,5.2462],[-3.2758,5.2448],[-3.2826,5.2448],[-3.2731,5.2412],[-3.2628,5.2388],[-3.252,5.2379],[-3.241,5.2385],[-3.241,5.2317],[-3.2504,5.2274],[-3.2657,5.2287],[-3.2758,5.2255],[-3.2843,5.2191],[-3.292,5.2105],[-3.2983,5.2007],[-3.303,5.1901],[-3.3136,5.1973],[-3.3207,5.1935],[-3.319,5.1848],[-3.303,5.1771],[-3.309,5.1638],[-3.3031,5.1557],[-3.2905,5.1514],[-3.2758,5.1491],[-3.3122,5.1199],[-3.378,5.1232],[-3.632,5.1771],[-3.6785,5.1798],[-3.7101,5.1861],[-3.718,5.1887],[-3.7214,5.1938],[-3.7196,5.2031],[-3.7173,5.2102],[-3.7189,5.217],[-3.7289,5.2255],[-3.7214,5.2385],[-3.7317,5.23],[-3.7397,5.2171],[-3.7452,5.2027],[-3.748,5.1901],[-3.7555,5.1901],[-3.7675,5.197],[-3.7869,5.199],[-3.8275,5.1976],[-3.8409,5.2012],[-3.8859,5.2255],[-3.9558,5.2346],[-3.987,5.244],[-4.0019,5.2665],[-3.9834,5.2603],[-3.9623,5.2624],[-3.9438,5.2718],[-3.933,5.2869],[-3.9184,5.269],[-3.9113,5.2619],[-3.9029,5.259],[-3.8964,5.2615],[-3.8937,5.2675],[-3.8948,5.2745],[-3.8995,5.2802],[-3.8995,5.2869],[-3.8857,5.2839],[-3.8512,5.2698],[-3.8443,5.2696],[-3.8341,5.2729],[-3.8116,5.2641],[-3.7754,5.2448],[-3.7777,5.2512],[-3.7794,5.2612],[-3.7822,5.2665],[-3.7667,5.2661],[-3.7398,5.2624],[-3.7289,5.2665],[-3.7157,5.2823],[-3.7219,5.291],[-3.7348,5.2985],[-3.7419,5.3105],[-3.7533,5.3438],[-3.7555,5.3583],[-3.7589,5.3662],[-3.7672,5.3715],[-3.7781,5.3728],[-3.789,5.3688],[-3.7955,5.3732],[-3.8049,5.376],[-3.8133,5.3744],[-3.817,5.3655],[-3.814,5.3598],[-3.7927,5.3446],[-3.7674,5.3106],[-3.7523,5.2946],[-3.735,5.2869],[-3.744,5.274],[-3.7594,5.2754],[-3.7763,5.279],[-3.789,5.2727],[-3.7965,5.2727],[-3.809,5.2878],[-3.8183,5.2917],[-3.8287,5.2912],[-3.8443,5.2932],[-3.8549,5.2969],[-3.8667,5.3036],[-3.8759,5.3134],[-3.8784,5.3266],[-3.8832,5.3222],[-3.8891,5.3178],[-3.892,5.3136],[-3.8961,5.3218],[-3.8988,5.3297],[-3.9001,5.338],[-3.8995,5.3484],[-3.9063,5.3484],[-3.9077,5.3343],[-3.9126,5.3222],[-3.921,5.3162],[-3.933,5.3205],[-3.9407,5.3146],[-3.9516,5.3129],[-3.9635,5.3149],[-3.9746,5.3205],[-3.998,5.3168],[-4.0093,5.3136],[-3.9996,5.3046],[-3.984,5.3009],[-3.9674,5.3019],[-3.9547,5.3074],[-3.9405,5.2932],[-3.9538,5.2829],[-3.971,5.273],[-3.9891,5.2691],[-4.0056,5.2764],[-4.0181,5.2836],[-4.04,5.2934],[-4.0609,5.2995],[-4.0702,5.2966],[-4.0785,5.2878],[-4.0969,5.2927],[-4.1255,5.3074],[-4.1387,5.3034],[-4.1494,5.2966],[-4.1601,5.2934],[-4.1739,5.3],[-4.1797,5.2942],[-4.1862,5.2941],[-4.1933,5.2988],[-4.2006,5.3074],[-4.2278,5.289],[-4.241,5.2839],[-4.2558,5.2869],[-4.2538,5.2915],[-4.2509,5.303],[-4.2489,5.3074],[-4.2746,5.3124],[-4.2856,5.3105],[-4.2974,5.3],[-4.3048,5.3068],[-4.3138,5.3112],[-4.3214,5.311],[-4.3276,5.2952],[-4.3435,5.2826],[-4.3513,5.2727],[-4.3585,5.28],[-4.3705,5.2892],[-4.3833,5.297],[-4.3924,5.3],[-4.4029,5.2943],[-4.4134,5.2851],[-4.4238,5.2816],[-4.4339,5.2932],[-4.4309,5.2954],[-4.4297,5.2956],[-4.4287,5.2964],[-4.4265,5.3],[-4.4635,5.2982],[-4.4777,5.2913],[-4.4817,5.2727],[-4.4722,5.2775],[-4.4638,5.2761],[-4.4574,5.2696],[-4.4537,5.259],[-4.4728,5.2634],[-4.5438,5.2665],[-4.5477,5.276],[-4.5525,5.2845],[-4.5636,5.3],[-4.5693,5.2904],[-4.5697,5.2825],[-4.5655,5.2765],[-4.5575,5.2727],[-4.5575,5.2665],[-4.5755,5.263],[-4.5892,5.2566],[-4.6121,5.2385],[-4.6306,5.2506],[-4.652,5.2492],[-4.6706,5.2407],[-4.6803,5.2317],[-4.6872,5.2317],[-4.6938,5.2346],[-4.7025,5.2399],[-4.7102,5.2462],[-4.7145,5.2522],[-4.7028,5.2574],[-4.693,5.2563],[-4.6821,5.253],[-4.6673,5.2522],[-4.6694,5.2619],[-4.6726,5.2681],[-4.6781,5.2714],[-4.6872,5.2727],[-4.6872,5.2802],[-4.6769,5.2848],[-4.6704,5.2919],[-4.6673,5.3015],[-4.6673,5.3136],[-4.6735,5.3136],[-4.6858,5.2906],[-4.7025,5.2783],[-4.7236,5.2735],[-4.7493,5.2727],[-4.7222,5.2523],[-4.7422,5.2346],[-4.7794,5.2189],[-4.8038,5.2044],[-4.81,5.1899],[-4.8086,5.1805],[-4.7995,5.1745],[-4.7834,5.1703],[-4.7655,5.1693],[-4.7477,5.1723],[-4.7375,5.1793],[-4.7424,5.1901],[-4.7424,5.1976],[-4.7172,5.2044],[-4.7047,5.2113],[-4.7003,5.2067],[-4.6954,5.2002],[-4.6872,5.1976],[-4.6748,5.2007],[-4.6545,5.2094],[-4.6394,5.2112],[-4.6083,5.2112],[-4.5989,5.2092],[-4.5925,5.2048],[-4.5882,5.2001],[-4.5848,5.1976],[-4.5699,5.1955],[-4.5596,5.197],[-4.5364,5.2044],[-4.5467,5.2032],[-4.5588,5.2042],[-4.5683,5.2087],[-4.571,5.218],[-4.5649,5.2232],[-4.5301,5.2317],[-4.5301,5.218],[-4.5227,5.218],[-4.5006,5.2287],[-4.4416,5.225],[-4.4128,5.2385],[-4.4081,5.2236],[-4.4003,5.2297],[-4.3921,5.2436],[-4.3856,5.2522],[-4.3673,5.2517],[-4.3517,5.2444],[-4.3378,5.2409],[-4.3247,5.2522],[-4.3058,5.2446],[-4.2863,5.2479],[-4.2663,5.255],[-4.2252,5.2624],[-4.1996,5.2768],[-4.1838,5.2802],[-4.0605,5.2834],[-4.0292,5.2727],[-4.0386,5.2684],[-4.0486,5.2662],[-4.0592,5.2657],[-4.0702,5.2665],[-3.9958,5.2317],[-4.3081,5.2062],[-4.6205,5.1807],[-4.7847,5.1439],[-4.8754,5.1362],[-4.8926,5.1286],[-4.9035,5.1343],[-4.9152,5.1364],[-4.9691,5.1374],[-4.982,5.1361],[-4.982,5.1423],[-4.9787,5.1426],[-4.9722,5.142],[-4.969,5.1423],[-4.969,5.1491],[-4.9971,5.1487],[-5.0038,5.1606],[-5.0033,5.1788],[-5.0099,5.1976],[-4.9971,5.2128],[-5.0098,5.2161],[-5.0643,5.2092],[-5.0821,5.2036],[-5.0987,5.1948],[-5.1123,5.1833],[-5.129,5.1977],[-5.1579,5.2122],[-5.1914,5.2192],[-5.2216,5.2112],[-5.2255,5.2155],[-5.2323,5.2208],[-5.234,5.223],[-5.2358,5.2255],[-5.2421,5.2255],[-5.253,5.2141],[-5.2709,5.2194],[-5.2899,5.2277],[-5.3048,5.2255],[-5.3109,5.2255],[-5.3215,5.2302],[-5.3273,5.2261],[-5.3282,5.2165],[-5.324,5.2044],[-5.3271,5.2055],[-5.3383,5.2112],[-5.3378,5.2007],[-5.3383,5.1976],[-5.3301,5.1999],[-5.3285,5.1968],[-5.3245,5.1908],[-5.324,5.1901],[-5.317,5.1942],[-5.3115,5.1958],[-5.2974,5.1976],[-5.2974,5.1901],[-5.305,5.1816],[-5.3284,5.1701],[-5.3383,5.1635],[-5.3383,5.1833],[-5.3525,5.1418],[-5.3594,5.1286],[-5.3929,5.1771],[-5.4004,5.1771],[-5.4008,5.174],[-5.4004,5.1635],[-5.4139,5.1703],[-5.399,5.142],[-5.3579,5.1235],[-5.3088,5.1181],[-5.2694,5.1286],[-5.2855,5.1408],[-5.3024,5.1404],[-5.3201,5.1376],[-5.3383,5.1423],[-5.3383,5.1491],[-5.3281,5.1485],[-5.3199,5.1498],[-5.3126,5.1526],[-5.3048,5.1566],[-5.2995,5.161],[-5.2869,5.1741],[-5.2831,5.1771],[-5.2681,5.1737],[-5.2516,5.1654],[-5.2355,5.1613],[-5.2216,5.1703],[-5.2093,5.1628],[-5.1971,5.1601],[-5.1869,5.1643],[-5.1807,5.1771],[-5.199,5.1744],[-5.207,5.1824],[-5.2138,5.193],[-5.2284,5.1976],[-5.2284,5.2044],[-5.2148,5.1976],[-5.1814,5.2023],[-5.1208,5.167],[-5.095,5.1737],[-5.0809,5.1848],[-5.0677,5.187],[-5.0332,5.1833],[-5.0291,5.1757],[-5.0234,5.1585],[-5.0149,5.1401],[-5.0024,5.1286],[-5.2554,5.121],[-5.2943,5.106],[-5.4957,5.0953],[-5.5248,5.0998],[-5.5505,5.115],[-5.5784,5.0945],[-5.5577,5.0884],[-5.5505,5.0877],[-5.6302,5.0632],[-5.8513,5.03],[-5.8587,5.0277],[-5.9714,4.9926],[-5.9884,4.9839],[-5.9956,4.9748],[-6.0074,4.9752],[-6.0597,4.9558],[-6.1386,4.9152],[-6.4122,4.8239],[-6.4208,4.8171],[-6.4266,4.802],[-6.4415,4.7939],[-6.5472,4.768],[-6.5679,4.7656],[-6.5839,4.7604],[-6.6107,4.7348],[-6.6268,4.7246],[-6.7533,4.6873],[-6.8537,4.6806],[-6.8795,4.6679],[-6.9031,4.662],[-6.9142,4.6557],[-6.9421,4.6216],[-6.996,4.5765],[-7.0582,4.539],[-7.0992,4.5265],[-7.1735,4.5188],[-7.2328,4.4933],[-7.2452,4.4849],[-7.2552,4.4655],[-7.266,4.4636],[-7.2785,4.4638],[-7.2882,4.4605],[-7.306,4.4455],[-7.3599,4.4161],[-7.4387,4.351],[-7.4568,4.3441],[-7.4809,4.3461],[-7.5243,4.3547],[-7.5407,4.3528],[-7.5738,4.3754],[-7.5792,4.3871],[-7.5779,4.3973],[-7.5674,4.4159],[-7.5643,4.4258],[-7.5657,4.4352],[-7.5728,4.4554],[-7.5709,4.4807],[-7.5727,4.4911],[-7.5754,4.5003],[-7.5769,4.5093],[-7.5725,4.7234],[-7.5769,4.7753],[-7.5796,4.7843],[-7.5856,4.7915],[-7.5934,4.7974],[-7.601,4.8046],[-7.606,4.8162],[-7.606,4.8174],[-7.6059,4.8251],[-7.6002,4.8458],[-7.5988,4.8571],[-7.606,4.888],[-7.6055,4.8974],[-7.575,4.9216],[-7.5618,4.9202],[-7.5535,4.9142],[-7.5495,4.9139],[-7.5496,4.9291],[-7.5553,4.9484],[-7.5646,4.9616],[-7.5716,4.9754],[-7.5702,4.9969],[-7.5704,4.9969],[-7.5782,5.0547],[-7.5758,5.0721],[-7.5632,5.0902],[-7.5468,5.0977],[-7.5299,5.0974],[-7.5158,5.0918],[-7.4889,5.1407],[-7.483,5.1582],[-7.4823,5.1751],[-7.4905,5.2222],[-7.4799,5.2552],[-7.4757,5.2642],[-7.4682,5.2735],[-7.4424,5.2874],[-7.4399,5.2902],[-7.4285,5.2882],[-7.4301,5.2843],[-7.4352,5.2793],[-7.4341,5.2741],[-7.4309,5.2675],[-7.4308,5.26],[-7.4285,5.2561],[-7.4188,5.2605],[-7.4138,5.2667],[-7.4101,5.2832],[-7.4077,5.2899],[-7.3956,5.3068],[-7.3898,5.3171],[-7.3888,5.3284],[-7.3915,5.3477],[-7.3969,5.3664],[-7.4044,5.368],[-7.4149,5.366],[-7.4297,5.3743],[-7.4391,5.3878],[-7.446,5.4049],[-7.45,5.4228],[-7.4502,5.4387],[-7.4362,5.4313],[-7.4317,5.4419],[-7.4324,5.4796],[-7.4251,5.4942],[-7.4135,5.5035],[-7.4081,5.5118],[-7.4099,5.5134],[-7.42,5.5231],[-7.4135,5.5228],[-7.3936,5.524],[-7.4071,5.5414],[-7.4119,5.5604],[-7.4051,5.5724],[-7.3841,5.569],[-7.3967,5.5851],[-7.418,5.6278],[-7.431,5.654],[-7.4495,5.7324],[-7.4486,5.7691],[-7.442,5.8113],[-7.4465,5.8459],[-7.4786,5.8599],[-7.4817,5.8302],[-7.4866,5.8138],[-7.4944,5.8062],[-7.5039,5.8121],[-7.5088,5.8262],[-7.5156,5.8392],[-7.5311,5.842],[-7.5278,5.8588],[-7.5352,5.8558],[-7.5476,5.8454],[-7.5591,5.8399],[-7.5663,5.8437],[-7.5795,5.8603],[-7.5872,5.8668],[-7.5791,5.8772],[-7.5842,5.8837],[-7.6058,5.8931],[-7.6085,5.8937],[-7.6291,5.9049],[-7.6306,5.9086],[-7.6483,5.9113],[-7.6631,5.9231],[-7.674,5.9357],[-7.6805,5.9409],[-7.6915,5.9277],[-7.7032,5.9079],[-7.7172,5.9008],[-7.735,5.9256],[-7.7471,5.9376],[-7.7866,5.9582],[-7.7996,5.9745],[-7.8007,5.9817],[-7.8,6.0102],[-7.7977,6.0148],[-7.7886,6.0198],[-7.7865,6.0251],[-7.7887,6.0315],[-7.7939,6.0341],[-7.7992,6.0357],[-7.8024,6.0392],[-7.8057,6.062],[-7.8097,6.0712],[-7.8194,6.0801],[-7.8284,6.0807],[-7.8409,6.0774],[-7.8505,6.0722],[-7.8509,6.0676],[-7.8618,6.0815],[-7.8645,6.1017],[-7.862,6.1244],[-7.8574,6.1454],[-7.8441,6.184],[-7.8466,6.1975],[-7.8621,6.2164],[-7.9066,6.252],[-7.91,6.2568],[-7.9127,6.2684],[-7.9144,6.2717],[-7.9205,6.2738],[-7.9252,6.2725],[-7.9295,6.2708],[-7.9349,6.2714],[-7.9994,6.2867],[-8.0157,6.2978],[-8.033,6.3018],[-8.0601,6.3011],[-8.1066,6.2947],[-8.1183,6.2899],[-8.1406,6.2776],[-8.1544,6.2742],[-8.1706,6.274],[-8.1791,6.2769],[-8.1857,6.2818],[-8.1966,6.2881],[-8.2085,6.2925],[-8.286,6.3101],[-8.2951,6.3134],[-8.2966,6.3175],[-8.2966,6.3244],[-8.2977,6.3326],[-8.3027,6.3406],[-8.31,6.3446],[-8.3142,6.3415],[-8.3175,6.337],[-8.3224,6.3365],[-8.3329,6.346],[-8.3426,6.357],[-8.3529,6.3611],[-8.366,6.3501],[-8.3766,6.3547],[-8.3888,6.3551],[-8.4011,6.3504],[-8.4118,6.34],[-8.4237,6.352],[-8.4202,6.3581],[-8.411,6.3632],[-8.406,6.3722],[-8.4082,6.3799],[-8.4172,6.3982],[-8.419,6.4076],[-8.4139,6.4242],[-8.4065,6.4305],[-8.4051,6.4363],[-8.4183,6.4512],[-8.4496,6.4679],[-8.4612,6.4829],[-8.4675,6.4871],[-8.4724,6.4787],[-8.4769,6.4601],[-8.4848,6.4416],[-8.4972,6.4314],[-8.5156,6.4376],[-8.5453,6.4772],[-8.5565,6.487],[-8.5681,6.4904],[-8.5921,6.4897],[-8.6018,6.4917],[-8.6187,6.4928],[-8.5941,6.5239],[-8.5894,6.5261],[-8.5773,6.528],[-8.5727,6.5308],[-8.5706,6.5351],[-8.5661,6.5491],[-8.5672,6.5506],[-8.5661,6.5509],[-8.5495,6.5601],[-8.5471,6.56],[-8.5336,6.5763],[-8.4613,6.6334],[-8.4416,6.6553],[-8.3518,6.7554],[-8.3375,6.7773],[-8.325,6.8063],[-8.3166,6.8363],[-8.315,6.8503],[-8.3157,6.8638],[-8.3206,6.8697],[-8.3288,6.8751],[-8.3337,6.8826],[-8.3209,6.9102],[-8.32,6.9258],[-8.3212,6.9423],[-8.32,6.96],[-8.3146,6.9686],[-8.2941,6.9844],[-8.2866,6.9938],[-8.2841,7.0179],[-8.3012,7.1132],[-8.3026,7.1376],[-8.3054,7.1469],[-8.3115,7.1573],[-8.3262,7.1721],[-8.3297,7.1783],[-8.3306,7.1847],[-8.3285,7.1974],[-8.329,7.204],[-8.333,7.2119],[-8.345,7.2268],[-8.3497,7.2347],[-8.3575,7.2657],[-8.364,7.2789],[-8.3811,7.303],[-8.3877,7.315],[-8.393,7.3343],[-8.4051,7.4313],[-8.4256,7.5019],[-8.4436,7.5371],[-8.4854,7.558],[-8.44,7.5999],[-8.4148,7.6129],[-8.3909,7.5858],[-8.3723,7.5873],[-8.3368,7.5978],[-8.3032,7.5893],[-8.2654,7.5601],[-8.229,7.5443],[-8.2002,7.5763],[-8.1998,7.5834],[-8.203,7.5996],[-8.2026,7.6072],[-8.1979,7.6186],[-8.1779,7.6439],[-8.1734,7.6478],[-8.1621,7.6542],[-8.158,7.6582],[-8.1574,7.6624],[-8.1602,7.6722],[-8.1595,7.6763],[-8.1274,7.713],[-8.1226,7.7275],[-8.119,7.7608],[-8.1151,7.7769],[-8.1105,7.7824],[-8.1039,7.7863],[-8.0983,7.7919],[-8.0963,7.8019],[-8.1014,7.8128],[-8.1238,7.832],[-8.1312,7.8424],[-8.1289,7.8826],[-8.0791,7.9577],[-8.0689,7.9966],[-8.0672,8.0208],[-8.0691,8.0293],[-8.0538,8.0288],[-8.012,8.0356],[-8.0022,8.0324],[-7.9925,8.0242],[-7.9804,8.0166],[-7.9626,8.0152],[-7.9656,8.0269],[-7.9682,8.037],[-7.9804,8.059],[-7.9971,8.0773],[-8.0157,8.0885],[-8.0213,8.1027],[-8.0217,8.1177],[-8.0157,8.1482],[-8.0083,8.1604],[-8.0024,8.1743],[-8.0033,8.184],[-8.0157,8.1839],[-8.076,8.1634],[-8.0855,8.162],[-8.1829,8.1917],[-8.266,8.246],[-8.2646,8.2565],[-8.2483,8.2736],[-8.2453,8.2851],[-8.2476,8.3038],[-8.2476,8.3226],[-8.2353,8.3795],[-8.2369,8.4001],[-8.2421,8.4128],[-8.2491,8.4238],[-8.2543,8.4345],[-8.2544,8.4465],[-8.2489,8.4536],[-8.2003,8.4918],[-8.1863,8.4937],[-8.1505,8.4865],[-8.1301,8.4886],[-8.0969,8.5017],[-8.0766,8.5033],[-8.0681,8.5005],[-8.0572,8.4909],[-8.0507,8.4877],[-8.0425,8.4872],[-8.0249,8.4886],[-8.0157,8.4872],[-7.9859,8.4949],[-7.9705,8.497],[-7.9563,8.4944],[-7.9439,8.4846],[-7.937,8.4714],[-7.9316,8.457],[-7.9238,8.4438],[-7.9129,8.4342],[-7.8986,8.4263],[-7.8823,8.4215],[-7.8656,8.4209],[-7.8486,8.4286],[-7.8468,8.4427],[-7.8494,8.4592],[-7.8457,8.4743],[-7.8238,8.4779],[-7.8024,8.4492],[-7.771,8.3865],[-7.7483,8.3723],[-7.7207,8.3685],[-7.6624,8.3749],[-7.6832,8.4173],[-7.6896,8.4387],[-7.6865,8.4626],[-7.6793,8.4877],[-7.6792,8.5051],[-7.6917,8.5467],[-7.694,8.5678],[-7.6916,8.6061],[-7.6968,8.6248],[-7.7039,8.6335],[-7.7318,8.6521],[-7.7412,8.6629],[-7.7651,8.7061],[-7.7721,8.7145],[-7.7909,8.7309],[-7.7957,8.7365],[-7.8037,8.7491],[-7.8102,8.7534],[-7.8161,8.7535],[-7.8266,8.7482],[-7.831,8.7477],[-7.891,8.7657],[-7.9131,8.7682],[-7.9589,8.782],[-7.9689,8.8128],[-7.9507,8.8995],[-7.9465,8.9486],[-7.9416,8.9722],[-7.9319,8.9965],[-7.9318,8.9966],[-7.9167,9.0123],[-7.827,9.0578],[-7.8078,9.06],[-7.7881,9.06],[-7.7642,9.0636],[-7.7482,9.0754],[-7.7468,9.0764],[-7.7594,9.0917],[-7.801,9.1148],[-7.8234,9.132],[-7.8342,9.143],[-7.8479,9.1686],[-7.8562,9.1702],[-7.8663,9.166],[-7.8787,9.1639],[-7.9296,9.1839],[-7.9306,9.2203],[-7.8949,9.3071],[-7.8917,9.3302],[-7.8654,9.4099],[-7.8706,9.4186],[-7.9119,9.4187],[-7.933,9.4143],[-7.9711,9.393],[-7.9916,9.3853],[-8.0099,9.3836],[-8.0323,9.3846],[-8.0541,9.3891],[-8.0704,9.3975],[-8.0872,9.4154],[-8.1454,9.4971],[-8.1529,9.5131],[-8.1576,9.5309],[-8.161,9.5536],[-8.1616,9.5756],[-8.1603,9.5848],[-8.1235,9.8449],[-8.1281,9.8662],[-8.1469,9.8647],[-8.151,9.8661],[-8.1551,9.8752],[-8.1521,9.8788],[-8.1473,9.8801],[-8.1457,9.8825],[-8.1472,9.8879],[-8.1495,9.9053],[-8.1532,9.9109],[-8.159,9.9124],[-8.1645,9.9127],[-8.1679,9.9147],[-8.1715,9.9228],[-8.1747,9.933],[-8.1738,9.9419],[-8.1524,9.95],[-8.1401,9.9597],[-8.1363,9.9694],[-8.1489,9.9739],[-8.1585,9.9849],[-8.1477,10.01],[-8.1275,10.0371],[-8.1088,10.0542],[-8.0579,10.0731],[-8.0349,10.0858],[-8.0157,10.1104],[-8.0123,10.1249],[-8.0072,10.1383],[-7.9998,10.1507],[-7.9897,10.162]]],[[[-3.1153,5.1078],[-3.1196,5.0913],[-3.1202,5.0915],[-3.1638,5.1015],[-3.2621,5.111],[-3.2764,5.1181],[-3.2723,5.1324],[-3.2533,5.1496],[-3.2341,5.1635],[-3.2074,5.1566],[-3.2003,5.1518],[-3.1974,5.1459],[-3.196,5.1402],[-3.1932,5.1361],[-3.185,5.1323],[-3.1634,5.1255],[-3.1591,5.1256],[-3.1551,5.1279],[-3.1464,5.1216],[-3.1317,5.1081],[-3.1183,5.107],[-3.1153,5.1078]]]]}},{"type":"Feature","properties":{"ADM0_A3":"MLI","NAME":"Mali"},"geometry":{"type":"Polygon","coordinates":[[[-12.2641,14.7749],[-12.2468,14.767],[-12.2248,14.7634],[-12.2033,14.7662],[-12.1602,14.781],[-12.1389,14.7845],[-12.1237,14.7766],[-12.0815,14.74],[-12.0704,14.7344],[-12.0623,14.7463],[-12.0571,14.7619],[-12.0497,14.7672],[-12.0311,14.7628],[-12.0111,14.7627],[-11.9915,14.768],[-11.974,14.7798],[-11.9503,14.8116],[-11.936,14.8236],[-11.8957,14.8321],[-11.8775,14.8415],[-11.8626,14.8541],[-11.8547,14.8673],[-11.8508,14.8765],[-11.8456,14.8832],[-11.8405,14.8885],[-11.8371,14.8931],[-11.8331,14.8947],[-11.8261,14.8966],[-11.8204,14.9],[-11.8204,14.9064],[-11.8274,14.9156],[-11.8301,14.9203],[-11.8309,14.9264],[-11.8258,14.9625],[-11.8206,14.9803],[-11.8132,14.9959],[-11.8132,14.9961],[-11.8111,15.0143],[-11.8138,15.0285],[-11.8212,15.0398],[-11.8328,15.049],[-11.8392,15.049],[-11.8445,15.0443],[-11.851,15.042],[-11.8609,15.049],[-11.8591,15.0541],[-11.8568,15.0842],[-11.8451,15.1246],[-11.8442,15.1348],[-11.8473,15.1487],[-11.8482,15.1581],[-11.8457,15.1791],[-11.8268,15.2326],[-11.8211,15.2801],[-11.8169,15.2961],[-11.7835,15.3659],[-11.7677,15.4372],[-11.7549,15.4691],[-11.7294,15.4961],[-11.7271,15.507],[-11.7271,15.5412],[-11.7017,15.5374],[-11.6975,15.5368],[-11.6708,15.5284],[-11.6441,15.5264],[-11.6149,15.5412],[-11.5792,15.578],[-11.5626,15.5872],[-11.536,15.5949],[-11.5243,15.6003],[-11.5154,15.6101],[-11.5131,15.615],[-11.5123,15.6202],[-11.5131,15.6253],[-11.5154,15.6303],[-11.5196,15.6327],[-11.523,15.6352],[-11.5256,15.6383],[-11.5273,15.6426],[-11.5244,15.6435],[-11.5154,15.6444],[-11.4582,15.6329],[-11.4348,15.6234],[-11.4096,15.6022],[-11.3169,15.4717],[-11.2982,15.451],[-11.0454,15.2702],[-11.0127,15.2396],[-10.9852,15.1875],[-10.948,15.152],[-10.9152,15.1029],[-10.9062,15.1198],[-10.8909,15.1767],[-10.8823,15.1928],[-10.8553,15.2177],[-10.8441,15.2345],[-10.8344,15.2714],[-10.8272,15.2877],[-10.811,15.3031],[-10.8002,15.3068],[-10.7901,15.3068],[-10.7817,15.3084],[-10.7707,15.3247],[-10.7545,15.3336],[-10.7468,15.3411],[-10.7389,15.3622],[-10.7401,15.4036],[-10.7364,15.4226],[-10.7254,15.4331],[-10.7092,15.4339],[-10.6489,15.4249],[-10.6071,15.4244],[-10.5874,15.4273],[-10.5847,15.4281],[-10.5515,15.4392],[-10.535,15.4417],[-10.5155,15.4377],[-10.5004,15.4404],[-10.3984,15.4387],[-10.3708,15.4335],[-10.3226,15.4371],[-10.3087,15.4352],[-10.2232,15.402],[-10.2145,15.402],[-10.1961,15.4053],[-10.1884,15.4047],[-10.168,15.3952],[-10.1316,15.3726],[-10.1083,15.3659],[-10.0676,15.3647],[-9.9514,15.3812],[-9.8356,15.3711],[-9.7974,15.3803],[-9.7407,15.4126],[-9.7208,15.4209],[-9.6721,15.4307],[-9.4239,15.4405],[-9.4359,15.4959],[-9.4518,15.5592],[-9.4517,15.5883],[-9.437,15.6149],[-9.3759,15.6859],[-9.3565,15.6979],[-9.3324,15.6876],[-9.3293,15.6552],[-9.343,15.5869],[-9.3492,15.4956],[-9.1758,15.4956],[-9.1414,15.4956],[-9.0186,15.4955],[-9.0032,15.4955],[-8.9112,15.4954],[-8.8434,15.4954],[-8.7693,15.4954],[-8.6893,15.4954],[-8.6039,15.4954],[-8.4702,15.4953],[-8.327,15.4953],[-8.1758,15.4952],[-8.0178,15.4951],[-7.8545,15.4951],[-7.6872,15.495],[-7.5172,15.495],[-7.3459,15.4949],[-7.1745,15.4948],[-7.0045,15.4948],[-6.8372,15.4947],[-6.6739,15.4947],[-6.516,15.4946],[-6.3647,15.4946],[-6.3201,15.4945],[-6.2216,15.4945],[-6.0878,15.4945],[-6.0108,15.4944],[-5.9382,15.4944],[-5.8703,15.4944],[-5.8073,15.4944],[-5.6732,15.4943],[-5.516,15.4942],[-5.5156,15.4941],[-5.5153,15.494],[-5.515,15.4939],[-5.5147,15.4938],[-5.5144,15.4937],[-5.5141,15.4936],[-5.5137,15.4935],[-5.5134,15.4934],[-5.5131,15.4934],[-5.513,15.4934],[-5.5128,15.4934],[-5.5126,15.4934],[-5.5123,15.4934],[-5.5122,15.4934],[-5.5119,15.4934],[-5.5117,15.4934],[-5.5116,15.4935],[-5.5115,15.4937],[-5.5114,15.4937],[-5.5113,15.4939],[-5.5113,15.494],[-5.5111,15.494],[-5.511,15.4942],[-5.511,15.4943],[-5.511,15.4945],[-5.511,15.4947],[-5.511,15.4948],[-5.511,15.4951],[-5.511,15.4953],[-5.511,15.4954],[-5.511,15.4957],[-5.511,15.4959],[-5.5099,15.5008],[-5.509,15.5057],[-5.5088,15.5069],[-5.5081,15.5107],[-5.5071,15.5155],[-5.4884,15.6127],[-5.4696,15.7098],[-5.4508,15.8068],[-5.432,15.9039],[-5.4138,15.9986],[-5.3955,16.0932],[-5.3772,16.1878],[-5.3589,16.2824],[-5.3533,16.312],[-5.3543,16.3184],[-5.3553,16.3248],[-5.3601,16.3299],[-5.3649,16.3349],[-5.405,16.3617],[-5.4459,16.389],[-5.4854,16.4154],[-5.5297,16.445],[-5.5665,16.4695],[-5.6059,16.4959],[-5.6146,16.5119],[-5.6233,16.5278],[-5.6277,16.5681],[-5.6376,16.6584],[-5.6476,16.7486],[-5.6575,16.8388],[-5.6673,16.9291],[-5.6773,17.0193],[-5.6872,17.1095],[-5.697,17.1997],[-5.707,17.29],[-5.7169,17.3802],[-5.7268,17.4704],[-5.7367,17.5606],[-5.7466,17.6508],[-5.7565,17.741],[-5.7664,17.8313],[-5.7764,17.9214],[-5.7862,18.0117],[-5.7964,18.1044],[-5.8065,18.1971],[-5.8168,18.2899],[-5.827,18.3825],[-5.8371,18.4753],[-5.8474,18.5681],[-5.8575,18.6608],[-5.8677,18.7536],[-5.8778,18.8463],[-5.888,18.9391],[-5.8982,19.0318],[-5.9084,19.1246],[-5.9148,19.1829],[-5.9212,19.2412],[-5.9276,19.2995],[-5.934,19.3579],[-5.9491,19.4955],[-5.9491,19.4956],[-5.9635,19.6206],[-5.9778,19.7456],[-5.9922,19.8706],[-6.0066,19.9955],[-6.0209,20.1205],[-6.0354,20.2455],[-6.0497,20.3705],[-6.0641,20.4954],[-6.0768,20.6033],[-6.0836,20.6619],[-6.0986,20.7907],[-6.1137,20.9196],[-6.1205,20.9782],[-6.1346,21.0989],[-6.1487,21.2195],[-6.1629,21.3402],[-6.177,21.4609],[-6.1911,21.5816],[-6.2052,21.7022],[-6.2194,21.8229],[-6.2335,21.9436],[-6.2476,22.0642],[-6.2617,22.185],[-6.2759,22.3056],[-6.29,22.4263],[-6.3041,22.547],[-6.3182,22.6677],[-6.3323,22.7883],[-6.3465,22.909],[-6.3606,23.0297],[-6.3716,23.124],[-6.3747,23.1503],[-6.3888,23.271],[-6.4029,23.3917],[-6.417,23.5123],[-6.4312,23.633],[-6.4453,23.7537],[-6.4594,23.8744],[-6.4666,23.9362],[-6.4826,24.0723],[-6.4984,24.2084],[-6.5057,24.2703],[-6.5063,24.276],[-6.5159,24.3571],[-6.5255,24.4367],[-6.5352,24.5164],[-6.5448,24.596],[-6.5545,24.6755],[-6.5642,24.7552],[-6.5738,24.8349],[-6.5834,24.9144],[-6.5931,24.9941],[-6.3717,24.9942],[-6.1502,24.9943],[-5.9288,24.9944],[-5.7073,24.9946],[-5.4859,24.9947],[-5.2645,24.9948],[-5.0431,24.9949],[-4.8216,24.9951],[-4.8215,24.995],[-4.8214,24.9948],[-4.8212,24.9948],[-4.7449,24.9471],[-4.6687,24.8993],[-4.5924,24.8517],[-4.516,24.804],[-4.4049,24.7313],[-4.3252,24.6792],[-4.2455,24.6271],[-4.1659,24.575],[-4.0862,24.5229],[-4.0065,24.4708],[-3.9267,24.4187],[-3.847,24.3666],[-3.7673,24.3144],[-3.6876,24.2623],[-3.608,24.2102],[-3.5283,24.1581],[-3.4485,24.106],[-3.3688,24.054],[-3.2891,24.0018],[-3.2095,23.9497],[-3.1296,23.8976],[-3.0431,23.8409],[-2.9564,23.7842],[-2.8698,23.7276],[-2.7831,23.671],[-2.6964,23.6143],[-2.6098,23.5577],[-2.5232,23.501],[-2.4365,23.4444],[-2.3499,23.3877],[-2.2632,23.3311],[-2.1766,23.2744],[-2.0899,23.2178],[-2.0033,23.161],[-1.9166,23.1045],[-1.83,23.0478],[-1.7433,22.9912],[-1.6567,22.9346],[-1.5701,22.8779],[-1.4835,22.8212],[-1.3968,22.7646],[-1.3101,22.708],[-1.2235,22.6513],[-1.1369,22.5946],[-1.0502,22.538],[-0.9636,22.4813],[-0.8769,22.4246],[-0.7903,22.368],[-0.7036,22.3114],[-0.6169,22.2548],[-0.5303,22.1981],[-0.4437,22.1414],[-0.357,22.0848],[-0.2704,22.0281],[-0.1837,21.9715],[-0.097,21.9148],[-0.0104,21.8581],[0.0037,21.8489],[0.0763,21.8015],[0.163,21.7448],[0.2495,21.6882],[0.3362,21.6316],[0.4228,21.575],[0.5095,21.5183],[0.5961,21.4616],[0.6827,21.4049],[0.7694,21.3483],[0.856,21.2917],[0.9426,21.235],[1.0293,21.1783],[1.1465,21.1017],[1.1593,21.0815],[1.1779,21.0173],[1.1801,20.9953],[1.1675,20.886],[1.1453,20.7959],[1.1446,20.7763],[1.1472,20.7514],[1.1546,20.7388],[1.1685,20.7335],[1.1913,20.7306],[1.2125,20.7309],[1.2523,20.739],[1.2733,20.7394],[1.2967,20.7335],[1.3105,20.7227],[1.3315,20.6879],[1.3469,20.6691],[1.364,20.6577],[1.4072,20.645],[1.4475,20.6387],[1.4658,20.6335],[1.4835,20.6226],[1.5204,20.617],[1.5597,20.5975],[1.6237,20.5513],[1.644,20.5227],[1.6501,20.487],[1.6492,20.4121],[1.6592,20.3975],[1.7781,20.3043],[1.7992,20.2949],[1.8209,20.2936],[1.8389,20.2959],[1.855,20.2948],[1.8706,20.2835],[1.8803,20.2631],[1.8838,20.2441],[1.8914,20.2318],[1.9134,20.2311],[1.9243,20.2361],[1.9412,20.2511],[1.9553,20.2549],[1.9671,20.2534],[1.9756,20.2484],[1.9834,20.2419],[1.9934,20.2359],[2.0563,20.215],[2.0712,20.2133],[2.0975,20.2242],[2.1382,20.2607],[2.1613,20.2749],[2.1824,20.2785],[2.2008,20.2739],[2.2182,20.2641],[2.2796,20.2179],[2.3165,20.1802],[2.3482,20.1376],[2.3887,20.0674],[2.4004,20.0566],[2.4157,20.0513],[2.4399,20.0461],[2.4593,20.0388],[2.4954,20.0201],[2.5148,20.0159],[2.5257,20.0152],[2.6169,19.9984],[2.6718,19.9962],[2.946,19.9417],[3.0726,19.8889],[3.1305,19.8452],[3.147,19.8379],[3.1832,19.8277],[3.1988,19.8205],[3.2128,19.8078],[3.2168,19.7941],[3.1983,19.5924],[3.1994,19.5538],[3.2122,19.5172],[3.2175,19.5112],[3.2229,19.5081],[3.2281,19.5042],[3.2323,19.4955],[3.2317,19.489],[3.2262,19.4692],[3.226,19.4597],[3.2348,19.4413],[3.2475,19.4265],[3.2582,19.4104],[3.2608,19.3883],[3.251,19.3655],[3.2327,19.3518],[3.2115,19.3409],[3.1929,19.3258],[3.1838,19.3075],[3.1789,19.2687],[3.1744,19.2516],[3.1527,19.2302],[3.1393,19.2219],[3.1342,19.2129],[3.1266,19.1934],[3.1118,19.1713],[3.1027,19.1536],[3.1041,19.1355],[3.1209,19.1128],[3.1388,19.096],[3.1586,19.0816],[3.1798,19.07],[3.226,19.0511],[3.2849,18.9957],[3.3084,18.9817],[3.3184,18.9777],[3.3331,18.9756],[3.3587,18.9769],[3.4397,18.9956],[3.4398,18.9956],[3.5446,19.0151],[3.7156,19.0469],[3.7903,19.0608],[3.8865,19.0786],[4.0576,19.1104],[4.2286,19.1422],[4.229,19.0186],[4.2294,18.8949],[4.2298,18.7713],[4.2303,18.6476],[4.2303,18.6454],[4.2307,18.524],[4.2311,18.4003],[4.2315,18.2767],[4.2319,18.1531],[4.2322,18.0294],[4.2324,17.9752],[4.2326,17.9058],[4.2331,17.7821],[4.2334,17.6585],[4.2338,17.5348],[4.2343,17.4112],[4.2347,17.2875],[4.235,17.1639],[4.2353,17.1008],[4.2356,16.9959],[4.2223,16.9866],[4.2117,16.986],[4.2037,16.9828],[4.1978,16.9652],[4.1966,16.9471],[4.202,16.8489],[4.1976,16.8385],[4.1846,16.8185],[4.182,16.8096],[4.1823,16.7465],[4.183,16.6127],[4.1834,16.5265],[4.184,16.4161],[4.1759,16.3926],[4.1617,16.38],[4.1182,16.3583],[4.0948,16.3408],[4.0756,16.3211],[4.0606,16.2983],[3.9712,16.0861],[3.9669,16.0585],[3.9708,16.0309],[3.9832,16.0013],[3.984,16.0001],[3.9845,15.9988],[3.9847,15.9974],[3.9846,15.9959],[3.9848,15.9898],[3.9842,15.9869],[3.9832,15.984],[3.9251,15.9276],[3.9099,15.9048],[3.9035,15.8863],[3.8945,15.7887],[3.8865,15.7501],[3.8738,15.7209],[3.8712,15.7148],[3.8461,15.6853],[3.8084,15.6656],[3.7289,15.6509],[3.6922,15.6314],[3.6141,15.5477],[3.5265,15.496],[3.5165,15.4692],[3.5071,15.354],[3.4888,15.3575],[3.4833,15.3593],[3.3804,15.3763],[3.1923,15.4075],[3.073,15.4272],[3.0335,15.4265],[3.0175,15.4228],[3.0103,15.4177],[3.0078,15.4077],[3.0058,15.3893],[3.0057,15.3523],[3.0002,15.3391],[2.9507,15.3375],[2.8541,15.3342],[2.7575,15.3311],[2.661,15.3278],[2.5642,15.3246],[2.4677,15.3214],[2.371,15.3182],[2.2745,15.315],[2.1779,15.3118],[2.0814,15.3086],[1.9846,15.3054],[1.8881,15.3022],[1.7914,15.299],[1.6949,15.2957],[1.5984,15.2926],[1.5017,15.2894],[1.4052,15.2861],[1.3315,15.2836],[1.2978,15.2757],[1.2709,15.2599],[1.2032,15.1988],[1.1231,15.1263],[1.0575,15.0671],[0.9737,14.9913],[0.9493,14.9796],[0.9221,14.974],[0.7692,14.9691],[0.7399,14.9583],[0.7114,14.9475],[0.6838,14.9409],[0.6701,14.9397],[0.5148,14.9936],[0.4835,14.9921],[0.4188,14.9699],[0.387,14.9632],[0.3532,14.9634],[0.2213,14.9959],[0.2132,14.9854],[0.2128,14.9607],[0.2185,14.911],[-0.0332,14.9959],[-0.0334,14.9959],[-0.167,15.0497],[-0.2367,15.0656],[-0.2992,15.0547],[-0.3615,15.0177],[-0.3977,15.0021],[-0.4257,15.0026],[-0.4356,15.0152],[-0.4586,15.0755],[-0.4679,15.0799],[-0.5003,15.0797],[-0.7197,15.0785],[-0.7529,15.0697],[-0.7713,15.0566],[-0.7828,15.0484],[-0.8362,14.9961],[-0.8364,14.996],[-1.0431,14.8181],[-1.0433,14.8179],[-1.0786,14.7964],[-1.1167,14.7804],[-1.3077,14.7347],[-1.3503,14.715],[-1.6969,14.4961],[-1.7667,14.4832],[-1.837,14.4796],[-1.9191,14.4859],[-1.967,14.4837],[-1.9971,14.4707],[-2.005,14.4442],[-2.0234,14.1986],[-2.0273,14.1881],[-2.0359,14.1812],[-2.085,14.1597],[-2.1043,14.1512],[-2.1198,14.1488],[-2.1519,14.1561],[-2.3856,14.2647],[-2.4617,14.2809],[-2.5161,14.2679],[-2.5974,14.2223],[-2.6198,14.2036],[-2.6763,14.1417],[-2.6932,14.1232],[-2.8409,14.043],[-2.8673,14.0005],[-2.8616,14.0017],[-2.8586,14.0002],[-2.857,13.9978],[-2.8554,13.9962],[-2.8945,13.8666],[-2.9122,13.8379],[-2.9281,13.7996],[-2.9234,13.746],[-2.8952,13.6516],[-2.9305,13.6385],[-2.965,13.6257],[-2.9723,13.6245],[-2.9793,13.6276],[-2.9864,13.6321],[-2.9948,13.635],[-3.0191,13.6375],[-3.027,13.6353],[-3.0386,13.6296],[-3.056,13.6108],[-3.0675,13.6068],[-3.0745,13.6221],[-3.0773,13.6368],[-3.0822,13.6462],[-3.1,13.6627],[-3.1251,13.6773],[-3.146,13.6767],[-3.1679,13.6721],[-3.1958,13.6749],[-3.2404,13.708],[-3.2671,13.717],[-3.287,13.6978],[-3.2663,13.6823],[-3.2597,13.6583],[-3.2639,13.6027],[-3.2692,13.5791],[-3.284,13.5422],[-3.2486,13.2928],[-3.2624,13.2839],[-3.4265,13.2742],[-3.4485,13.2658],[-3.4523,13.2375],[-3.4406,13.2028],[-3.4395,13.1849],[-3.4495,13.1688],[-3.4616,13.1658],[-3.4739,13.1676],[-3.5161,13.1739],[-3.5385,13.1734],[-3.545,13.1745],[-3.5539,13.1803],[-3.57,13.1968],[-3.5766,13.1993],[-3.5898,13.1974],[-3.5969,13.1994],[-3.6787,13.2617],[-3.7244,13.2888],[-3.7986,13.3471],[-3.8171,13.3547],[-3.8581,13.3655],[-3.8926,13.3789],[-3.9089,13.382],[-3.9288,13.3803],[-3.9484,13.3808],[-3.9716,13.3868],[-3.984,13.3965],[-3.9716,13.4083],[-3.963,13.4132],[-3.9427,13.4319],[-3.9349,13.4349],[-3.9255,13.4363],[-3.9186,13.4403],[-3.918,13.4511],[-3.9234,13.4538],[-3.9475,13.4582],[-3.9561,13.4617],[-3.9593,13.4679],[-3.9645,13.4878],[-3.9655,13.4892],[-3.9703,13.4962],[-3.9741,13.4989],[-3.9777,13.4999],[-3.9813,13.499],[-3.9845,13.4961],[-3.998,13.4805],[-3.9922,13.4762],[-3.9795,13.4754],[-3.9716,13.47],[-3.9769,13.4606],[-3.9902,13.4491],[-4.0054,13.4395],[-4.016,13.4358],[-4.0282,13.4315],[-4.0435,13.4145],[-4.0525,13.409],[-4.0793,13.4021],[-4.0875,13.398],[-4.1043,13.3827],[-4.1147,13.3645],[-4.1316,13.3238],[-4.1471,13.2996],[-4.166,13.2782],[-4.1769,13.2724],[-4.1865,13.2728],[-4.1958,13.2747],[-4.2055,13.273],[-4.2207,13.2628],[-4.2388,13.2468],[-4.2535,13.2291],[-4.2581,13.2141],[-4.2512,13.2048],[-4.23,13.1931],[-4.2278,13.1844],[-4.2348,13.1756],[-4.2462,13.1725],[-4.3102,13.1756],[-4.327,13.1686],[-4.3396,13.1353],[-4.3459,13.1271],[-4.3511,13.1183],[-4.3511,13.1061],[-4.3454,13.0971],[-4.3164,13.0709],[-4.2897,13.0135],[-4.2769,12.9962],[-4.2478,12.9719],[-4.2293,12.949],[-4.2213,12.9213],[-4.2246,12.8645],[-4.2119,12.8192],[-4.2133,12.8072],[-4.2341,12.7424],[-4.244,12.7299],[-4.2455,12.7289],[-4.2576,12.7209],[-4.2763,12.7147],[-4.2972,12.7121],[-4.3109,12.716],[-4.3394,12.7328],[-4.3689,12.739],[-4.402,12.7366],[-4.4353,12.7284],[-4.4644,12.7173],[-4.4749,12.7158],[-4.4817,12.7174],[-4.4853,12.7147],[-4.4913,12.6628],[-4.4825,12.6463],[-4.4391,12.6133],[-4.4225,12.5972],[-4.4014,12.5504],[-4.3926,12.5374],[-4.3872,12.534],[-4.3869,12.5302],[-4.3934,12.5164],[-4.4076,12.4979],[-4.4266,12.4797],[-4.4437,12.4594],[-4.4516,12.4353],[-4.4154,12.3503],[-4.4061,12.3075],[-4.4358,12.3017],[-4.4448,12.3094],[-4.4527,12.3203],[-4.4625,12.3282],[-4.4772,12.3273],[-4.4882,12.3207],[-4.4907,12.3138],[-4.4905,12.3058],[-4.494,12.2901],[-4.4923,12.2788],[-4.4935,12.2728],[-4.4974,12.2687],[-4.5855,12.1972],[-4.5605,12.1495],[-4.5702,12.1389],[-4.6003,12.1376],[-4.6361,12.1176],[-4.6467,12.098],[-4.6487,12.082],[-4.6527,12.0716],[-4.6537,12.0691],[-4.6736,12.0597],[-4.6837,12.0591],[-4.704,12.0615],[-4.7146,12.059],[-4.7251,12.0501],[-4.7323,12.0373],[-4.739,12.0252],[-4.7469,12.0151],[-4.7613,12.0066],[-4.7895,12.0018],[-4.8068,11.9963],[-4.8262,12.0127],[-4.8472,12.0131],[-4.89,11.9979],[-4.9107,11.9981],[-4.9321,12.0031],[-4.9538,12.0051],[-4.9755,11.9963],[-4.9845,11.9886],[-4.9942,11.9832],[-5.0047,11.9807],[-5.016,11.9813],[-5.0343,11.9793],[-5.0738,11.9805],[-5.0893,11.9793],[-5.1039,11.9728],[-5.137,11.9531],[-5.1678,11.9437],[-5.1829,11.9309],[-5.2095,11.9015],[-5.2482,11.8704],[-5.2682,11.8431],[-5.2752,11.8374],[-5.2825,11.8364],[-5.288,11.8391],[-5.2934,11.8432],[-5.3002,11.8464],[-5.3065,11.846],[-5.3111,11.8429],[-5.3148,11.8393],[-5.319,11.8374],[-5.3538,11.8317],[-5.3571,11.8296],[-5.3646,11.8218],[-5.3699,11.8202],[-5.3756,11.8222],[-5.3879,11.8308],[-5.3923,11.8324],[-5.4059,11.8304],[-5.4124,11.8285],[-5.4122,11.8236],[-5.406,11.8123],[-5.4004,11.8102],[-5.3745,11.7952],[-5.3706,11.7911],[-5.3533,11.7945],[-5.3447,11.7939],[-5.3343,11.7908],[-5.3148,11.7825],[-5.299,11.7727],[-5.2871,11.7589],[-5.2795,11.739],[-5.2786,11.7215],[-5.2807,11.6995],[-5.2893,11.6604],[-5.2948,11.6503],[-5.3023,11.6399],[-5.3078,11.629],[-5.3076,11.6176],[-5.3,11.6064],[-5.291,11.6045],[-5.2807,11.6058],[-5.2695,11.6041],[-5.2339,11.576],[-5.2247,11.5408],[-5.2246,11.458],[-5.2192,11.4351],[-5.2183,11.4222],[-5.2264,11.4135],[-5.2482,11.4032],[-5.2635,11.3902],[-5.2679,11.372],[-5.2609,11.2677],[-5.2629,11.2516],[-5.2753,11.2307],[-5.3067,11.1994],[-5.3162,11.1763],[-5.3223,11.1355],[-5.3325,11.1216],[-5.3563,11.1069],[-5.373,11.0998],[-5.3901,11.0947],[-5.4898,11.0821],[-5.5042,11.0727],[-5.5073,11.0569],[-5.5056,11.048],[-5.4956,10.9962],[-5.5018,10.9702],[-5.4791,10.9755],[-5.4656,10.9479],[-5.447,10.878],[-5.4351,10.8569],[-5.4314,10.8447],[-5.4453,10.787],[-5.445,10.7786],[-5.4465,10.7687],[-5.453,10.764],[-5.4612,10.76],[-5.468,10.7527],[-5.4731,10.7379],[-5.4826,10.6842],[-5.4821,10.6752],[-5.4772,10.6588],[-5.4759,10.6504],[-5.4606,10.6446],[-5.4705,10.6356],[-5.4774,10.6196],[-5.4786,10.6042],[-5.4711,10.5974],[-5.4681,10.5878],[-5.4817,10.5353],[-5.5052,10.4992],[-5.509,10.4909],[-5.5171,10.44],[-5.5226,10.4255],[-5.5497,10.4356],[-5.5717,10.4499],[-5.5844,10.4542],[-5.594,10.4539],[-5.6218,10.4469],[-5.6776,10.4415],[-5.8063,10.4135],[-5.8781,10.3761],[-5.8933,10.365],[-5.9048,10.3483],[-5.909,10.3301],[-5.9047,10.2753],[-5.9164,10.2666],[-5.963,10.2827],[-5.9747,10.2736],[-5.9783,10.2486],[-5.9852,10.2273],[-5.9971,10.2082],[-6.0159,10.1899],[-6.1053,10.1893],[-6.1809,10.2158],[-6.1943,10.2242],[-6.214,10.2479],[-6.2248,10.255],[-6.24,10.2519],[-6.2433,10.289],[-6.2407,10.3026],[-6.2283,10.3161],[-6.2259,10.3145],[-6.2211,10.3104],[-6.2144,10.3078],[-6.2062,10.3108],[-6.204,10.316],[-6.2054,10.3226],[-6.2078,10.3285],[-6.2083,10.332],[-6.1839,10.3589],[-6.1988,10.3708],[-6.1957,10.3892],[-6.1806,10.4202],[-6.1969,10.4392],[-6.2004,10.4488],[-6.1982,10.4574],[-6.1875,10.4754],[-6.1858,10.4813],[-6.1903,10.4911],[-6.1961,10.4947],[-6.2042,10.4944],[-6.2157,10.4926],[-6.2224,10.4946],[-6.2282,10.5006],[-6.2335,10.5076],[-6.2387,10.5127],[-6.2477,10.5138],[-6.256,10.5116],[-6.2613,10.5141],[-6.2609,10.5292],[-6.2562,10.5372],[-6.2379,10.5519],[-6.2314,10.5602],[-6.23,10.572],[-6.2329,10.5841],[-6.2387,10.598],[-6.2307,10.6069],[-6.2198,10.6119],[-6.2098,10.6178],[-6.2044,10.6296],[-6.2078,10.6375],[-6.2169,10.6451],[-6.2278,10.6509],[-6.2466,10.6576],[-6.2495,10.6656],[-6.2444,10.7069],[-6.2458,10.7207],[-6.256,10.7265],[-6.28,10.7233],[-6.3036,10.7132],[-6.3222,10.7005],[-6.3417,10.6914],[-6.3675,10.6923],[-6.3881,10.6955],[-6.4098,10.6944],[-6.427,10.6861],[-6.434,10.6679],[-6.4359,10.6287],[-6.4307,10.615],[-6.4191,10.6077],[-6.4067,10.6019],[-6.3992,10.5925],[-6.4028,10.5691],[-6.4215,10.5566],[-6.446,10.5523],[-6.467,10.5535],[-6.5214,10.5642],[-6.5376,10.5697],[-6.5781,10.5911],[-6.5986,10.6049],[-6.6136,10.6185],[-6.634,10.653],[-6.6471,10.6613],[-6.6692,10.6542],[-6.6679,10.6509],[-6.6819,10.6274],[-6.6842,10.6266],[-6.689,10.6079],[-6.6911,10.5894],[-6.6892,10.5809],[-6.6856,10.574],[-6.6828,10.566],[-6.6878,10.5205],[-6.6975,10.4883],[-6.6958,10.4712],[-6.6831,10.4517],[-6.6756,10.4479],[-6.6646,10.4446],[-6.654,10.44],[-6.6478,10.4327],[-6.6479,10.4219],[-6.6531,10.4131],[-6.6596,10.4054],[-6.664,10.398],[-6.6683,10.3658],[-6.6689,10.361],[-6.6774,10.349],[-6.7003,10.3417],[-6.7226,10.344],[-6.7602,10.3661],[-6.7821,10.373],[-6.8039,10.3709],[-6.8628,10.3438],[-6.882,10.3413],[-6.9387,10.3483],[-6.9612,10.3449],[-6.9731,10.3323],[-6.9971,10.2528],[-6.9949,10.2394],[-6.9843,10.2304],[-6.9712,10.2221],[-6.9616,10.211],[-6.9594,10.1855],[-6.9716,10.1644],[-6.9924,10.1491],[-7.0158,10.1409],[-7.0405,10.1401],[-7.0582,10.156],[-7.0731,10.1785],[-7.0895,10.1976],[-7.1064,10.2073],[-7.2047,10.2345],[-7.284,10.2466],[-7.347,10.2479],[-7.3634,10.2522],[-7.3718,10.2645],[-7.3727,10.2886],[-7.3663,10.3294],[-7.3723,10.3448],[-7.395,10.3462],[-7.4222,10.3361],[-7.4314,10.3337],[-7.4444,10.3342],[-7.4458,10.3404],[-7.4433,10.35],[-7.4447,10.3608],[-7.4615,10.3886],[-7.4655,10.3986],[-7.4662,10.4075],[-7.4654,10.418],[-7.4662,10.4295],[-7.4716,10.4411],[-7.4802,10.4503],[-7.4898,10.4561],[-7.5015,10.4586],[-7.5158,10.4578],[-7.5396,10.4276],[-7.5474,10.4205],[-7.5564,10.4173],[-7.5743,10.4175],[-7.5844,10.4165],[-7.6078,10.4187],[-7.6437,10.4405],[-7.6644,10.4371],[-7.67,10.4288],[-7.674,10.4164],[-7.679,10.4059],[-7.6879,10.4031],[-7.6998,10.4045],[-7.7086,10.4025],[-7.7223,10.3913],[-7.7223,10.3845],[-7.7268,10.3829],[-7.736,10.3783],[-7.724,10.3636],[-7.7353,10.3471],[-7.7574,10.334],[-7.7776,10.3299],[-7.7644,10.3129],[-7.7763,10.2927],[-7.7783,10.2783],[-7.7838,10.2704],[-7.7912,10.2658],[-7.7977,10.2603],[-7.8012,10.2495],[-7.8051,10.2418],[-7.829,10.2117],[-7.8387,10.2037],[-7.8474,10.1979],[-7.8572,10.1944],[-7.8828,10.1908],[-7.8923,10.1848],[-7.911,10.1694],[-7.929,10.161],[-7.9499,10.1554],[-7.9709,10.1551],[-7.9897,10.162],[-7.968,10.21],[-7.9626,10.2333],[-7.9646,10.2589],[-7.9712,10.2818],[-7.9815,10.307],[-7.9963,10.3283],[-8.0157,10.3393],[-8.0701,10.3419],[-8.0961,10.3467],[-8.1155,10.3602],[-8.1209,10.373],[-8.1221,10.3995],[-8.1254,10.4117],[-8.1354,10.4273],[-8.1421,10.4296],[-8.1506,10.4245],[-8.166,10.4181],[-8.189,10.4136],[-8.2106,10.4141],[-8.2289,10.4234],[-8.2539,10.4698],[-8.2844,10.5112],[-8.2955,10.5374],[-8.3111,10.7353],[-8.3156,10.7531],[-8.3419,10.7632],[-8.3398,10.7839],[-8.3189,10.8395],[-8.3118,10.8472],[-8.3059,10.8563],[-8.3036,10.8749],[-8.3051,10.9782],[-8.3111,11.0008],[-8.3266,11.0238],[-8.3473,11.0431],[-8.3693,11.0542],[-8.3813,11.0539],[-8.4006,11.0433],[-8.4105,11.0419],[-8.4291,11.0483],[-8.4382,11.0497],[-8.4487,11.0471],[-8.469,11.0464],[-8.4891,11.0527],[-8.5058,11.0528],[-8.5316,10.999],[-8.5416,10.9838],[-8.5595,10.9716],[-8.5756,10.9667],[-8.5933,10.9647],[-8.6114,10.9651],[-8.6282,10.9678],[-8.648,10.9658],[-8.6652,10.957],[-8.6809,10.9523],[-8.6962,10.9627],[-8.7007,10.9785],[-8.6969,10.996],[-8.6887,11.0126],[-8.6798,11.0252],[-8.6337,11.0713],[-8.6231,11.0913],[-8.6224,11.1026],[-8.6249,11.1122],[-8.6246,11.122],[-8.6154,11.1341],[-8.6072,11.1372],[-8.587,11.1375],[-8.5782,11.1421],[-8.5697,11.1578],[-8.5639,11.1934],[-8.5518,11.2107],[-8.5446,11.215],[-8.5241,11.2238],[-8.5156,11.2291],[-8.5121,11.2303],[-8.5021,11.2312],[-8.4988,11.2335],[-8.497,11.2407],[-8.4992,11.2467],[-8.5023,11.2516],[-8.5031,11.2554],[-8.4926,11.2778],[-8.4832,11.2849],[-8.4446,11.2763],[-8.4269,11.2742],[-8.4067,11.2753],[-8.3884,11.2814],[-8.3767,11.2947],[-8.371,11.3206],[-8.3813,11.3251],[-8.3996,11.3222],[-8.418,11.3255],[-8.4261,11.3405],[-8.4141,11.3535],[-8.3934,11.363],[-8.3753,11.3677],[-8.3976,11.3859],[-8.4277,11.4001],[-8.4881,11.4182],[-8.5158,11.419],[-8.5276,11.4234],[-8.5355,11.4381],[-8.5394,11.4563],[-8.544,11.4776],[-8.5496,11.4901],[-8.5752,11.4703],[-8.6022,11.4721],[-8.6568,11.4964],[-8.668,11.5109],[-8.679,11.5298],[-8.6873,11.55],[-8.6907,11.568],[-8.7129,11.6401],[-8.7265,11.6495],[-8.7404,11.6462],[-8.7565,11.6388],[-8.7772,11.6359],[-8.7952,11.6419],[-8.8117,11.6517],[-8.8285,11.6592],[-8.8472,11.6579],[-8.797,11.9132],[-8.7978,11.9251],[-8.8032,11.9349],[-8.81,11.9444],[-8.8149,11.9554],[-8.8164,11.9768],[-8.8155,11.9957],[-8.8198,12.0127],[-8.838,12.0282],[-8.8588,12.0318],[-8.8817,12.0292],[-8.9037,12.0304],[-8.9221,12.0454],[-8.9263,12.0643],[-8.922,12.086],[-8.907,12.1254],[-8.906,12.1477],[-8.9139,12.1699],[-8.927,12.1874],[-8.942,12.1958],[-8.9617,12.188],[-8.9738,12.1876],[-8.9812,12.1989],[-8.9845,12.2089],[-8.9943,12.2248],[-8.9976,12.2348],[-8.9959,12.261],[-8.9853,12.2821],[-8.9721,12.302],[-8.9631,12.3242],[-8.9647,12.3463],[-8.9759,12.3687],[-8.9938,12.3875],[-9.0278,12.4048],[-9.1473,12.4655],[-9.1895,12.4792],[-9.2659,12.4952],[-9.2789,12.4944],[-9.2864,12.4881],[-9.2941,12.4838],[-9.3082,12.489],[-9.3215,12.4966],[-9.3273,12.4975],[-9.3342,12.4963],[-9.3509,12.4846],[-9.3982,12.4732],[-9.4126,12.4554],[-9.4073,12.4451],[-9.3928,12.428],[-9.3747,12.4111],[-9.3472,12.3965],[-9.3445,12.389],[-9.3439,12.3801],[-9.3392,12.3706],[-9.3316,12.3663],[-9.3148,12.3627],[-9.3092,12.3577],[-9.3085,12.345],[-9.3129,12.3261],[-9.3218,12.3102],[-9.335,12.3065],[-9.3319,12.2828],[-9.3368,12.2698],[-9.3602,12.2466],[-9.4215,12.2571],[-9.4389,12.2548],[-9.4796,12.2358],[-9.4959,12.2247],[-9.5156,12.2071],[-9.6282,12.1702],[-9.66,12.1498],[-9.6751,12.134],[-9.6823,12.1185],[-9.6837,12.1015],[-9.6815,12.0808],[-9.6863,12.0682],[-9.6988,12.051],[-9.723,12.0254],[-9.7786,12.0267],[-9.7966,12.0323],[-9.8068,12.0384],[-9.823,12.0509],[-9.8337,12.0551],[-9.8407,12.055],[-9.8611,12.0519],[-9.8707,12.0521],[-9.8888,12.0606],[-9.9232,12.0876],[-9.9415,12.0928],[-9.9616,12.096],[-9.9964,12.1141],[-10.0155,12.1199],[-10.0277,12.1257],[-10.0481,12.1414],[-10.0602,12.1475],[-10.0704,12.1499],[-10.087,12.1506],[-10.0903,12.1516],[-10.0973,12.1537],[-10.1052,12.1586],[-10.1188,12.1702],[-10.1287,12.1745],[-10.1358,12.1755],[-10.1602,12.1745],[-10.1798,12.1782],[-10.2149,12.1946],[-10.2478,12.2011],[-10.2541,12.2072],[-10.259,12.2138],[-10.2669,12.2178],[-10.305,12.2029],[-10.311,12.191],[-10.3136,12.1911],[-10.3165,12.1969],[-10.3236,12.202],[-10.3256,12.1998],[-10.3299,12.1904],[-10.3393,12.1855],[-10.3484,12.1848],[-10.3541,12.1809],[-10.3534,12.1665],[-10.3682,12.1715],[-10.3748,12.1748],[-10.3814,12.1801],[-10.3946,12.1716],[-10.4289,12.1434],[-10.436,12.1352],[-10.4457,12.1207],[-10.4935,12.1244],[-10.5116,12.1181],[-10.5127,12.1085],[-10.5044,12.0884],[-10.508,12.0846],[-10.5173,12.0803],[-10.5177,12.0707],[-10.5149,12.0601],[-10.5151,12.0529],[-10.5354,12.0387],[-10.5554,12.0293],[-10.5665,12.0173],[-10.5595,11.9952],[-10.575,11.9903],[-10.5957,11.9799],[-10.6138,11.9677],[-10.6215,11.9577],[-10.6253,11.9439],[-10.6342,11.9254],[-10.6452,11.9084],[-10.6551,11.899],[-10.67,11.892],[-10.7114,11.8904],[-10.7403,11.9199],[-10.781,11.9962],[-10.8078,12.0228],[-10.8124,12.0334],[-10.811,12.0415],[-10.8012,12.0592],[-10.7985,12.0681],[-10.8049,12.096],[-10.8229,12.1105],[-10.8464,12.1214],[-10.8696,12.1384],[-10.9098,12.2001],[-10.9277,12.213],[-10.9521,12.2195],[-10.972,12.2186],[-11.0155,12.2044],[-11.0388,12.2053],[-11.0523,12.2025],[-11.0598,12.1924],[-11.0728,12.1495],[-11.0843,12.1366],[-11.1166,12.1137],[-11.1175,12.1127],[-11.1221,12.1073],[-11.1363,12.0851],[-11.1442,12.0813],[-11.1527,12.0809],[-11.1594,12.0775],[-11.1656,12.0486],[-11.1763,12.0295],[-11.1912,12.0144],[-11.207,12.0102],[-11.2233,12.0093],[-11.2555,11.9962],[-11.275,11.9963],[-11.2947,12.0031],[-11.3151,12.0133],[-11.3347,12.0262],[-11.3513,12.0404],[-11.3917,12.0937],[-11.4096,12.1079],[-11.4708,12.1346],[-11.4896,12.1512],[-11.5078,12.1916],[-11.4917,12.2209],[-11.4632,12.25],[-11.4446,12.2895],[-11.4449,12.3125],[-11.4515,12.3521],[-11.4472,12.3745],[-11.4317,12.383],[-11.4076,12.3819],[-11.3886,12.3845],[-11.3884,12.4039],[-11.3866,12.4305],[-11.3798,12.4569],[-11.3778,12.4802],[-11.3904,12.4975],[-11.3926,12.4918],[-11.4005,12.4795],[-11.4024,12.4885],[-11.4087,12.5049],[-11.4108,12.5133],[-11.417,12.5293],[-11.4247,12.5264],[-11.4304,12.5157],[-11.4298,12.5083],[-11.4379,12.5154],[-11.4495,12.5352],[-11.4567,12.5398],[-11.4678,12.5435],[-11.4606,12.5498],[-11.4398,12.5593],[-11.4374,12.5708],[-11.4386,12.578],[-11.4409,12.5849],[-11.4418,12.5955],[-11.4366,12.6271],[-11.4368,12.6375],[-11.4418,12.6478],[-11.4496,12.6532],[-11.4572,12.656],[-11.461,12.6584],[-11.4619,12.6731],[-11.4558,12.6806],[-11.448,12.6859],[-11.4374,12.7122],[-11.4242,12.7164],[-11.4103,12.7188],[-11.4022,12.7317],[-11.404,12.7412],[-11.4146,12.7597],[-11.4146,12.7642],[-11.4076,12.7715],[-11.4054,12.7823],[-11.4064,12.7943],[-11.4085,12.8045],[-11.4117,12.8129],[-11.416,12.8201],[-11.4197,12.8247],[-11.421,12.8256],[-11.4235,12.8264],[-11.4282,12.827],[-11.4321,12.8293],[-11.4325,12.8355],[-11.43,12.8411],[-11.427,12.8452],[-11.4255,12.8496],[-11.4286,12.8658],[-11.4249,12.8762],[-11.4193,12.8865],[-11.4151,12.8967],[-11.4173,12.902],[-11.4231,12.9071],[-11.428,12.9125],[-11.4272,12.9186],[-11.4207,12.922],[-11.4136,12.9197],[-11.4073,12.9163],[-11.4029,12.9164],[-11.3942,12.9233],[-11.3878,12.9271],[-11.3844,12.9331],[-11.3866,12.9591],[-11.3888,12.9706],[-11.3934,12.9808],[-11.4018,12.9895],[-11.4042,12.9721],[-11.4115,12.9607],[-11.4231,12.956],[-11.4387,12.9589],[-11.436,12.9688],[-11.4335,12.9884],[-11.4334,12.997],[-11.4301,13.001],[-11.4245,13.0052],[-11.423,13.0094],[-11.4317,13.0135],[-11.4357,13.0167],[-11.4395,13.023],[-11.4452,13.0352],[-11.459,13.0547],[-11.4569,13.0604],[-11.4514,13.0681],[-11.4503,13.0751],[-11.4608,13.0792],[-11.4771,13.0833],[-11.4897,13.0908],[-11.5015,13.0996],[-11.5154,13.1078],[-11.5331,13.1118],[-11.5381,13.128],[-11.5385,13.163],[-11.5478,13.1762],[-11.5597,13.1869],[-11.5693,13.1992],[-11.5723,13.2171],[-11.5686,13.2279],[-11.5558,13.2459],[-11.5543,13.2569],[-11.5585,13.2665],[-11.5812,13.2861],[-11.6058,13.3197],[-11.613,13.3391],[-11.6131,13.3608],[-11.6203,13.3575],[-11.6329,13.3544],[-11.644,13.3556],[-11.6466,13.3655],[-11.6453,13.3798],[-11.6498,13.3841],[-11.675,13.3832],[-11.6945,13.3792],[-11.704,13.3804],[-11.714,13.3881],[-11.7198,13.3979],[-11.7269,13.4058],[-11.7412,13.4078],[-11.7565,13.3998],[-11.7666,13.3832],[-11.7725,13.3627],[-11.7751,13.3433],[-11.8171,13.3123],[-11.8226,13.3067],[-11.8281,13.3073],[-11.84,13.3169],[-11.8446,13.3238],[-11.8508,13.3431],[-11.8546,13.3506],[-11.8623,13.3561],[-11.8888,13.3689],[-11.8976,13.3712],[-11.9,13.3822],[-11.8857,13.4358],[-11.8835,13.4535],[-11.8904,13.4651],[-11.8985,13.4685],[-11.9077,13.4696],[-11.9182,13.4747],[-11.9238,13.4811],[-11.9327,13.4961],[-11.939,13.503],[-11.9968,13.5442],[-12.0152,13.5644],[-12.0373,13.5983],[-12.0498,13.6344],[-12.0704,13.6732],[-12.0839,13.693],[-12.0976,13.7044],[-12.0123,13.7512],[-11.9788,13.7848],[-11.9629,13.8295],[-11.957,13.87],[-11.9568,13.8903],[-11.9629,13.9092],[-11.9804,13.9296],[-11.999,13.9436],[-12.0153,13.9593],[-12.0253,13.9852],[-12.0252,14.0267],[-12.0028,14.1035],[-11.9954,14.144],[-11.9976,14.1662],[-12.0345,14.2503],[-12.0443,14.2649],[-12.0584,14.2741],[-12.0978,14.2881],[-12.11,14.2981],[-12.1196,14.3106],[-12.1278,14.3243],[-12.113,14.3296],[-12.1087,14.342],[-12.1156,14.3551],[-12.2088,14.3888],[-12.2217,14.3912],[-12.2199,14.4346],[-12.2224,14.4549],[-12.2342,14.4986],[-12.2364,14.5195],[-12.2304,14.5367],[-12.2115,14.548],[-12.2042,14.5543],[-12.2014,14.5652],[-12.2005,14.5774],[-12.1984,14.5876],[-12.191,14.598],[-12.1715,14.6164],[-12.1659,14.6252],[-12.165,14.6419],[-12.1726,14.6479],[-12.1828,14.6502],[-12.1898,14.656],[-12.1922,14.6669],[-12.1903,14.6737],[-12.1858,14.6808],[-12.1803,14.6928],[-12.1914,14.6934],[-12.2076,14.6966],[-12.2228,14.7033],[-12.2305,14.7146],[-12.2366,14.7285],[-12.2565,14.7458],[-12.2641,14.7749]]]}},{"type":"Feature","properties":{"ADM0_A3":"SEN","NAME":"Senegal"},"geometry":{"type":"Polygon","coordinates":[[[-12.2641,14.7749],[-12.2565,14.7458],[-12.2366,14.7285],[-12.2305,14.7146],[-12.2228,14.7033],[-12.2076,14.6966],[-12.1914,14.6934],[-12.1803,14.6928],[-12.1858,14.6808],[-12.1903,14.6737],[-12.1922,14.6669],[-12.1898,14.656],[-12.1828,14.6502],[-12.1726,14.6479],[-12.165,14.6419],[-12.1659,14.6252],[-12.1715,14.6164],[-12.191,14.598],[-12.1984,14.5876],[-12.2005,14.5774],[-12.2014,14.5652],[-12.2042,14.5543],[-12.2115,14.548],[-12.2304,14.5367],[-12.2364,14.5195],[-12.2342,14.4986],[-12.2224,14.4549],[-12.2199,14.4346],[-12.2217,14.3912],[-12.2088,14.3888],[-12.1156,14.3551],[-12.1087,14.342],[-12.113,14.3296],[-12.1278,14.3243],[-12.1196,14.3106],[-12.11,14.2981],[-12.0978,14.2881],[-12.0584,14.2741],[-12.0443,14.2649],[-12.0345,14.2503],[-11.9976,14.1662],[-11.9954,14.144],[-12.0028,14.1035],[-12.0252,14.0267],[-12.0253,13.9852],[-12.0153,13.9593],[-11.999,13.9436],[-11.9804,13.9296],[-11.9629,13.9092],[-11.9568,13.8903],[-11.957,13.87],[-11.9629,13.8295],[-11.9788,13.7848],[-12.0123,13.7512],[-12.0976,13.7044],[-12.0839,13.693],[-12.0704,13.6732],[-12.0498,13.6344],[-12.0373,13.5983],[-12.0152,13.5644],[-11.9968,13.5442],[-11.939,13.503],[-11.9327,13.4961],[-11.9238,13.4811],[-11.9182,13.4747],[-11.9077,13.4696],[-11.8985,13.4685],[-11.8904,13.4651],[-11.8835,13.4535],[-11.8857,13.4358],[-11.9,13.3822],[-11.8976,13.3712],[-11.8888,13.3689],[-11.8623,13.3561],[-11.8546,13.3506],[-11.8508,13.3431],[-11.8446,13.3238],[-11.84,13.3169],[-11.8281,13.3073],[-11.8226,13.3067],[-11.8171,13.3123],[-11.7751,13.3433],[-11.7725,13.3627],[-11.7666,13.3832],[-11.7565,13.3998],[-11.7412,13.4078],[-11.7269,13.4058],[-11.7198,13.3979],[-11.714,13.3881],[-11.704,13.3804],[-11.6945,13.3792],[-11.675,13.3832],[-11.6498,13.3841],[-11.6453,13.3798],[-11.6466,13.3655],[-11.644,13.3556],[-11.6329,13.3544],[-11.6203,13.3575],[-11.6131,13.3608],[-11.613,13.3391],[-11.6058,13.3197],[-11.5812,13.2861],[-11.5585,13.2665],[-11.5543,13.2569],[-11.5558,13.2459],[-11.5686,13.2279],[-11.5723,13.2171],[-11.5693,13.1992],[-11.5597,13.1869],[-11.5478,13.1762],[-11.5385,13.163],[-11.5381,13.128],[-11.5331,13.1118],[-11.5154,13.1078],[-11.5015,13.0996],[-11.4897,13.0908],[-11.4771,13.0833],[-11.4608,13.0792],[-11.4503,13.0751],[-11.4514,13.0681],[-11.4569,13.0604],[-11.459,13.0547],[-11.4452,13.0352],[-11.4395,13.023],[-11.4357,13.0167],[-11.4317,13.0135],[-11.423,13.0094],[-11.4245,13.0052],[-11.4301,13.001],[-11.4334,12.997],[-11.4335,12.9884],[-11.436,12.9688],[-11.4387,12.9589],[-11.4231,12.956],[-11.4115,12.9607],[-11.4042,12.9721],[-11.4018,12.9895],[-11.3934,12.9808],[-11.3888,12.9706],[-11.3866,12.9591],[-11.3844,12.9331],[-11.3878,12.9271],[-11.3942,12.9233],[-11.4029,12.9164],[-11.4073,12.9163],[-11.4136,12.9197],[-11.4207,12.922],[-11.4272,12.9186],[-11.428,12.9125],[-11.4231,12.9071],[-11.4173,12.902],[-11.4151,12.8967],[-11.4193,12.8865],[-11.4249,12.8762],[-11.4286,12.8658],[-11.4255,12.8496],[-11.427,12.8452],[-11.43,12.8411],[-11.4325,12.8355],[-11.4321,12.8293],[-11.4282,12.827],[-11.4235,12.8264],[-11.421,12.8256],[-11.4197,12.8247],[-11.416,12.8201],[-11.4117,12.8129],[-11.4085,12.8045],[-11.4064,12.7943],[-11.4054,12.7823],[-11.4076,12.7715],[-11.4146,12.7642],[-11.4146,12.7597],[-11.404,12.7412],[-11.4022,12.7317],[-11.4103,12.7188],[-11.4242,12.7164],[-11.4374,12.7122],[-11.448,12.6859],[-11.4558,12.6806],[-11.4619,12.6731],[-11.461,12.6584],[-11.4572,12.656],[-11.4496,12.6532],[-11.4418,12.6478],[-11.4368,12.6375],[-11.4366,12.6271],[-11.4418,12.5955],[-11.4409,12.5849],[-11.4386,12.578],[-11.4374,12.5708],[-11.4398,12.5593],[-11.4606,12.5498],[-11.4678,12.5435],[-11.4567,12.5398],[-11.4495,12.5352],[-11.4379,12.5154],[-11.4298,12.5083],[-11.4304,12.5157],[-11.4247,12.5264],[-11.417,12.5293],[-11.4108,12.5133],[-11.4087,12.5049],[-11.4024,12.4885],[-11.4005,12.4795],[-11.3926,12.4918],[-11.3904,12.4975],[-11.3778,12.4802],[-11.3798,12.4569],[-11.3866,12.4305],[-11.3884,12.4039],[-11.416,12.405],[-11.4816,12.4282],[-11.5154,12.4316],[-11.6015,12.4252],[-11.6431,12.4176],[-11.72,12.3895],[-11.7578,12.3833],[-11.8396,12.3867],[-11.8602,12.3911],[-11.9206,12.416],[-11.922,12.4177],[-11.9239,12.4188],[-11.9309,12.4187],[-11.9352,12.417],[-11.9463,12.4094],[-11.9843,12.389],[-11.9976,12.3864],[-12.0189,12.3884],[-12.0792,12.4081],[-12.104,12.4074],[-12.1219,12.3987],[-12.155,12.369],[-12.192,12.3488],[-12.3609,12.3056],[-12.3771,12.3137],[-12.4055,12.3565],[-12.4234,12.3691],[-12.4668,12.3845],[-12.4878,12.3895],[-12.5051,12.3903],[-12.5219,12.3869],[-12.5415,12.3795],[-12.5706,12.3637],[-12.5781,12.3615],[-12.5794,12.3612],[-12.5937,12.3616],[-12.5973,12.3654],[-12.5981,12.3724],[-12.6034,12.3819],[-12.6316,12.4127],[-12.648,12.4258],[-12.6675,12.4337],[-12.6881,12.436],[-12.7527,12.4324],[-12.7733,12.4351],[-12.7792,12.4433],[-12.7835,12.4531],[-12.7994,12.4606],[-12.8291,12.4628],[-12.8386,12.4664],[-12.8491,12.4758],[-12.8513,12.4844],[-12.8497,12.4911],[-12.8492,12.495],[-12.874,12.5164],[-12.9131,12.5363],[-12.9495,12.5359],[-12.9662,12.4961],[-12.9695,12.4768],[-12.981,12.467],[-12.9974,12.4659],[-13.0152,12.4727],[-13.0346,12.4706],[-13.052,12.4723],[-13.0667,12.4801],[-13.0783,12.4962],[-13.0827,12.5157],[-13.0791,12.5322],[-13.0642,12.5662],[-13.0604,12.5834],[-13.0593,12.6035],[-13.0636,12.6223],[-13.0765,12.6359],[-13.0917,12.6382],[-13.109,12.6354],[-13.1273,12.6348],[-13.1453,12.6439],[-13.1547,12.6328],[-13.1626,12.6381],[-13.1692,12.6388],[-13.1763,12.6377],[-13.1852,12.6378],[-13.1979,12.6341],[-13.2019,12.6334],[-13.2065,12.6357],[-13.216,12.6457],[-13.2215,12.6484],[-13.2291,12.6478],[-13.246,12.6432],[-13.2547,12.6418],[-13.2634,12.6432],[-13.2757,12.6511],[-13.2841,12.6533],[-13.2929,12.6527],[-13.3229,12.6465],[-13.3277,12.6449],[-13.33,12.6421],[-13.3328,12.6396],[-13.3386,12.6392],[-13.3434,12.641],[-13.352,12.647],[-13.3566,12.6489],[-13.3598,12.6497],[-13.4048,12.6618],[-13.7283,12.6734],[-14.0828,12.6748],[-14.3431,12.6759],[-14.4373,12.6763],[-14.7917,12.6778],[-14.8722,12.6781],[-15.1462,12.6792],[-15.1951,12.6794],[-15.2238,12.6752],[-15.2497,12.6636],[-15.3078,12.6227],[-15.3686,12.5954],[-15.4217,12.5571],[-15.4246,12.555],[-15.677,12.4393],[-15.7115,12.4322],[-15.884,12.4422],[-15.8939,12.4428],[-15.9733,12.4372],[-15.9925,12.4407],[-16.055,12.4612],[-16.0905,12.4643],[-16.1661,12.4514],[-16.1728,12.4485],[-16.1772,12.4452],[-16.1819,12.4434],[-16.1901,12.4448],[-16.2117,12.4531],[-16.2224,12.4551],[-16.2329,12.4529],[-16.3019,12.4162],[-16.382,12.3738],[-16.4123,12.3617],[-16.4627,12.3613],[-16.5149,12.3485],[-16.5333,12.3478],[-16.6689,12.3567],[-16.7056,12.348],[-16.7284,12.3325],[-16.735,12.3452],[-16.7397,12.3584],[-16.7441,12.3789],[-16.7505,12.3856],[-16.7655,12.396],[-16.7885,12.418],[-16.7987,12.4309],[-16.803,12.4438],[-16.803,12.4854],[-16.8008,12.4945],[-16.7909,12.5032],[-16.7887,12.5124],[-16.7814,12.5229],[-16.7317,12.5521],[-16.7099,12.5528],[-16.6788,12.5502],[-16.6454,12.5707],[-16.6347,12.5795],[-16.629,12.5876],[-16.6246,12.596],[-16.618,12.6055],[-16.5797,12.6328],[-16.5614,12.6118],[-16.5472,12.5739],[-16.5333,12.5653],[-16.5327,12.5809],[-16.5224,12.5931],[-16.5048,12.598],[-16.4851,12.5937],[-16.4516,12.575],[-16.4215,12.5669],[-16.3883,12.5516],[-16.371,12.5502],[-16.3513,12.5595],[-16.3273,12.5887],[-16.3096,12.598],[-16.2863,12.5971],[-16.2665,12.59],[-16.2467,12.588],[-16.2239,12.6018],[-16.2122,12.6064],[-16.2045,12.5976],[-16.1986,12.5849],[-16.1929,12.5776],[-16.115,12.6061],[-16.0971,12.6103],[-16.0731,12.6117],[-16.0576,12.6162],[-16.0447,12.6255],[-16.0298,12.633],[-16.0079,12.6321],[-15.9903,12.6229],[-15.9639,12.6022],[-15.948,12.5898],[-15.9396,12.5806],[-15.928,12.5786],[-15.8639,12.5776],[-15.8577,12.5732],[-15.8448,12.5599],[-15.84,12.5571],[-15.8312,12.5583],[-15.8055,12.5645],[-15.7941,12.5715],[-15.7829,12.5847],[-15.7688,12.5926],[-15.7479,12.5837],[-15.7424,12.5883],[-15.7361,12.5914],[-15.7296,12.5915],[-15.7159,12.5818],[-15.7101,12.5828],[-15.705,12.5852],[-15.6995,12.5837],[-15.6916,12.5749],[-15.6849,12.5579],[-15.6796,12.5502],[-15.6731,12.5444],[-15.6659,12.5402],[-15.6569,12.5376],[-15.6448,12.5373],[-15.6334,12.5395],[-15.5877,12.558],[-15.5694,12.5763],[-15.5387,12.6154],[-15.5273,12.6237],[-15.5171,12.6289],[-15.5098,12.6358],[-15.5071,12.6496],[-15.5128,12.6557],[-15.5238,12.6603],[-15.5299,12.6658],[-15.5213,12.6738],[-15.5311,12.6964],[-15.5402,12.7269],[-15.5434,12.758],[-15.5349,12.783],[-15.5233,12.7899],[-15.509,12.7904],[-15.494,12.789],[-15.4803,12.7905],[-15.4664,12.7965],[-15.4569,12.8037],[-15.4507,12.8128],[-15.4462,12.8246],[-15.4256,12.805],[-15.4068,12.7997],[-15.394,12.8102],[-15.3916,12.8382],[-15.4071,12.8223],[-15.4218,12.8228],[-15.4369,12.8293],[-15.453,12.8314],[-15.4681,12.8249],[-15.4928,12.8071],[-15.5107,12.8035],[-15.5209,12.8034],[-15.5359,12.8013],[-15.5495,12.7943],[-15.5554,12.7796],[-15.5554,12.7216],[-15.5441,12.6841],[-15.5423,12.6738],[-15.5417,12.6575],[-15.5425,12.6494],[-15.5455,12.6427],[-15.5697,12.6223],[-15.5774,12.6125],[-15.6278,12.5676],[-15.641,12.5595],[-15.6529,12.5589],[-15.6633,12.5635],[-15.6721,12.5707],[-15.6664,12.6007],[-15.6968,12.6142],[-15.7677,12.6254],[-15.8158,12.5954],[-15.8335,12.5913],[-15.8369,12.5944],[-15.8413,12.6015],[-15.8485,12.6085],[-15.8605,12.6117],[-15.8727,12.6096],[-15.8896,12.6002],[-15.9017,12.598],[-15.9133,12.6012],[-15.9284,12.6089],[-15.9533,12.6254],[-15.9545,12.6303],[-15.9532,12.6374],[-15.9527,12.6437],[-15.9565,12.6464],[-15.9697,12.6482],[-15.9767,12.6502],[-15.9812,12.6527],[-15.9875,12.661],[-16.0011,12.6874],[-16.0048,12.6908],[-16.0093,12.6927],[-16.0132,12.6962],[-16.017,12.7175],[-16.0221,12.729],[-16.0283,12.729],[-16.0283,12.7216],[-16.0298,12.7175],[-16.0405,12.697],[-16.0452,12.6905],[-16.0489,12.6564],[-16.0768,12.639],[-16.1177,12.6321],[-16.1283,12.6277],[-16.1489,12.6144],[-16.155,12.6117],[-16.1656,12.6129],[-16.1898,12.6191],[-16.2276,12.6191],[-16.2388,12.6165],[-16.2579,12.6082],[-16.2686,12.6055],[-16.2807,12.6055],[-16.313,12.6117],[-16.3238,12.6096],[-16.3378,12.6002],[-16.3468,12.598],[-16.3502,12.5933],[-16.3551,12.5826],[-16.362,12.5712],[-16.371,12.5645],[-16.412,12.5776],[-16.4452,12.5961],[-16.4607,12.6089],[-16.4672,12.6223],[-16.4712,12.6246],[-16.4803,12.6274],[-16.4896,12.6318],[-16.4945,12.639],[-16.4928,12.6489],[-16.4865,12.6578],[-16.4773,12.6641],[-16.4672,12.6663],[-16.4672,12.6738],[-16.4826,12.6741],[-16.4923,12.6817],[-16.4979,12.6938],[-16.5013,12.7079],[-16.5082,12.6254],[-16.5157,12.6254],[-16.5289,12.6428],[-16.5657,12.6739],[-16.5702,12.6936],[-16.5819,12.6844],[-16.5897,12.6733],[-16.5988,12.664],[-16.6146,12.6601],[-16.6266,12.6625],[-16.6347,12.6694],[-16.6387,12.68],[-16.6379,12.6936],[-16.6238,12.7197],[-16.6038,12.7393],[-16.5907,12.762],[-16.5969,12.7973],[-16.6014,12.7702],[-16.6037,12.7625],[-16.6091,12.7537],[-16.6138,12.7494],[-16.6185,12.7465],[-16.6384,12.7285],[-16.6469,12.7182],[-16.651,12.7053],[-16.6523,12.684],[-16.6451,12.6486],[-16.6472,12.6322],[-16.6773,12.6196],[-16.7211,12.5837],[-16.7546,12.5722],[-16.7731,12.583],[-16.7809,12.6088],[-16.7825,12.6427],[-16.7771,12.678],[-16.7612,12.7132],[-16.7355,12.7329],[-16.7006,12.7216],[-16.699,12.7364],[-16.7132,12.7473],[-16.734,12.7514],[-16.7515,12.7454],[-16.7721,12.7206],[-16.7836,12.7126],[-16.7962,12.7153],[-16.7903,12.7235],[-16.7882,12.7321],[-16.7903,12.7405],[-16.7962,12.7488],[-16.7745,12.7786],[-16.7701,12.7934],[-16.7751,12.8109],[-16.7825,12.8109],[-16.7872,12.7999],[-16.7941,12.795],[-16.8003,12.7988],[-16.803,12.814],[-16.8005,12.826],[-16.7945,12.8388],[-16.7589,12.8908],[-16.7552,12.9035],[-16.7563,12.9162],[-16.761,12.9397],[-16.7621,12.9512],[-16.7598,12.9721],[-16.75,13.0136],[-16.7478,13.0403],[-16.7493,13.0566],[-16.7537,13.065],[-16.7521,13.088],[-16.7485,13.0992],[-16.7422,13.1074],[-16.7263,13.1226],[-16.7232,13.1322],[-16.7084,13.1567],[-16.6735,13.1643],[-16.63,13.1639],[-16.4652,13.1624],[-16.3133,13.1611],[-16.0921,13.1591],[-15.9617,13.158],[-15.8974,13.1574],[-15.8708,13.1572],[-15.8333,13.1568],[-15.8266,13.1617],[-15.8247,13.2329],[-15.8244,13.2485],[-15.8227,13.3194],[-15.8187,13.3335],[-15.8071,13.3398],[-15.7374,13.3463],[-15.6925,13.3603],[-15.6799,13.3607],[-15.6125,13.3542],[-15.5961,13.3558],[-15.566,13.3657],[-15.5429,13.378],[-15.5195,13.3866],[-15.4883,13.3853],[-15.3792,13.3625],[-15.3424,13.3626],[-15.3098,13.3684],[-15.2771,13.3803],[-15.2483,13.399],[-15.2278,13.4252],[-15.2217,13.4528],[-15.218,13.5147],[-15.204,13.5369],[-15.1813,13.5598],[-15.1605,13.581],[-15.1377,13.59],[-15.1102,13.5725],[-15.0653,13.5313],[-15.0156,13.4961],[-15.0154,13.496],[-15.0152,13.4958],[-15.0151,13.4957],[-14.9497,13.4631],[-14.9159,13.4544],[-14.8776,13.4514],[-14.8626,13.4471],[-14.8291,13.427],[-14.8108,13.4212],[-14.7903,13.4173],[-14.7796,13.4109],[-14.7595,13.3834],[-14.7316,13.359],[-14.6981,13.3452],[-14.6616,13.3409],[-14.6246,13.3452],[-14.5922,13.3531],[-14.5807,13.3492],[-14.5521,13.3231],[-14.5429,13.3147],[-14.5296,13.3073],[-14.5151,13.3032],[-14.4836,13.3019],[-14.4703,13.2983],[-14.4591,13.2869],[-14.4515,13.2769],[-14.442,13.2685],[-14.4314,13.2614],[-14.395,13.243],[-14.3688,13.2357],[-14.3418,13.2336],[-14.2849,13.2385],[-14.2306,13.2286],[-14.2017,13.2296],[-14.1798,13.2401],[-14.1318,13.2756],[-14.1168,13.2822],[-14.0995,13.282],[-14.0566,13.2972],[-14.0163,13.2976],[-13.9761,13.3082],[-13.9006,13.3146],[-13.851,13.3358],[-13.8226,13.3782],[-13.8187,13.4294],[-13.8427,13.4766],[-13.8528,13.4848],[-13.8755,13.4979],[-13.8825,13.5038],[-13.8846,13.5055],[-13.8898,13.514],[-13.8962,13.5329],[-13.9013,13.5416],[-13.9181,13.555],[-13.9421,13.5669],[-13.9675,13.5756],[-13.9885,13.5791],[-14.0019,13.577],[-14.0223,13.5653],[-14.034,13.5602],[-14.0445,13.5586],[-14.0618,13.5601],[-14.0726,13.5597],[-14.0929,13.5547],[-14.1391,13.5316],[-14.1968,13.5188],[-14.2158,13.5108],[-14.2712,13.477],[-14.3299,13.4564],[-14.3473,13.4524],[-14.3656,13.4548],[-14.3896,13.4659],[-14.4621,13.5167],[-14.4703,13.5224],[-14.4804,13.5331],[-14.4869,13.5465],[-14.5002,13.59],[-14.5097,13.6091],[-14.5232,13.6257],[-14.5426,13.6408],[-14.5855,13.6605],[-14.6267,13.6635],[-14.6672,13.6529],[-14.7286,13.6193],[-14.7409,13.6154],[-14.7549,13.6204],[-14.796,13.6447],[-14.8029,13.6523],[-14.8224,13.7172],[-14.8313,13.7356],[-14.844,13.7527],[-14.8603,13.7656],[-14.8793,13.7806],[-14.9158,13.7924],[-15.0168,13.7969],[-15.0763,13.819],[-15.0977,13.82],[-15.1706,13.7938],[-15.246,13.7467],[-15.2673,13.7418],[-15.2757,13.7481],[-15.2951,13.7732],[-15.3045,13.7819],[-15.3478,13.7886],[-15.3941,13.7715],[-15.4363,13.7412],[-15.4675,13.7083],[-15.4786,13.6913],[-15.4889,13.6703],[-15.4968,13.6483],[-15.498,13.6415],[-15.5005,13.628],[-15.5025,13.5883],[-15.5182,13.5831],[-15.5671,13.5833],[-15.6292,13.5835],[-15.6914,13.5837],[-15.7534,13.584],[-15.8156,13.5842],[-15.8777,13.5844],[-15.9398,13.5846],[-16.0019,13.5849],[-16.0641,13.5851],[-16.0854,13.5852],[-16.1261,13.5853],[-16.1882,13.5855],[-16.2503,13.5857],[-16.3125,13.586],[-16.3746,13.5862],[-16.4366,13.5865],[-16.4988,13.5867],[-16.5614,13.5869],[-16.5615,13.5871],[-16.5714,13.6018],[-16.5764,13.6122],[-16.5758,13.6403],[-16.5587,13.6559],[-16.5335,13.6686],[-16.5082,13.688],[-16.5135,13.6909],[-16.5238,13.6984],[-16.5293,13.701],[-16.5166,13.7128],[-16.5072,13.7281],[-16.5089,13.7402],[-16.5293,13.7426],[-16.5266,13.7266],[-16.5315,13.7073],[-16.5421,13.6937],[-16.5565,13.6948],[-16.5637,13.6738],[-16.5793,13.6596],[-16.5989,13.6542],[-16.618,13.6601],[-16.6356,13.678],[-16.64,13.6965],[-16.6317,13.7358],[-16.6298,13.7605],[-16.6271,13.7705],[-16.618,13.7836],[-16.5825,13.8247],[-16.5764,13.8388],[-16.5705,13.8351],[-16.5549,13.8279],[-16.5491,13.8245],[-16.5514,13.8291],[-16.5565,13.8456],[-16.5218,13.8518],[-16.5201,13.832],[-16.5129,13.8133],[-16.5016,13.802],[-16.487,13.8046],[-16.4946,13.8275],[-16.4963,13.8527],[-16.5006,13.8727],[-16.5157,13.8798],[-16.5104,13.8933],[-16.4887,13.9864],[-16.487,14.0026],[-16.5089,13.9714],[-16.5181,13.9519],[-16.526,13.9105],[-16.5362,13.8857],[-16.5494,13.8693],[-16.5628,13.873],[-16.5702,13.873],[-16.5802,13.8595],[-16.5979,13.8543],[-16.6186,13.8516],[-16.6379,13.8456],[-16.6487,13.8369],[-16.6523,13.8286],[-16.6539,13.8201],[-16.659,13.8109],[-16.6645,13.806],[-16.6759,13.7995],[-16.6825,13.7941],[-16.6925,13.7757],[-16.7001,13.769],[-16.7102,13.7736],[-16.7134,13.7834],[-16.7135,13.7957],[-16.7153,13.8063],[-16.7245,13.8109],[-16.7372,13.8196],[-16.7424,13.8394],[-16.7411,13.8604],[-16.7341,13.873],[-16.7402,13.8866],[-16.7445,13.9022],[-16.7478,13.9344],[-16.7468,13.9514],[-16.7434,13.9611],[-16.7372,13.9677],[-16.7142,13.9856],[-16.7025,13.99],[-16.6897,13.9905],[-16.6603,13.9872],[-16.6463,13.983],[-16.6368,13.9749],[-16.6379,13.9617],[-16.6239,13.9739],[-16.6129,13.9887],[-16.599,13.9968],[-16.5764,13.989],[-16.5768,14.011],[-16.5689,14.0208],[-16.5563,14.0269],[-16.5423,14.0373],[-16.5548,14.0331],[-16.5683,14.0303],[-16.581,14.0328],[-16.5907,14.0436],[-16.5455,14.071],[-16.5293,14.0852],[-16.5033,14.1163],[-16.4891,14.1282],[-16.457,14.1374],[-16.4415,14.1566],[-16.4294,14.161],[-16.421,14.1571],[-16.413,14.1498],[-16.4047,14.1454],[-16.3949,14.1504],[-16.3888,14.1549],[-16.3726,14.1624],[-16.3647,14.1678],[-16.4277,14.1701],[-16.4547,14.1802],[-16.453,14.2019],[-16.4687,14.1938],[-16.4746,14.1794],[-16.4715,14.1643],[-16.4604,14.1541],[-16.4728,14.1474],[-16.4831,14.1481],[-16.4931,14.1518],[-16.5048,14.1541],[-16.5132,14.151],[-16.5168,14.1435],[-16.5188,14.1343],[-16.5218,14.1262],[-16.5475,14.0819],[-16.5565,14.0715],[-16.5668,14.067],[-16.5885,14.062],[-16.6003,14.0542],[-16.6091,14.0432],[-16.6216,14.02],[-16.6317,14.0101],[-16.6542,14.0028],[-16.6754,14.0069],[-16.697,14.0142],[-16.7211,14.0163],[-16.6976,14.0574],[-16.6968,14.0647],[-16.68,14.0694],[-16.6523,14.0995],[-16.6656,14.0956],[-16.6786,14.0761],[-16.6897,14.0715],[-16.7118,14.0709],[-16.7205,14.0689],[-16.7279,14.0647],[-16.7161,14.0513],[-16.7171,14.0424],[-16.7341,14.0231],[-16.737,14.0154],[-16.7396,14.0011],[-16.7447,13.9927],[-16.7646,13.9706],[-16.7689,13.9617],[-16.7734,13.9336],[-16.7689,13.8388],[-16.7751,13.8388],[-16.781,14.0307],[-16.786,14.0597],[-16.8026,14.1079],[-16.8208,14.1435],[-16.8297,14.1541],[-16.8428,14.1601],[-16.8688,14.1658],[-16.8787,14.1745],[-16.8839,14.189],[-16.8924,14.2429],[-16.8989,14.26],[-16.907,14.2725],[-16.9259,14.2912],[-16.9346,14.2959],[-16.9412,14.2973],[-16.9455,14.3014],[-16.947,14.3145],[-16.9458,14.3248],[-16.9407,14.3444],[-16.9396,14.3559],[-16.9444,14.3724],[-16.9565,14.3901],[-16.9879,14.421],[-17.0595,14.4539],[-17.0705,14.4654],[-17.0762,14.4786],[-17.1115,14.5302],[-17.1378,14.599],[-17.1782,14.6531],[-17.2069,14.6789],[-17.2241,14.6904],[-17.2438,14.6993],[-17.2655,14.7028],[-17.2816,14.7073],[-17.324,14.7289],[-17.3306,14.7363],[-17.3636,14.7359],[-17.3923,14.7393],[-17.4174,14.7377],[-17.4398,14.7221],[-17.4314,14.7125],[-17.4193,14.709],[-17.4268,14.6944],[-17.4398,14.6885],[-17.4364,14.6853],[-17.4302,14.678],[-17.4268,14.6749],[-17.433,14.6605],[-17.4364,14.6596],[-17.4398,14.6538],[-17.453,14.6621],[-17.5202,14.7431],[-17.536,14.7574],[-17.371,14.8003],[-17.3221,14.839],[-17.173,14.9008],[-17.1387,14.9277],[-16.9797,15.1119],[-16.9479,15.1579],[-16.8782,15.2331],[-16.7392,15.4724],[-16.6697,15.5618],[-16.5389,15.7744],[-16.5343,15.7844],[-16.536,15.7947],[-16.5423,15.8088],[-16.5197,15.8464],[-16.5099,15.9015],[-16.5075,16.0104],[-16.5016,16.0219],[-16.4878,16.066],[-16.4704,16.1064],[-16.466,16.1741],[-16.4588,16.1942],[-16.4442,16.2063],[-16.4073,16.2148],[-16.3917,16.2247],[-16.3854,16.2349],[-16.3811,16.2467],[-16.3402,16.4159],[-16.3349,16.4558],[-16.3274,16.4746],[-16.3135,16.4933],[-16.2951,16.5106],[-16.2738,16.5232],[-16.251,16.5276],[-16.2179,16.5215],[-16.2067,16.5207],[-16.1954,16.5227],[-16.1852,16.5273],[-16.1558,16.5475],[-16.1443,16.5527],[-16.1323,16.5548],[-16.1197,16.5524],[-16.1105,16.5469],[-16.1031,16.5396],[-16.091,16.5222],[-16.074,16.5049],[-16.0538,16.4954],[-16.0312,16.4929],[-16.0073,16.4962],[-16.0002,16.5011],[-15.9931,16.5046],[-15.9856,16.5059],[-15.9773,16.504],[-15.9644,16.499],[-15.9581,16.4984],[-15.9507,16.4998],[-15.911,16.5169],[-15.8969,16.5184],[-15.862,16.5103],[-15.8536,16.5103],[-15.8289,16.5145],[-15.813,16.5138],[-15.7677,16.4995],[-15.7353,16.4977],[-15.7268,16.4953],[-15.7032,16.4844],[-15.6875,16.4805],[-15.6722,16.4814],[-15.6574,16.4862],[-15.6436,16.4947],[-15.6215,16.5142],[-15.6097,16.5213],[-15.5944,16.5236],[-15.5515,16.5151],[-15.5367,16.5165],[-15.5248,16.5222],[-15.5152,16.5309],[-15.4909,16.5645],[-15.4785,16.5752],[-15.464,16.5815],[-15.4488,16.5802],[-15.4394,16.5727],[-15.4337,16.5625],[-15.4269,16.5532],[-15.4145,16.548],[-15.3998,16.5483],[-15.3857,16.5518],[-15.3436,16.5687],[-15.328,16.572],[-15.2959,16.573],[-15.2486,16.5658],[-15.2325,16.5664],[-15.1251,16.5827],[-15.104,16.5904],[-15.0975,16.5945],[-15.0932,16.6002],[-15.0928,16.6076],[-15.0962,16.614],[-15.1123,16.6292],[-15.1183,16.6426],[-15.1163,16.6555],[-15.1076,16.6654],[-15.0933,16.6692],[-15.0789,16.665],[-15.0699,16.6553],[-15.062,16.6438],[-15.0516,16.6342],[-15.0444,16.6319],[-15.0369,16.6326],[-15.0299,16.6355],[-15.0237,16.64],[-15.0187,16.6461],[-15.0165,16.6526],[-15.0134,16.6666],[-15.0069,16.6758],[-14.9966,16.6824],[-14.9743,16.6914],[-14.9629,16.6858],[-14.9499,16.6723],[-14.9489,16.6706],[-14.9413,16.656],[-14.9309,16.6434],[-14.9125,16.6406],[-14.882,16.6477],[-14.7112,16.6358],[-14.6997,16.6371],[-14.6659,16.6457],[-14.656,16.6459],[-14.6472,16.6435],[-14.6191,16.6307],[-14.6081,16.6288],[-14.597,16.6292],[-14.5551,16.6406],[-14.5445,16.6408],[-14.5039,16.6327],[-14.4931,16.6325],[-14.4824,16.6337],[-14.472,16.6364],[-14.4621,16.6408],[-14.4358,16.656],[-14.4262,16.6596],[-14.4066,16.6608],[-14.3433,16.6367],[-14.3355,16.6315],[-14.3313,16.6241],[-14.3318,16.6131],[-14.337,16.5941],[-14.3353,16.5865],[-14.326,16.5824],[-14.2876,16.5857],[-14.278,16.5813],[-14.2746,16.5735],[-14.2733,16.5556],[-14.2681,16.5479],[-14.2577,16.5432],[-14.2337,16.5416],[-14.2223,16.5396],[-14.2142,16.535],[-14.1972,16.5135],[-14.1901,16.5071],[-14.1664,16.4909],[-14.1324,16.4526],[-14.073,16.4007],[-14.0398,16.3821],[-14.0331,16.3761],[-14.0156,16.3559],[-14.0067,16.3503],[-13.987,16.3429],[-13.9779,16.338],[-13.9719,16.3312],[-13.9712,16.3242],[-13.9775,16.3088],[-13.9793,16.3004],[-13.9773,16.2938],[-13.9674,16.2814],[-13.963,16.2724],[-13.9627,16.264],[-13.9678,16.246],[-13.9641,16.2301],[-13.9471,16.2211],[-13.9078,16.21],[-13.8996,16.2053],[-13.8838,16.1937],[-13.8772,16.1869],[-13.8723,16.1788],[-13.8638,16.1518],[-13.8591,16.1423],[-13.8528,16.1335],[-13.8448,16.126],[-13.8358,16.1206],[-13.8273,16.1185],[-13.8192,16.1193],[-13.8113,16.1221],[-13.7949,16.1312],[-13.7788,16.1432],[-13.772,16.1504],[-13.7542,16.1753],[-13.7467,16.1824],[-13.7382,16.1871],[-13.7294,16.1895],[-13.7201,16.19],[-13.7106,16.1889],[-13.7126,16.1761],[-13.7183,16.1593],[-13.7228,16.1461],[-13.7196,16.1356],[-13.7148,16.1328],[-13.7045,16.1288],[-13.7,16.1256],[-13.6988,16.1239],[-13.6973,16.1204],[-13.696,16.1189],[-13.6936,16.1175],[-13.6875,16.1152],[-13.6847,16.1138],[-13.6781,16.1082],[-13.6759,16.1069],[-13.669,16.1057],[-13.6624,16.1074],[-13.635,16.1216],[-13.6293,16.1228],[-13.6105,16.1229],[-13.607,16.1233],[-13.5994,16.1255],[-13.5691,16.1382],[-13.5164,16.149],[-13.5028,16.1544],[-13.4973,16.1561],[-13.4915,16.1563],[-13.4849,16.155],[-13.4831,16.141],[-13.4999,16.1106],[-13.5017,16.0951],[-13.4915,16.0884],[-13.4551,16.1022],[-13.44,16.1019],[-13.4351,16.0965],[-13.427,16.0831],[-13.4221,16.0772],[-13.3946,16.0593],[-13.3886,16.0521],[-13.3861,16.0444],[-13.385,16.0269],[-13.3837,16.0192],[-13.3698,15.9855],[-13.3633,15.9751],[-13.3558,15.9655],[-13.347,15.9568],[-13.3218,15.9382],[-13.3159,15.9305],[-13.3137,15.9221],[-13.3144,15.9136],[-13.3182,15.8967],[-13.3182,15.8885],[-13.316,15.8818],[-13.3118,15.8758],[-13.2937,15.8553],[-13.2848,15.8399],[-13.28,15.8229],[-13.2797,15.8035],[-13.2819,15.7951],[-13.2852,15.7866],[-13.2875,15.7782],[-13.2861,15.7696],[-13.281,15.7628],[-13.274,15.7575],[-13.2587,15.7488],[-13.2507,15.7428],[-13.2439,15.7358],[-13.2325,15.7196],[-13.2283,15.7113],[-13.2271,15.704],[-13.2289,15.6966],[-13.244,15.6737],[-13.2477,15.6656],[-13.2487,15.6567],[-13.2473,15.6483],[-13.2378,15.6234],[-13.2228,15.6239],[-13.1928,15.629],[-13.1782,15.6282],[-13.1711,15.6254],[-13.1526,15.6124],[-13.1452,15.6095],[-13.1222,15.6035],[-13.1097,15.5964],[-13.099,15.5869],[-13.0918,15.5751],[-13.0895,15.561],[-13.0951,15.5234],[-13.095,15.5147],[-13.0931,15.5062],[-13.0896,15.497],[-13.0838,15.4927],[-13.0532,15.4851],[-13.0389,15.4869],[-13.0238,15.496],[-13.0105,15.5063],[-12.9958,15.5142],[-12.9802,15.5163],[-12.9643,15.5092],[-12.958,15.5017],[-12.9549,15.4931],[-12.9509,15.4654],[-12.9476,15.4586],[-12.9376,15.4458],[-12.9331,15.4383],[-12.9312,15.4305],[-12.931,15.397],[-12.9272,15.3807],[-12.919,15.3654],[-12.9068,15.3527],[-12.8473,15.3133],[-12.8345,15.3002],[-12.828,15.2839],[-12.8334,15.27],[-12.85,15.2674],[-12.8842,15.2708],[-12.8944,15.2634],[-12.8884,15.2509],[-12.8655,15.2287],[-12.8568,15.222],[-12.8479,15.2189],[-12.8383,15.2188],[-12.817,15.2231],[-12.8064,15.2231],[-12.7963,15.2203],[-12.7872,15.2142],[-12.782,15.2073],[-12.7795,15.1996],[-12.7793,15.1914],[-12.7847,15.166],[-12.784,15.1581],[-12.7809,15.1491],[-12.7798,15.1464],[-12.7546,15.1386],[-12.7466,15.1311],[-12.717,15.1034],[-12.6903,15.0924],[-12.6896,15.0925],[-12.6793,15.0938],[-12.6476,15.1032],[-12.6323,15.1054],[-12.6229,15.1023],[-12.6151,15.0946],[-12.6021,15.0788],[-12.5471,15.0472],[-12.5296,15.0344],[-12.519,15.0283],[-12.4956,15.023],[-12.4849,15.0173],[-12.4763,15.0077],[-12.4715,14.998],[-12.4482,14.9182],[-12.4476,14.9074],[-12.4338,14.8994],[-12.4001,14.8604],[-12.3825,14.846],[-12.3196,14.8172],[-12.2641,14.7749]]]}},{"type":"Feature","properties":{"ADM0_A3":"NGA","NAME":"Nigeria"},"geometry":{"type":"MultiPolygon","coordinates":[[[[3.5964,11.6958],[3.6478,11.726],[3.6599,11.7381],[3.667,11.7597],[3.662,11.7795],[3.6497,11.7978],[3.6263,11.8225],[3.622,11.825],[3.6186,11.8284],[3.6129,11.839],[3.6097,11.8488],[3.6039,11.9056],[3.6085,11.922],[3.6196,11.9363],[3.6366,11.9536],[3.6536,11.9868],[3.6489,12.021],[3.624,12.0943],[3.6245,12.1377],[3.6515,12.269],[3.6416,12.518],[3.6457,12.5285],[3.8644,12.6897],[3.9291,12.7504],[4.0888,12.9962],[4.1203,13.2106],[4.1237,13.2336],[4.1258,13.473],[4.1905,13.475],[4.2205,13.4806],[4.2485,13.4941],[4.4058,13.6412],[4.4526,13.6738],[4.5067,13.6947],[4.6258,13.7232],[4.8249,13.7707],[4.8569,13.7741],[4.8798,13.764],[4.9024,13.743],[4.9251,13.7331],[4.9832,13.7297],[5.0844,13.7475],[5.2276,13.7413],[5.262,13.7477],[5.2735,13.7525],[5.3042,13.7739],[5.3181,13.7899],[5.3348,13.8267],[5.3463,13.8416],[5.3741,13.8553],[5.5218,13.8803],[5.5543,13.8734],[5.8373,13.7637],[6.1204,13.6541],[6.1295,13.6491],[6.1358,13.6437],[6.1424,13.6408],[6.1528,13.6436],[6.2106,13.6753],[6.2298,13.6792],[6.2842,13.6677],[6.3022,13.6638],[6.3689,13.6263],[6.5093,13.4961],[6.6725,13.3212],[6.7539,13.1749],[6.7787,13.1303],[6.8379,13.0635],[6.8742,13.0305],[6.9066,13.0069],[6.9371,12.9954],[6.9705,12.9918],[7.0449,12.9922],[7.0629,12.9951],[7.0687,12.9961],[7.0901,13.0064],[7.1374,13.0472],[7.1982,13.1174],[7.2205,13.1216],[7.3248,13.1028],[7.3607,13.1026],[7.392,13.1125],[7.7556,13.3271],[7.7897,13.342],[7.824,13.3453],[8.0775,13.31],[8.1051,13.2997],[8.1166,13.2911],[8.1401,13.2691],[8.1676,13.2524],[8.2014,13.2264],[8.216,13.2196],[8.2457,13.2118],[8.2467,13.2113],[8.2598,13.2052],[8.2731,13.1939],[8.298,13.1646],[8.3978,13.0754],[8.4052,13.0709],[8.4152,13.0671],[8.419,13.0667],[8.4231,13.0695],[8.4345,13.0751],[8.446,13.0787],[8.4708,13.0817],[8.4827,13.0816],[8.5096,13.0759],[8.5335,13.0646],[8.5772,13.0324],[8.5968,13.0114],[8.6255,12.9648],[8.6427,12.9444],[8.6793,12.9236],[8.9428,12.8472],[8.9779,12.8432],[9.2694,12.8098],[9.3065,12.8098],[9.3598,12.8246],[9.3779,12.8258],[9.5903,12.8014],[9.6115,12.8029],[9.6184,12.8058],[9.6293,12.8128],[9.6407,12.8225],[9.6477,12.8305],[9.8193,13.0292],[9.8528,13.0604],[9.872,13.0726],[9.8827,13.0762],[9.8877,13.0755],[9.8918,13.0762],[9.8997,13.0843],[9.9044,13.0943],[9.9082,13.1188],[9.9124,13.1292],[9.9301,13.146],[10.1198,13.2501],[10.1615,13.2672],[10.6479,13.3694],[10.675,13.3751],[10.7713,13.3827],[10.953,13.3619],[11.44,13.3644],[11.7423,13.2894],[11.8528,13.2454],[11.9919,13.1621],[12.038,13.1264],[12.0576,13.1168],[12.1164,13.1028],[12.1496,13.1056],[12.1638,13.108],[12.1848,13.1221],[12.2014,13.1254],[12.2518,13.108],[12.2632,13.1019],[12.267,13.0952],[12.2674,13.0896],[12.2692,13.0859],[12.2772,13.0845],[12.2809,13.0869],[12.2853,13.092],[12.2915,13.0968],[12.301,13.0981],[12.311,13.0926],[12.3184,13.0839],[12.3257,13.0788],[12.3352,13.0845],[12.3516,13.0798],[12.3867,13.0786],[12.4143,13.0776],[12.4373,13.074],[12.4564,13.0674],[12.4727,13.0642],[12.4867,13.0708],[12.4912,13.0826],[12.4998,13.136],[12.5043,13.1396],[12.527,13.1436],[12.5345,13.1459],[12.5426,13.1548],[12.5479,13.1655],[12.5543,13.1875],[12.5383,13.1934],[12.5452,13.2082],[12.5582,13.2265],[12.5611,13.2428],[12.5976,13.2765],[12.6027,13.28],[12.6061,13.2742],[12.6133,13.2765],[12.6202,13.2814],[12.6268,13.2883],[12.6288,13.2942],[12.63,13.3104],[12.6407,13.3024],[12.6492,13.2936],[12.6592,13.2866],[12.6743,13.2837],[12.6831,13.2889],[12.6901,13.312],[12.7017,13.3172],[12.7244,13.3223],[12.7408,13.3348],[12.7665,13.3657],[12.7733,13.3822],[12.7746,13.3827],[12.7774,13.3867],[12.7833,13.3823],[12.789,13.3755],[12.7911,13.3718],[12.8052,13.373],[12.8048,13.3769],[12.7985,13.3843],[12.7945,13.3961],[12.7973,13.3996],[12.8107,13.4043],[12.815,13.4066],[12.8176,13.4073],[12.8263,13.4061],[12.8293,13.4066],[12.83,13.4094],[12.8285,13.4175],[12.8293,13.4203],[12.8571,13.4507],[12.8702,13.4612],[12.8639,13.4693],[12.8576,13.4753],[12.8506,13.4794],[12.8423,13.4817],[12.8423,13.4891],[12.8578,13.4849],[12.8706,13.4789],[12.8797,13.4797],[12.8838,13.496],[12.9117,13.4899],[12.9393,13.4951],[13.0293,13.5392],[13.0549,13.5484],[13.0825,13.5506],[13.0825,13.5444],[13.077,13.5347],[13.0883,13.5306],[13.1071,13.5316],[13.1235,13.537],[13.1238,13.5334],[13.1235,13.5227],[13.131,13.5298],[13.1384,13.5465],[13.144,13.5506],[13.1537,13.5488],[13.1559,13.5408],[13.1537,13.5307],[13.1502,13.5227],[13.177,13.5345],[13.2039,13.5394],[13.2281,13.548],[13.2464,13.5711],[13.2322,13.5729],[13.2302,13.5778],[13.2395,13.5916],[13.2438,13.5933],[13.2508,13.5928],[13.2573,13.5942],[13.26,13.6021],[13.2586,13.6078],[13.2535,13.6149],[13.2538,13.6189],[13.2592,13.629],[13.2661,13.638],[13.306,13.6746],[13.3212,13.6851],[13.3207,13.7023],[13.3299,13.7094],[13.3589,13.7142],[13.36,13.7144],[13.6073,13.7041],[13.8361,13.391],[14.0649,13.078],[14.1211,12.8118],[14.1774,12.5456],[14.1787,12.4683],[14.1802,12.4635],[14.1854,12.447],[14.1851,12.4279],[14.1791,12.3973],[14.1798,12.3856],[14.1889,12.3704],[14.2022,12.3625],[14.2176,12.3593],[14.4231,12.3531],[14.4871,12.3378],[14.5144,12.3235],[14.5176,12.3134],[14.5124,12.2986],[14.5144,12.2894],[14.5215,12.2824],[14.5512,12.2604],[14.5621,12.2558],[14.5621,12.2484],[14.5583,12.2469],[14.5485,12.2416],[14.5681,12.2277],[14.5883,12.2172],[14.6041,12.2043],[14.6106,12.1835],[14.6163,12.1789],[14.6293,12.1835],[14.6432,12.1906],[14.6515,12.1938],[14.6634,12.1876],[14.6683,12.1781],[14.6699,12.1674],[14.6506,12.1481],[14.6481,12.1418],[14.6432,12.1358],[14.6372,12.1242],[14.6199,12.0525],[14.6222,12.042],[14.6043,12.0304],[14.6063,12.0113],[14.6252,11.9681],[14.6269,11.9572],[14.6271,11.9501],[14.6234,11.9165],[14.6121,11.885],[14.5907,11.7832],[14.5832,11.7664],[14.5465,11.7186],[14.5419,11.7098],[14.5433,11.7011],[14.5524,11.689],[14.5565,11.6875],[14.5735,11.6877],[14.5809,11.6833],[14.5851,11.6768],[14.5886,11.6697],[14.5939,11.663],[14.6102,11.6468],[14.6214,11.6298],[14.6271,11.6097],[14.6276,11.5844],[14.6238,11.5635],[14.6162,11.5387],[14.6058,11.5147],[14.5938,11.4964],[14.5766,11.4873],[14.5249,11.4688],[14.504,11.4563],[14.4673,11.4239],[14.4463,11.4117],[14.3871,11.3934],[14.3682,11.383],[14.2792,11.3018],[14.2713,11.2986],[14.2443,11.2954],[14.2321,11.2903],[14.2046,11.2621],[14.1868,11.2492],[14.1655,11.2383],[14.1433,11.2327],[14.1226,11.2357],[14.0525,11.2652],[14.0131,11.2764],[13.9823,11.2763],[13.9439,11.2457],[13.9063,11.208],[13.8732,11.1665],[13.8492,11.1246],[13.8321,11.0848],[13.8201,11.0693],[13.782,11.0475],[13.7659,11.0339],[13.7548,11.0167],[13.7504,10.9962],[13.757,10.9582],[13.7498,10.9424],[13.7444,10.9305],[13.5663,10.679],[13.5388,10.6214],[13.5013,10.4963],[13.4672,10.3076],[13.4448,10.2455],[13.4445,10.2325],[13.4514,10.2121],[13.453,10.2005],[13.4508,10.1872],[13.4349,10.1534],[13.4232,10.1385],[13.402,10.1224],[13.3927,10.117],[13.3784,10.1086],[13.3598,10.1005],[13.2813,10.0921],[13.248,10.0794],[13.2302,10.0453],[13.2305,10.0254],[13.2425,9.9927],[13.2464,9.9735],[13.2423,9.9498],[13.2187,9.913],[13.2111,9.8928],[13.2127,9.8701],[13.2229,9.8541],[13.252,9.8242],[13.2629,9.8017],[13.2605,9.7857],[13.2511,9.7692],[13.2413,9.7453],[13.2284,9.6779],[13.2235,9.6131],[13.1955,9.5422],[13.1303,9.5165],[13.0517,9.5045],[12.9824,9.4746],[12.969,9.4641],[12.9401,9.4271],[12.929,9.4161],[12.9207,9.4105],[12.862,9.3829],[12.8554,9.3781],[12.8484,9.3599],[12.8531,9.3566],[12.8816,9.3522],[12.8913,9.332],[12.8993,9.302],[12.8984,9.2624],[12.8946,9.244],[12.8884,9.2267],[12.8422,9.1444],[12.8221,9.0968],[12.821,9.0564],[12.8282,9.02],[12.8057,8.8315],[12.7945,8.7886],[12.7729,8.7591],[12.7596,8.7534],[12.7472,8.7536],[12.7345,8.7559],[12.7202,8.7565],[12.7089,8.7509],[12.7016,8.7392],[12.6928,8.7109],[12.6782,8.6787],[12.6604,8.6593],[12.558,8.6057],[12.5426,8.602],[12.5278,8.6049],[12.4955,8.6196],[12.4825,8.6232],[12.4643,8.6212],[12.4518,8.6147],[12.4403,8.6066],[12.4244,8.5998],[12.4106,8.5985],[12.3963,8.6008],[12.3688,8.6096],[12.377,8.5951],[12.4005,8.5384],[12.4033,8.5242],[12.4039,8.4965],[12.3952,8.4873],[12.3651,8.4666],[12.3576,8.4564],[12.3512,8.4442],[12.3432,8.4327],[12.3313,8.4243],[12.3102,8.4213],[12.2718,8.4278],[12.25,8.4188],[12.227,8.3863],[12.2193,8.3432],[12.2218,8.2977],[12.2377,8.2169],[12.2368,8.197],[12.2337,8.1885],[12.2291,8.1755],[12.1883,8.1178],[12.1826,8.0935],[12.1827,8.0547],[12.1882,8.0163],[12.1951,7.9917],[12.1978,7.9752],[12.1921,7.9607],[12.1543,7.9213],[12.055,7.7839],[12.019,7.7189],[12.0122,7.6983],[12.0091,7.6763],[12.0107,7.6552],[12.025,7.5966],[12.0211,7.5762],[12.0085,7.5649],[11.9928,7.554],[11.9662,7.5144],[11.9035,7.4536],[11.8447,7.3964],[11.7827,7.3045],[11.7625,7.2856],[11.7446,7.2722],[11.7366,7.2633],[11.7424,7.2574],[11.7662,7.2529],[11.7802,7.2411],[11.83,7.1694],[11.8689,7.1271],[11.8813,7.102],[11.8722,7.0794],[11.8626,7.0754],[11.8541,7.0778],[11.8451,7.0819],[11.834,7.083],[11.8203,7.0788],[11.8089,7.0719],[11.7664,7.0335],[11.7515,7.024],[11.7486,7.015],[11.7469,7.0054],[11.7411,6.9975],[11.7342,6.9951],[11.7186,6.9945],[11.7075,6.9918],[11.6972,6.9929],[11.6925,6.9916],[11.6885,6.9869],[11.6848,6.9738],[11.6811,6.9686],[11.6232,6.9323],[11.5618,6.8761],[11.5437,6.8507],[11.5381,6.8239],[11.5446,6.8089],[11.5666,6.7842],[11.5715,6.7662],[11.5689,6.7391],[11.5624,6.7125],[11.5334,6.6451],[11.5098,6.6123],[11.4826,6.5972],[11.4431,6.5933],[11.4168,6.572],[11.4018,6.5382],[11.3957,6.4967],[11.3894,6.4739],[11.3698,6.4558],[11.3442,6.4431],[11.3195,6.4373],[11.3085,6.4379],[11.2868,6.4432],[11.2759,6.4442],[11.2722,6.442],[11.2615,6.4326],[11.2555,6.43],[11.2483,6.431],[11.2371,6.4381],[11.2317,6.4398],[11.2023,6.4367],[11.1404,6.4303],[11.1135,6.434],[11.0971,6.4491],[11.0774,6.4967],[11.0606,6.574],[11.0574,6.613],[11.059,6.6527],[11.0559,6.7004],[11.0367,6.7405],[11.0026,6.7673],[10.9094,6.7843],[10.8775,6.8161],[10.8574,6.8598],[10.8482,6.9053],[10.8319,6.9452],[10.7991,6.9673],[10.7169,6.9981],[10.647,7.0351],[10.6206,7.0438],[10.6025,7.0581],[10.5972,7.1073],[10.5787,7.1308],[10.5642,7.1027],[10.5518,7.0663],[10.5433,7.0287],[10.5374,6.9521],[10.5332,6.9488],[10.5275,6.9475],[10.5212,6.9428],[10.5089,6.9263],[10.5007,6.9128],[10.4966,6.8972],[10.496,6.8747],[10.2384,6.871],[10.2108,6.8792],[10.1898,6.8954],[10.1794,6.9149],[10.165,6.9885],[10.1569,7.0047],[10.1429,7.0077],[10.1195,6.9944],[9.8746,6.7877],[9.8512,6.7779],[9.8317,6.7836],[9.8123,6.793],[9.7885,6.7948],[9.7698,6.7737],[9.694,6.5343],[9.693,6.5313],[9.6805,6.5214],[9.6448,6.5212],[9.6327,6.5212],[9.603,6.5152],[9.5881,6.5027],[9.5648,6.4586],[9.549,6.4432],[9.5286,6.433],[9.4886,6.4182],[9.4826,6.416],[9.4531,6.3977],[9.4229,6.3394],[9.395,6.3225],[9.3791,6.3216],[9.3665,6.3227],[9.3548,6.3215],[9.341,6.314],[9.3274,6.2985],[9.2988,6.2384],[9.2733,6.2028],[9.1362,6.0925],[9.0439,5.9968],[9.0439,5.9967],[9.0225,5.9658],[9.0099,5.9524],[8.9938,5.9441],[8.9885,5.9373],[8.9863,5.9088],[8.9827,5.8958],[8.965,5.8936],[8.9432,5.9014],[8.9217,5.9045],[8.9047,5.8881],[8.8912,5.8711],[8.8559,5.8475],[8.8452,5.831],[8.8471,5.8108],[8.8578,5.7949],[8.8666,5.7775],[8.8622,5.7523],[8.8446,5.7309],[8.8269,5.7178],[8.8193,5.7035],[8.8324,5.6782],[8.8526,5.6587],[8.8749,5.6414],[8.8937,5.6218],[8.9039,5.5951],[8.8995,5.571],[8.8843,5.5514],[8.8655,5.5335],[8.8505,5.514],[8.8443,5.4924],[8.8457,5.4728],[8.8493,5.4535],[8.8498,5.4324],[8.8432,5.41],[8.8217,5.3677],[8.8153,5.3435],[8.8164,5.3303],[8.8247,5.3061],[8.8257,5.2955],[8.7989,5.1596],[8.7917,5.1467],[8.7813,5.142],[8.7695,5.1399],[8.7583,5.1349],[8.7483,5.1242],[8.7289,5.0945],[8.7227,5.0812],[8.7079,5.0375],[8.6986,5.0178],[8.6837,4.997],[8.6837,4.9969],[8.6444,4.9349],[8.6383,4.9168],[8.611,4.8967],[8.6022,4.8813],[8.6054,4.86],[8.6084,4.8462],[8.6122,4.8319],[8.5951,4.8153],[8.5942,4.8153],[8.5946,4.8155],[8.5925,4.8202],[8.5857,4.8249],[8.5767,4.8271],[8.5686,4.8232],[8.5581,4.8144],[8.5492,4.8042],[8.5453,4.7963],[8.5433,4.7875],[8.5344,4.7683],[8.5317,4.7581],[8.5326,4.7482],[8.5391,4.7338],[8.5386,4.7246],[8.5298,4.7089],[8.5183,4.704],[8.5049,4.7061],[8.49,4.711],[8.4855,4.7098],[8.4758,4.7089],[8.469,4.7117],[8.4733,4.7212],[8.4776,4.7278],[8.4823,4.7383],[8.4844,4.7482],[8.4802,4.7525],[8.4712,4.7502],[8.4518,4.7405],[8.4388,4.7383],[8.4092,4.7493],[8.4074,4.7768],[8.4172,4.8124],[8.4219,4.8475],[8.4157,4.8475],[8.409,4.8134],[8.387,4.7958],[8.3584,4.7973],[8.3324,4.8209],[8.3356,4.8247],[8.3399,4.8345],[8.332,4.8364],[8.312,4.8475],[8.3166,4.861],[8.3084,4.8721],[8.2813,4.8925],[8.2573,4.9058],[8.2562,4.9067],[8.2505,4.9232],[8.2393,4.9448],[8.2321,4.9537],[8.2197,4.9573],[8.2088,4.9621],[8.1966,4.9728],[8.1867,4.9844],[8.1817,4.9914],[8.1755,4.9914],[8.1755,4.9853],[8.2302,4.9337],[8.2437,4.9164],[8.2697,4.8687],[8.2736,4.8454],[8.2573,4.8345],[8.2638,4.8207],[8.2739,4.8048],[8.2853,4.7916],[8.2949,4.7861],[8.3049,4.7773],[8.32,4.7344],[8.3324,4.7178],[8.3289,4.7115],[8.321,4.6892],[8.3195,4.6799],[8.3235,4.6656],[8.3332,4.66],[8.3445,4.6566],[8.3535,4.6489],[8.3565,4.6256],[8.3411,4.6116],[8.3215,4.5998],[8.312,4.5837],[8.2983,4.5533],[8.2886,4.5486],[8.2791,4.5468],[8.2355,4.5469],[8.1786,4.5533],[8.0929,4.5533],[8.0513,4.5594],[8.032,4.5588],[7.9987,4.5414],[7.9793,4.539],[7.9353,4.539],[7.7645,4.5192],[7.7551,4.5248],[7.7424,4.5263],[7.7305,4.5224],[7.7229,4.5117],[7.7337,4.5122],[7.7429,4.5112],[7.7507,4.5088],[7.7571,4.5049],[7.7355,4.4992],[7.7031,4.4975],[7.6738,4.5022],[7.6609,4.5154],[7.647,4.5191],[7.5584,4.5253],[7.5618,4.5295],[7.5636,4.5328],[7.5664,4.5357],[7.572,4.539],[7.5593,4.5429],[7.5476,4.5412],[7.5393,4.5418],[7.5374,4.5533],[7.5408,4.5591],[7.5476,4.5636],[7.5545,4.5695],[7.5584,4.58],[7.5555,4.5849],[7.5374,4.6079],[7.5403,4.6118],[7.5448,4.6216],[7.5296,4.6389],[7.5331,4.6643],[7.551,4.711],[7.5448,4.711],[7.5335,4.7027],[7.5278,4.6986],[7.5205,4.6898],[7.5174,4.6799],[7.5197,4.6651],[7.5228,4.6541],[7.5227,4.6441],[7.5144,4.6321],[7.5142,4.6259],[7.5278,4.6096],[7.5311,4.6011],[7.5278,4.5986],[7.5112,4.58],[7.502,4.5727],[7.4905,4.5663],[7.4792,4.5652],[7.4696,4.5738],[7.4627,4.5738],[7.4541,4.5532],[7.4324,4.5554],[7.3977,4.5738],[7.3727,4.5751],[7.3467,4.5803],[7.3246,4.5908],[7.312,4.6079],[7.3059,4.6042],[7.2991,4.602],[7.281,4.6011],[7.2778,4.598],[7.2766,4.5911],[7.2732,4.5839],[7.2637,4.58],[7.2637,4.5738],[7.2703,4.5697],[7.2774,4.5664],[7.2712,4.56],[7.284,4.5554],[7.301,4.5418],[7.3284,4.5362],[7.3333,4.5294],[7.3318,4.5205],[7.3257,4.5117],[7.281,4.5049],[7.2761,4.5102],[7.2537,4.5427],[7.1904,4.6116],[7.1817,4.6321],[7.1817,4.6594],[7.1789,4.6688],[7.1724,4.6689],[7.1582,4.662],[7.1364,4.6618],[7.1331,4.6632],[7.1248,4.6723],[7.1068,4.6871],[7.0991,4.6973],[7.0827,4.7427],[7.0718,4.7581],[7.0705,4.7484],[7.0654,4.7387],[7.0602,4.7319],[7.0576,4.7309],[7.0604,4.7207],[7.0657,4.7189],[7.0723,4.7181],[7.0786,4.711],[7.0886,4.6765],[7.0979,4.6618],[7.1162,4.6557],[7.1472,4.64],[7.1697,4.6059],[7.1734,4.5729],[7.1475,4.56],[7.1603,4.5509],[7.1755,4.5364],[7.1846,4.519],[7.1782,4.5015],[7.1506,4.4706],[7.1336,4.463],[7.1128,4.4714],[7.1123,4.4559],[7.1128,4.4509],[7.0942,4.4594],[7.0806,4.4704],[7.0746,4.4853],[7.0786,4.5049],[7.0653,4.493],[7.0627,4.4763],[7.0681,4.4585],[7.0786,4.4434],[7.0514,4.4366],[7.044,4.4366],[7.0319,4.4599],[7.0259,4.4849],[7.0233,4.5359],[7.007,4.5631],[7.0022,4.5799],[7.0134,4.5874],[7.0178,4.5956],[7.023,4.6142],[7.0257,4.6349],[7.0233,4.6489],[7.0285,4.6464],[7.0378,4.6447],[7.044,4.6426],[7.0374,4.6538],[7.0173,4.6762],[7.013,4.6872],[7.0081,4.7088],[7.0036,4.7178],[6.9849,4.6921],[6.9785,4.6924],[6.9745,4.7086],[6.9627,4.7309],[6.9578,4.7155],[6.9602,4.6917],[6.9558,4.6837],[6.967,4.6675],[6.9893,4.6079],[6.9789,4.6079],[6.9719,4.6091],[6.9666,4.613],[6.9627,4.6216],[6.9587,4.6188],[6.949,4.6147],[6.9402,4.6341],[6.9295,4.6511],[6.9006,4.6837],[6.9026,4.6669],[6.9075,4.6536],[6.9216,4.6291],[6.9299,4.6186],[6.9336,4.6125],[6.9353,4.6046],[6.9315,4.5959],[6.9246,4.5911],[6.9212,4.5852],[6.9285,4.5738],[6.9385,4.5893],[6.957,4.5941],[6.9749,4.5897],[6.9831,4.5769],[6.9735,4.508],[6.9756,4.4844],[7.011,4.4141],[7.0237,4.3981],[7.0221,4.3885],[7.0163,4.3789],[7.0066,4.3746],[6.9935,4.3763],[6.9828,4.381],[6.9641,4.3896],[6.9647,4.385],[6.9661,4.3804],[6.9695,4.3746],[6.9474,4.3815],[6.9255,4.3915],[6.9031,4.3966],[6.8801,4.3882],[6.8687,4.3998],[6.8609,4.4157],[6.8592,4.4335],[6.8664,4.4509],[6.8493,4.4597],[6.8338,4.4859],[6.8229,4.5175],[6.8186,4.5427],[6.8205,4.5609],[6.8255,4.5707],[6.8323,4.5778],[6.8397,4.5874],[6.8442,4.5975],[6.8484,4.6136],[6.8455,4.6286],[6.8289,4.6352],[6.8032,4.6498],[6.7855,4.6833],[6.7702,4.7451],[6.7673,4.7697],[6.7707,4.7824],[6.781,4.7963],[6.7879,4.8084],[6.7853,4.817],[6.7762,4.8178],[6.7639,4.8065],[6.7544,4.8179],[6.7512,4.8251],[6.7497,4.8345],[6.7411,4.8301],[6.7328,4.8287],[6.7243,4.8301],[6.7156,4.8345],[6.72,4.8175],[6.7219,4.7995],[6.7268,4.7851],[6.7395,4.7792],[6.7484,4.7717],[6.7556,4.7539],[6.7639,4.7178],[6.7678,4.6804],[6.7722,4.663],[6.781,4.6557],[6.7937,4.649],[6.8068,4.6332],[6.8255,4.6011],[6.803,4.582],[6.7981,4.5738],[6.7962,4.5597],[6.8161,4.4614],[6.826,4.432],[6.8397,4.4161],[6.8376,4.3929],[6.8579,4.3753],[6.8708,4.3608],[6.846,4.3472],[6.8146,4.3416],[6.7746,4.3389],[6.7376,4.3422],[6.7156,4.3547],[6.7126,4.3691],[6.7163,4.4281],[6.7212,4.4354],[6.7224,4.44],[6.7202,4.4453],[6.7109,4.4531],[6.7088,4.4571],[6.7088,4.4919],[6.7124,4.508],[6.7349,4.5678],[6.7371,4.5786],[6.7361,4.6079],[6.7171,4.5846],[6.7018,4.5425],[6.6951,4.4972],[6.7019,4.4639],[6.6975,4.4556],[6.697,4.436],[6.6951,4.4229],[6.6857,4.4455],[6.6826,4.4592],[6.6799,4.5206],[6.6746,4.5328],[6.6707,4.526],[6.6662,4.5202],[6.6608,4.5156],[6.6541,4.5117],[6.6594,4.4975],[6.6603,4.4509],[6.6643,4.4346],[6.6764,4.4129],[6.6844,4.3937],[6.6945,4.3591],[6.6951,4.3472],[6.6877,4.3366],[6.6775,4.3331],[6.6467,4.3336],[6.6185,4.3308],[6.6126,4.3367],[6.6017,4.369],[6.5988,4.4],[6.6001,4.4455],[6.5959,4.4821],[6.5808,4.5079],[6.5505,4.5049],[6.5784,4.4829],[6.5884,4.4477],[6.5847,4.4069],[6.5715,4.3684],[6.5696,4.3349],[6.5199,4.3231],[6.4618,4.3287],[6.4343,4.3472],[6.4209,4.3449],[6.4077,4.341],[6.4153,4.3223],[6.3989,4.316],[6.3739,4.3144],[6.3555,4.3096],[6.3363,4.3012],[6.2903,4.3],[6.2705,4.2926],[6.2468,4.3205],[6.2671,4.363],[6.3325,4.4366],[6.3195,4.4377],[6.3114,4.4396],[6.3052,4.4399],[6.2972,4.4366],[6.263,4.3957],[6.2585,4.4495],[6.2425,4.498],[6.2363,4.498],[6.2352,4.4782],[6.237,4.4528],[6.2417,4.4279],[6.2494,4.4099],[6.2396,4.4196],[6.2312,4.4305],[6.2199,4.4394],[6.2017,4.4434],[6.2124,4.4201],[6.2233,4.4046],[6.2302,4.388],[6.2289,4.3615],[6.2223,4.3419],[6.2152,4.3273],[6.209,4.3227],[6.2007,4.3201],[6.1947,4.3142],[6.1948,4.3],[6.2028,4.3039],[6.2092,4.3039],[6.2227,4.3],[6.2171,4.2906],[6.1887,4.281],[6.1516,4.279],[6.1265,4.2858],[6.1231,4.281],[6.1165,4.2764],[6.1128,4.2722],[6.0967,4.2781],[6.0877,4.2882],[6.0843,4.3023],[6.085,4.3205],[6.0891,4.3371],[6.1025,4.3609],[6.1053,4.3746],[6.1008,4.3726],[6.0897,4.37],[6.085,4.3684],[6.0851,4.3841],[6.0887,4.4111],[6.0778,4.4123],[6.0674,4.415],[6.0554,4.4199],[6.0433,4.4161],[6.0403,4.4059],[6.0422,4.3912],[6.0466,4.377],[6.0508,4.3684],[6.0466,4.3552],[6.0519,4.3442],[6.0601,4.3324],[6.0645,4.3168],[6.0618,4.2952],[6.054,4.2963],[6.0422,4.3066],[6.027,4.3131],[6.0049,4.3141],[5.9969,4.3194],[5.9955,4.3547],[6.0015,4.3563],[6.0033,4.3592],[5.9902,4.3786],[5.9886,4.382],[5.9875,4.3989],[5.9886,4.4161],[5.9826,4.4161],[5.9751,4.382],[5.97,4.3864],[5.9546,4.3957],[5.9697,4.3615],[5.9728,4.3448],[5.9614,4.3336],[5.9463,4.3352],[5.9309,4.3451],[5.9181,4.3562],[5.9102,4.3615],[5.8899,4.3688],[5.8675,4.3873],[5.8556,4.4116],[5.8659,4.4366],[5.8547,4.4375],[5.8475,4.4344],[5.8445,4.4272],[5.8454,4.4161],[5.8391,4.4161],[5.8228,4.4328],[5.7824,4.456],[5.7703,4.4714],[5.7772,4.467],[5.7904,4.4612],[5.7975,4.4571],[5.7898,4.4697],[5.7777,4.4755],[5.7637,4.4789],[5.7498,4.4844],[5.7284,4.5076],[5.7207,4.5183],[5.694,4.5456],[5.6877,4.5499],[5.5949,4.6365],[5.5669,4.6752],[5.5573,4.7178],[5.5615,4.7164],[5.5646,4.715],[5.5715,4.711],[5.5715,4.7296],[5.5277,4.7565],[5.5164,4.7758],[5.5115,4.7918],[5.4863,4.835],[5.4754,4.8475],[5.5095,4.8271],[5.501,4.8509],[5.469,4.8868],[5.4413,4.9642],[5.4324,5.0109],[5.427,5.0263],[5.4142,5.0524],[5.4089,5.0676],[5.4065,5.0843],[5.4033,5.0919],[5.3963,5.0995],[5.3893,5.1098],[5.386,5.1256],[5.3909,5.1377],[5.4028,5.1424],[5.4185,5.1413],[5.4338,5.1361],[5.4447,5.1271],[5.4627,5.1023],[5.4754,5.0945],[5.4602,5.1338],[5.4543,5.1491],[5.4756,5.147],[5.4959,5.1423],[5.4885,5.1542],[5.4612,5.1841],[5.4509,5.1901],[5.4471,5.1859],[5.448,5.1676],[5.4443,5.1635],[5.4349,5.1632],[5.4279,5.1621],[5.4133,5.1566],[5.4002,5.1623],[5.3761,5.1582],[5.3656,5.1635],[5.3636,5.1716],[5.3656,5.2077],[5.3611,5.254],[5.3402,5.3439],[5.3457,5.3572],[5.369,5.362],[5.4353,5.3633],[5.4543,5.3688],[5.4568,5.3596],[5.4595,5.353],[5.468,5.3409],[5.4761,5.3473],[5.4837,5.3623],[5.4891,5.3688],[5.4949,5.3729],[5.5296,5.3864],[5.5461,5.3895],[5.5613,5.3889],[5.5715,5.382],[5.5779,5.382],[5.5703,5.3947],[5.5464,5.4155],[5.5369,5.4303],[5.5332,5.4442],[5.5319,5.4606],[5.5339,5.4764],[5.5403,5.4883],[5.5536,5.4969],[5.5687,5.4999],[5.6021,5.4993],[5.614,5.505],[5.6257,5.5179],[5.6399,5.5402],[5.6239,5.5336],[5.6105,5.5219],[5.5962,5.5142],[5.5779,5.5197],[5.5752,5.5148],[5.5689,5.5104],[5.5641,5.5054],[5.541,5.5105],[5.5171,5.4986],[5.5032,5.4765],[5.5095,5.4508],[5.4981,5.4264],[5.4849,5.4115],[5.4686,5.4078],[5.4474,5.4167],[5.4416,5.4235],[5.44,5.4299],[5.436,5.4346],[5.4236,5.4365],[5.4183,5.4308],[5.4211,5.4178],[5.4275,5.404],[5.4338,5.3956],[5.376,5.3988],[5.2632,5.4365],[5.2585,5.4418],[5.2539,5.4528],[5.2502,5.4582],[5.2186,5.4871],[5.198,5.5015],[5.1906,5.5229],[5.1885,5.5441],[5.1912,5.5539],[5.1979,5.5576],[5.2142,5.5751],[5.2228,5.5812],[5.2302,5.5825],[5.3281,5.5784],[5.3652,5.5723],[5.386,5.5606],[5.3928,5.5606],[5.4026,5.5748],[5.4192,5.6105],[5.427,5.6221],[5.44,5.6277],[5.4558,5.6274],[5.471,5.6228],[5.4817,5.6153],[5.4844,5.608],[5.49,5.5858],[5.4925,5.5812],[5.5029,5.5818],[5.5081,5.5845],[5.5096,5.5906],[5.5095,5.6016],[5.5021,5.6173],[5.4851,5.6343],[5.4649,5.6486],[5.4474,5.6562],[5.4285,5.6558],[5.419,5.6459],[5.4065,5.6153],[5.396,5.6059],[5.3796,5.598],[5.3615,5.5937],[5.345,5.5948],[5.326,5.6054],[5.3179,5.6196],[5.3182,5.6367],[5.3369,5.6911],[5.3392,5.7059],[5.3376,5.7246],[5.3314,5.7246],[5.304,5.6501],[5.2932,5.6303],[5.2803,5.6175],[5.263,5.6105],[5.2391,5.6085],[5.2283,5.6056],[5.2049,5.592],[5.1797,5.5826],[5.1736,5.5854],[5.1602,5.5948],[5.1449,5.6086],[5.1292,5.6281],[5.1167,5.6488],[5.1073,5.677],[5.0978,5.6909],[5.0886,5.7087],[5.085,5.732],[5.0874,5.7521],[5.0934,5.7747],[5.1027,5.7932],[5.115,5.8009],[5.1265,5.797],[5.1465,5.7811],[5.154,5.7792],[5.1592,5.7856],[5.157,5.7945],[5.1531,5.8046],[5.154,5.8145],[5.1854,5.842],[5.2674,5.8719],[5.2904,5.9101],[5.2695,5.9064],[5.2354,5.8759],[5.1958,5.864],[5.12,5.8242],[5.1055,5.8137],[5.055,5.7666],[5.0447,5.7675],[5.0073,5.8492],[4.8859,6.0065],[4.8655,6.0256],[4.8262,6.0425],[4.808,6.0631],[4.7827,6.1025],[4.7478,6.1389],[4.7171,6.1636],[4.6419,6.2109],[4.6087,6.2318],[4.5474,6.289],[4.509,6.3135],[4.493,6.3205],[4.4055,6.3589],[4.342,6.3706],[4.1258,6.4103],[3.8703,6.4316],[3.4436,6.4103],[3.4212,6.414],[3.4089,6.4229],[3.3991,6.434],[3.3849,6.4445],[3.3943,6.4494],[3.4011,6.451],[3.4069,6.4494],[3.4129,6.4445],[3.4285,6.4587],[3.4343,6.4534],[3.4363,6.4383],[3.4402,6.4234],[3.4754,6.4556],[3.4812,6.4548],[3.4846,6.4468],[3.4924,6.4465],[3.5054,6.4514],[3.5244,6.4518],[3.5414,6.4548],[3.5568,6.463],[3.5706,6.4787],[3.5724,6.4896],[3.5702,6.5007],[3.5708,6.5093],[3.5808,6.5128],[3.6213,6.5128],[3.6428,6.5171],[3.6868,6.5311],[3.7002,6.5271],[3.7227,6.536],[3.7427,6.5478],[3.7568,6.5638],[3.7622,6.5851],[3.7747,6.5901],[3.8579,6.6022],[3.8503,6.6081],[3.844,6.6108],[3.8379,6.611],[3.8306,6.609],[3.7737,6.6224],[3.7175,6.6011],[3.6638,6.5702],[3.6152,6.5544],[3.597,6.5543],[3.5867,6.5529],[3.5515,6.5342],[3.54,6.5301],[3.5283,6.5278],[3.5153,6.5271],[3.513,6.5294],[3.5003,6.5339],[3.488,6.5333],[3.4816,6.5383],[3.4785,6.5414],[3.4744,6.5544],[3.4733,6.5666],[3.4802,6.5881],[3.4812,6.6022],[3.464,6.5922],[3.4519,6.5818],[3.4299,6.5578],[3.4219,6.5548],[3.4113,6.5543],[3.4024,6.5522],[3.3986,6.5438],[3.4001,6.5368],[3.4056,6.5221],[3.406,6.5128],[3.402,6.5022],[3.388,6.4807],[3.3849,6.4687],[3.3811,6.4616],[3.3739,6.4561],[3.3698,6.45],[3.375,6.4411],[3.3799,6.4359],[3.3826,6.4307],[3.3841,6.4248],[3.3895,6.42],[3.3845,6.3977],[3.3262,6.3914],[3.2142,6.3967],[3.0824,6.3815],[2.9277,6.3891],[2.7038,6.3684],[2.7043,6.4293],[2.7119,6.474],[2.7154,6.4945],[2.7188,6.5043],[2.7373,6.558],[2.7394,6.5792],[2.7308,6.6214],[2.7311,6.6418],[2.7426,6.6633],[2.7607,6.6794],[2.773,6.6875],[2.7786,6.6988],[2.7753,6.7449],[2.7733,6.755],[2.7674,6.7596],[2.755,6.7607],[2.7448,6.7638],[2.7363,6.7698],[2.7287,6.78],[2.7236,6.7997],[2.7263,6.8214],[2.7369,6.8633],[2.732,6.9052],[2.7184,6.9436],[2.7151,6.9798],[2.7411,7.0158],[2.7527,7.0213],[2.7655,7.0251],[2.7758,7.0305],[2.7797,7.0413],[2.7739,7.0508],[2.7477,7.0722],[2.7391,7.083],[2.7353,7.096],[2.7363,7.1029],[2.7406,7.1096],[2.7498,7.1286],[2.7578,7.1389],[2.7611,7.1483],[2.7621,7.1622],[2.7412,7.4082],[2.7436,7.4192],[2.7513,7.4236],[2.7617,7.4235],[2.7833,7.4192],[2.7865,7.4213],[2.7873,7.4269],[2.7896,7.4358],[2.7923,7.4776],[2.7702,7.5143],[2.7406,7.5494],[2.7206,7.5866],[2.7153,7.6258],[2.7176,7.6585],[2.7272,7.7933],[2.7244,7.8077],[2.7155,7.8221],[2.6915,7.8487],[2.6803,7.8773],[2.6722,7.8896],[2.6717,7.8934],[2.6711,7.8979],[2.6734,7.9056],[2.6836,7.9246],[2.6871,7.9335],[2.6909,7.9966],[2.7035,8.0599],[2.7057,8.1197],[2.7084,8.138],[2.7161,8.1549],[2.7266,8.1716],[2.7344,8.19],[2.735,8.2119],[2.7281,8.2332],[2.7085,8.2748],[2.7007,8.2969],[2.6971,8.3207],[2.6984,8.3399],[2.706,8.3813],[2.706,8.3905],[2.7035,8.409],[2.7037,8.4179],[2.709,8.4304],[2.729,8.4527],[2.7369,8.4645],[2.7448,8.4983],[2.7424,8.5275],[2.7229,8.7712],[2.7229,8.7723],[2.7232,8.7829],[2.7289,8.7905],[2.7457,8.7981],[2.7511,8.8034],[2.7523,8.8123],[2.7471,8.8277],[2.7459,8.8365],[2.7496,8.8519],[2.7621,8.8804],[2.7625,8.8957],[2.7587,8.9027],[2.7538,8.9044],[2.7495,8.9066],[2.7478,8.9148],[2.7502,8.9169],[2.7615,8.9337],[2.7647,8.9398],[2.7702,8.9672],[2.7724,9.0305],[2.7692,9.057],[2.8463,9.0508],[2.8597,9.0526],[2.8693,9.0597],[2.8778,9.0685],[2.8884,9.0754],[2.8992,9.0774],[2.9299,9.0784],[2.9407,9.0771],[2.9517,9.0719],[2.9614,9.0653],[2.9714,9.0605],[2.9831,9.0606],[3.0514,9.0782],[3.076,9.0952],[3.0913,9.1264],[3.1246,9.229],[3.1452,9.2679],[3.1514,9.2886],[3.1515,9.3536],[3.1481,9.3703],[3.1353,9.4017],[3.1286,9.4296],[3.1326,9.4573],[3.1518,9.4882],[3.159,9.4935],[3.1751,9.4989],[3.1826,9.5053],[3.2436,9.5844],[3.2447,9.5896],[3.2394,9.6023],[3.2382,9.6091],[3.2457,9.6337],[3.2618,9.6386],[3.2814,9.635],[3.2991,9.634],[3.3316,9.652],[3.3386,9.6782],[3.3307,9.7086],[3.3184,9.7394],[3.3149,9.7591],[3.3171,9.7817],[3.3259,9.8017],[3.342,9.8136],[3.414,9.8428],[3.4529,9.8531],[3.5131,9.8466],[3.5308,9.863],[3.5571,9.9106],[3.5895,9.9488],[3.5996,9.9687],[3.6058,10.0541],[3.6123,10.0703],[3.6278,10.085],[3.6424,10.0919],[3.6549,10.1011],[3.664,10.1231],[3.6648,10.1287],[3.6675,10.1466],[3.6646,10.1622],[3.6556,10.1748],[3.5876,10.2442],[3.5734,10.267],[3.5724,10.2857],[3.593,10.3309],[3.6182,10.3693],[3.6221,10.3812],[3.6232,10.4009],[3.626,10.4073],[3.6326,10.4167],[3.6521,10.4358],[3.6717,10.4421],[3.6928,10.4384],[3.7569,10.4053],[3.7725,10.4076],[3.7877,10.4264],[3.7943,10.4449],[3.7954,10.4965],[3.8043,10.5232],[3.8299,10.5731],[3.8374,10.5999],[3.8372,10.6306],[3.8371,10.6548],[3.8321,10.6839],[3.823,10.7033],[3.8102,10.7105],[3.7961,10.7131],[3.7833,10.717],[3.7739,10.7281],[3.7645,10.7609],[3.7595,10.7716],[3.7519,10.7802],[3.7432,10.7875],[3.7351,10.7958],[3.73,10.8077],[3.7313,10.825],[3.753,10.8777],[3.7541,10.9071],[3.7335,10.9962],[3.7335,10.9965],[3.7233,11.0135],[3.7159,11.0319],[3.7118,11.0519],[3.7118,11.0735],[3.7221,11.1123],[3.7137,11.1203],[3.7056,11.1207],[3.7044,11.1208],[3.695,11.1191],[3.6867,11.1205],[3.6625,11.1431],[3.4833,11.3923],[3.4684,11.4195],[3.4667,11.4425],[3.4867,11.4963],[3.493,11.5115],[3.5049,11.5566],[3.5744,11.673],[3.5964,11.6958]]],[[[7.541,4.4844],[7.5742,4.4879],[7.5845,4.4846],[7.5789,4.4714],[7.57,4.4594],[7.5526,4.4556],[7.5144,4.4571],[7.499,4.4545],[7.4492,4.4366],[7.4318,4.4348],[7.3582,4.4393],[7.3428,4.4471],[7.3369,4.4601],[7.3462,4.4782],[7.3562,4.4833],[7.4046,4.498],[7.4164,4.4938],[7.4519,4.4755],[7.4696,4.4714],[7.4878,4.4734],[7.5238,4.4824],[7.541,4.4844]]],[[[7.2742,4.4919],[7.3197,4.4965],[7.3325,4.4919],[7.3205,4.481],[7.3143,4.4691],[7.3123,4.4556],[7.312,4.44],[7.3078,4.4245],[7.2984,4.4147],[7.2848,4.4062],[7.2707,4.4004],[7.1817,4.382],[7.1477,4.3851],[7.138,4.397],[7.1477,4.4159],[7.1797,4.4498],[7.2022,4.4844],[7.2214,4.5067],[7.2256,4.5162],[7.2295,4.5328],[7.2432,4.5244],[7.2586,4.4975],[7.2742,4.4919]]]]}},{"type":"Feature","properties":{"ADM0_A3":"BEN","NAME":"Benin"},"geometry":{"type":"Polygon","coordinates":[[[3.5964,11.6958],[3.5744,11.673],[3.5049,11.5566],[3.493,11.5115],[3.4867,11.4963],[3.4667,11.4425],[3.4684,11.4195],[3.4833,11.3923],[3.6625,11.1431],[3.6867,11.1205],[3.695,11.1191],[3.7044,11.1208],[3.7056,11.1207],[3.7137,11.1203],[3.7221,11.1123],[3.7118,11.0735],[3.7118,11.0519],[3.7159,11.0319],[3.7233,11.0135],[3.7335,10.9965],[3.7335,10.9962],[3.7541,10.9071],[3.753,10.8777],[3.7313,10.825],[3.73,10.8077],[3.7351,10.7958],[3.7432,10.7875],[3.7519,10.7802],[3.7595,10.7716],[3.7645,10.7609],[3.7739,10.7281],[3.7833,10.717],[3.7961,10.7131],[3.8102,10.7105],[3.823,10.7033],[3.8321,10.6839],[3.8371,10.6548],[3.8372,10.6306],[3.8374,10.5999],[3.8299,10.5731],[3.8043,10.5232],[3.7954,10.4965],[3.7943,10.4449],[3.7877,10.4264],[3.7725,10.4076],[3.7569,10.4053],[3.6928,10.4384],[3.6717,10.4421],[3.6521,10.4358],[3.6326,10.4167],[3.626,10.4073],[3.6232,10.4009],[3.6221,10.3812],[3.6182,10.3693],[3.593,10.3309],[3.5724,10.2857],[3.5734,10.267],[3.5876,10.2442],[3.6556,10.1748],[3.6646,10.1622],[3.6675,10.1466],[3.6648,10.1287],[3.664,10.1231],[3.6549,10.1011],[3.6424,10.0919],[3.6278,10.085],[3.6123,10.0703],[3.6058,10.0541],[3.5996,9.9687],[3.5895,9.9488],[3.5571,9.9106],[3.5308,9.863],[3.5131,9.8466],[3.4529,9.8531],[3.414,9.8428],[3.342,9.8136],[3.3259,9.8017],[3.3171,9.7817],[3.3149,9.7591],[3.3184,9.7394],[3.3307,9.7086],[3.3386,9.6782],[3.3316,9.652],[3.2991,9.634],[3.2814,9.635],[3.2618,9.6386],[3.2457,9.6337],[3.2382,9.6091],[3.2394,9.6023],[3.2447,9.5896],[3.2436,9.5844],[3.1826,9.5053],[3.1751,9.4989],[3.159,9.4935],[3.1518,9.4882],[3.1326,9.4573],[3.1286,9.4296],[3.1353,9.4017],[3.1481,9.3703],[3.1515,9.3536],[3.1514,9.2886],[3.1452,9.2679],[3.1246,9.229],[3.0913,9.1264],[3.076,9.0952],[3.0514,9.0782],[2.9831,9.0606],[2.9714,9.0605],[2.9614,9.0653],[2.9517,9.0719],[2.9407,9.0771],[2.9299,9.0784],[2.8992,9.0774],[2.8884,9.0754],[2.8778,9.0685],[2.8693,9.0597],[2.8597,9.0526],[2.8463,9.0508],[2.7692,9.057],[2.7724,9.0305],[2.7702,8.9672],[2.7647,8.9398],[2.7615,8.9337],[2.7502,8.9169],[2.7478,8.9148],[2.7495,8.9066],[2.7538,8.9044],[2.7587,8.9027],[2.7625,8.8957],[2.7621,8.8804],[2.7496,8.8519],[2.7459,8.8365],[2.7471,8.8277],[2.7523,8.8123],[2.7511,8.8034],[2.7457,8.7981],[2.7289,8.7905],[2.7232,8.7829],[2.7229,8.7723],[2.7229,8.7712],[2.7424,8.5275],[2.7448,8.4983],[2.7369,8.4645],[2.729,8.4527],[2.709,8.4304],[2.7037,8.4179],[2.7035,8.409],[2.706,8.3905],[2.706,8.3813],[2.6984,8.3399],[2.6971,8.3207],[2.7007,8.2969],[2.7085,8.2748],[2.7281,8.2332],[2.735,8.2119],[2.7344,8.19],[2.7266,8.1716],[2.7161,8.1549],[2.7084,8.138],[2.7057,8.1197],[2.7035,8.0599],[2.6909,7.9966],[2.6871,7.9335],[2.6836,7.9246],[2.6734,7.9056],[2.6711,7.8979],[2.6717,7.8934],[2.6722,7.8896],[2.6803,7.8773],[2.6915,7.8487],[2.7155,7.8221],[2.7244,7.8077],[2.7272,7.7933],[2.7176,7.6585],[2.7153,7.6258],[2.7206,7.5866],[2.7406,7.5494],[2.7702,7.5143],[2.7923,7.4776],[2.7896,7.4358],[2.7873,7.4269],[2.7865,7.4213],[2.7833,7.4192],[2.7617,7.4235],[2.7513,7.4236],[2.7436,7.4192],[2.7412,7.4082],[2.7621,7.1622],[2.7611,7.1483],[2.7578,7.1389],[2.7498,7.1286],[2.7406,7.1096],[2.7363,7.1029],[2.7353,7.096],[2.7391,7.083],[2.7477,7.0722],[2.7739,7.0508],[2.7797,7.0413],[2.7758,7.0305],[2.7655,7.0251],[2.7527,7.0213],[2.7411,7.0158],[2.7151,6.9798],[2.7184,6.9436],[2.732,6.9052],[2.7369,6.8633],[2.7263,6.8214],[2.7236,6.7997],[2.7287,6.78],[2.7363,6.7698],[2.7448,6.7638],[2.755,6.7607],[2.7674,6.7596],[2.7733,6.755],[2.7753,6.7449],[2.7786,6.6988],[2.773,6.6875],[2.7607,6.6794],[2.7426,6.6633],[2.7311,6.6418],[2.7308,6.6214],[2.7394,6.5792],[2.7373,6.558],[2.7188,6.5043],[2.7154,6.4945],[2.7119,6.474],[2.7043,6.4293],[2.7038,6.3684],[2.7033,6.3683],[2.307,6.3315],[2.2268,6.3137],[1.8845,6.2748],[1.6196,6.2139],[1.6124,6.2348],[1.6331,6.2457],[1.7616,6.276],[1.7824,6.2773],[1.7635,6.3506],[1.7441,6.4257],[1.7184,6.467],[1.7098,6.4734],[1.6883,6.4844],[1.6817,6.4898],[1.6795,6.4986],[1.682,6.52],[1.6808,6.5301],[1.6744,6.5386],[1.6578,6.5523],[1.6552,6.5592],[1.6539,6.5707],[1.6466,6.5732],[1.6368,6.5723],[1.6274,6.5733],[1.6196,6.578],[1.6112,6.5847],[1.6033,6.5926],[1.5973,6.6008],[1.5941,6.611],[1.5948,6.6203],[1.5965,6.6286],[1.5963,6.6364],[1.5854,6.6564],[1.5724,6.6669],[1.566,6.6781],[1.5743,6.7006],[1.5892,6.7205],[1.597,6.731],[1.6011,6.7464],[1.5952,6.7706],[1.5875,6.791],[1.5832,6.8083],[1.5826,6.8253],[1.5901,6.8673],[1.588,6.8812],[1.5791,6.892],[1.5642,6.9031],[1.5626,6.9043],[1.5514,6.9209],[1.5319,6.9919],[1.6075,6.9914],[1.6257,6.9968],[1.6249,7.1436],[1.6243,7.2888],[1.6237,7.4381],[1.6233,7.5364],[1.6229,7.6225],[1.6228,7.6401],[1.6219,7.8383],[1.6213,7.9966],[1.6238,8.1559],[1.6256,8.2705],[1.6149,8.3563],[1.6099,8.3655],[1.6039,8.3675],[1.6011,8.3716],[1.606,8.396],[1.606,8.4134],[1.6076,8.4219],[1.6404,8.4758],[1.6442,8.4935],[1.6399,8.5033],[1.6141,8.5358],[1.609,8.547],[1.6076,8.5588],[1.6072,8.5886],[1.6055,8.7225],[1.6043,8.8152],[1.6028,8.9244],[1.6012,9.0495],[1.5958,9.0768],[1.5878,9.1009],[1.5673,9.1367],[1.5052,9.2015],[1.4253,9.2845],[1.4201,9.2923],[1.4012,9.3213],[1.3867,9.3611],[1.3799,9.4625],[1.3684,9.4908],[1.3513,9.4825],[1.3365,9.4975],[1.3264,9.522],[1.3232,9.5423],[1.3273,9.5553],[1.3451,9.5824],[1.3513,9.5951],[1.3525,9.6053],[1.3522,9.6254],[1.3546,9.6353],[1.356,9.6475],[1.3482,9.6942],[1.3469,9.7718],[1.3451,9.8811],[1.3439,9.9548],[1.3438,9.9624],[1.331,9.9965],[1.2255,10.0661],[1.0822,10.1604],[0.9971,10.2166],[0.9395,10.2545],[0.8444,10.3172],[0.7688,10.3671],[0.7607,10.3822],[0.7599,10.4052],[0.7738,10.5081],[0.7885,10.5639],[0.7892,10.6029],[0.7813,10.693],[0.7956,10.7265],[0.85,10.7777],[0.8629,10.7961],[0.866,10.8064],[0.8676,10.8292],[0.8695,10.8399],[0.8851,10.8694],[0.8837,10.8802],[0.8753,10.9005],[0.8729,10.9113],[0.8758,10.9312],[0.9015,10.9927],[0.932,10.9761],[0.9454,10.9743],[0.9633,10.9741],[0.9675,10.9795],[0.97,10.9912],[0.9691,11.0029],[0.9633,11.0083],[0.9553,11.012],[0.9518,11.0211],[0.9513,11.0323],[0.9524,11.0424],[0.9559,11.0447],[0.9644,11.0574],[0.9703,11.0695],[0.9769,11.0784],[0.9814,11.0801],[0.986,11.0785],[1.0079,11.0751],[1.0146,11.0704],[1.0197,11.0657],[1.0251,11.0635],[1.028,11.0613],[1.0332,11.0516],[1.035,11.0493],[1.0413,11.0496],[1.0522,11.055],[1.0561,11.0561],[1.0869,11.0527],[1.097,11.0493],[1.0997,11.0444],[1.1068,11.0344],[1.1142,11.0277],[1.1175,11.0322],[1.1186,11.0482],[1.1073,11.0598],[1.1009,11.0704],[1.0993,11.0813],[1.0991,11.0926],[1.097,11.1045],[1.0952,11.1044],[1.0856,11.1087],[1.0828,11.1107],[1.0821,11.1153],[1.0839,11.1277],[1.0828,11.1318],[1.0734,11.1339],[1.067,11.1283],[1.0633,11.127],[1.0623,11.1421],[1.0675,11.1443],[1.1004,11.1516],[1.1062,11.1557],[1.113,11.1739],[1.1175,11.179],[1.1281,11.1789],[1.1481,11.1695],[1.1584,11.1659],[1.1532,11.1832],[1.1493,11.2172],[1.1306,11.2476],[1.1356,11.2601],[1.1459,11.2699],[1.1563,11.2855],[1.166,11.278],[1.1735,11.2666],[1.1722,11.2615],[1.1809,11.2614],[1.1862,11.2639],[1.1914,11.267],[1.2001,11.269],[1.219,11.268],[1.2352,11.2635],[1.2684,11.2479],[1.2811,11.2711],[1.2826,11.2789],[1.2804,11.2887],[1.2705,11.2983],[1.2684,11.3062],[1.2733,11.3182],[1.2845,11.3127],[1.2962,11.2996],[1.3025,11.2888],[1.3093,11.2971],[1.3163,11.2999],[1.3235,11.2971],[1.3304,11.2888],[1.3479,11.3035],[1.3459,11.3163],[1.3362,11.33],[1.3304,11.3472],[1.3391,11.3661],[1.359,11.3789],[1.3817,11.3887],[1.3981,11.3987],[1.3886,11.42],[1.3898,11.4284],[1.3981,11.4403],[1.4111,11.4498],[1.4232,11.4537],[1.4236,11.4539],[1.4338,11.4594],[1.4396,11.4738],[1.456,11.4647],[1.4753,11.4608],[1.5693,11.4533],[1.5673,11.4467],[1.565,11.4326],[1.5632,11.426],[1.5806,11.4271],[1.6016,11.3887],[1.6211,11.3953],[1.6382,11.4042],[1.6844,11.4139],[1.7035,11.4229],[1.7191,11.4278],[1.7633,11.4247],[1.7822,11.426],[1.8215,11.4416],[1.8406,11.4455],[1.858,11.4403],[1.8676,11.4466],[1.8798,11.4449],[1.9058,11.4328],[1.948,11.4167],[1.9834,11.414],[2.0108,11.4269],[2.0154,11.4316],[2.147,11.5637],[2.2201,11.6225],[2.2736,11.6521],[2.2874,11.6653],[2.2911,11.6748],[2.2902,11.6857],[2.2908,11.7032],[2.3016,11.7315],[2.34,11.7739],[2.3541,11.7998],[2.3902,11.8965],[2.3882,11.9068],[2.3765,11.9241],[2.3752,11.935],[2.3809,11.9479],[2.3893,11.9501],[2.3987,11.9488],[2.4074,11.9512],[2.4141,11.9587],[2.422,11.9732],[2.4289,11.9804],[2.439,11.9813],[2.4494,11.9775],[2.4567,11.9791],[2.4573,11.9962],[2.4553,12.0087],[2.4488,12.0134],[2.4393,12.0156],[2.4286,12.0204],[2.4183,12.0287],[2.4112,12.0368],[2.4056,12.0467],[2.3719,12.1404],[2.3621,12.1962],[2.3612,12.2189],[2.37,12.2363],[2.3942,12.2472],[2.4079,12.2489],[2.4309,12.248],[2.4437,12.2492],[2.4461,12.2518],[2.4544,12.263],[2.4595,12.2667],[2.467,12.265],[2.4726,12.2593],[2.4777,12.2576],[2.4834,12.268],[2.488,12.2804],[2.4951,12.2832],[2.5045,12.2818],[2.5163,12.2814],[2.5191,12.2791],[2.5206,12.2737],[2.5237,12.2692],[2.5312,12.2697],[2.5369,12.273],[2.546,12.2816],[2.5506,12.2845],[2.5861,12.294],[2.5901,12.2933],[2.5986,12.2883],[2.6036,12.2878],[2.6097,12.2908],[2.6217,12.2995],[2.6286,12.3008],[2.6638,12.2916],[2.6729,12.2967],[2.6869,12.3184],[2.6902,12.3262],[2.6922,12.334],[2.6951,12.3412],[2.7004,12.3471],[2.7113,12.3512],[2.7218,12.3443],[2.7323,12.3468],[2.7415,12.3541],[2.7575,12.3729],[2.7685,12.3801],[2.7782,12.3819],[2.7984,12.3812],[2.8086,12.3832],[2.8324,12.3841],[2.8443,12.3992],[2.8923,12.3571],[2.9126,12.3463],[2.9226,12.3356],[2.9304,12.3233],[2.9368,12.3009],[2.945,12.2925],[2.956,12.2868],[2.9678,12.2826],[3.001,12.2789],[3.0094,12.2763],[3.0131,12.2711],[3.0229,12.2525],[3.0634,12.1938],[3.2354,12.0395],[3.2385,12.0342],[3.252,12.0241],[3.2551,12.0188],[3.2576,11.9974],[3.2626,11.9747],[3.2699,11.9565],[3.2927,11.9187],[3.307,11.9024],[3.3155,11.8946],[3.3278,11.8864],[3.3416,11.8829],[3.3551,11.889],[3.3691,11.8973],[3.3809,11.895],[3.3917,11.8888],[3.4028,11.8853],[3.4477,11.858],[3.4843,11.8452],[3.4954,11.8375],[3.5035,11.83],[3.537,11.7829],[3.5437,11.7771],[3.5493,11.7738],[3.5537,11.7697],[3.5574,11.7618],[3.5625,11.746],[3.5662,11.7384],[3.5682,11.7295],[3.5717,11.7219],[3.5801,11.7174],[3.5894,11.7015],[3.5964,11.6958]]]}},{"type":"Feature","properties":{"ADM0_A3":"TCD","NAME":"Chad"},"geometry":{"type":"Polygon","coordinates":[[[14.0649,13.078],[13.8361,13.391],[13.6073,13.7041],[13.6002,13.736],[13.5929,13.7678],[13.5858,13.7997],[13.5786,13.8315],[13.5715,13.8634],[13.5643,13.8952],[13.5572,13.9272],[13.55,13.959],[13.5428,13.9909],[13.5357,14.0227],[13.5285,14.0545],[13.5213,14.0864],[13.5142,14.1182],[13.507,14.1501],[13.4997,14.182],[13.4927,14.2139],[13.4823,14.2598],[13.4683,14.3107],[13.4492,14.3801],[13.4495,14.439],[13.4823,14.4836],[13.5078,14.496],[13.5439,14.5106],[13.5844,14.5138],[13.6081,14.5183],[13.6243,14.5213],[13.6579,14.5487],[13.6656,14.5669],[13.6667,14.5855],[13.6603,14.6237],[13.657,14.6297],[13.6463,14.6391],[13.6447,14.6442],[13.6483,14.6494],[13.6681,14.6629],[13.7,14.6977],[13.71,14.7051],[13.73,14.7096],[13.7492,14.7112],[13.7644,14.7191],[13.7732,14.7425],[13.772,14.7629],[13.7579,14.8055],[13.7539,14.8259],[13.7552,14.8472],[13.7605,14.8664],[13.7754,14.8974],[13.8081,14.9656],[13.8339,15.0196],[13.863,15.0591],[13.8928,15.0997],[13.9226,15.1405],[13.9526,15.1812],[13.9823,15.222],[14.0122,15.2627],[14.0421,15.3034],[14.0718,15.3442],[14.1017,15.3849],[14.1316,15.4255],[14.1614,15.4663],[14.1912,15.507],[14.2212,15.5477],[14.2509,15.5885],[14.2807,15.6293],[14.3107,15.6699],[14.3404,15.7107],[14.369,15.7496],[14.4235,15.8063],[14.4821,15.8673],[14.5208,15.9076],[14.5769,15.9658],[14.6331,16.0242],[14.6893,16.0825],[14.7454,16.1409],[14.8014,16.1992],[14.8574,16.2576],[14.9135,16.3159],[14.9697,16.3742],[15.0258,16.4325],[15.0818,16.4909],[15.1379,16.5493],[15.194,16.6076],[15.2502,16.6659],[15.3063,16.7242],[15.3624,16.7826],[15.4184,16.8409],[15.4524,16.8762],[15.4655,16.8947],[15.4685,16.9049],[15.472,16.9167],[15.4741,16.9421],[15.4783,16.9877],[15.4823,17.0333],[15.4862,17.0789],[15.4902,17.1245],[15.4943,17.1701],[15.4983,17.2157],[15.5023,17.2614],[15.5064,17.3071],[15.5105,17.3526],[15.5145,17.3983],[15.5186,17.4438],[15.5226,17.4895],[15.5266,17.5351],[15.5307,17.5807],[15.5347,17.6264],[15.5386,17.672],[15.5426,17.7177],[15.5468,17.7633],[15.5508,17.8089],[15.5548,17.8546],[15.5589,17.9001],[15.5629,17.9458],[15.5669,17.9914],[15.5677,18.0],[15.571,18.037],[15.575,18.0826],[15.579,18.1282],[15.5832,18.1739],[15.5872,18.2195],[15.5911,18.2651],[15.5952,18.3107],[15.5992,18.3563],[15.6032,18.402],[15.6072,18.4476],[15.6113,18.4932],[15.6153,18.5388],[15.6194,18.5845],[15.6235,18.6301],[15.6275,18.6757],[15.6315,18.7213],[15.6356,18.7669],[15.6396,18.8126],[15.6435,18.8582],[15.6476,18.9038],[15.6516,18.9494],[15.6557,18.9951],[15.6597,19.0406],[15.6638,19.0863],[15.6678,19.1319],[15.6718,19.1775],[15.6759,19.2232],[15.6799,19.2687],[15.6839,19.3144],[15.688,19.36],[15.6921,19.4056],[15.696,19.4512],[15.7001,19.4969],[15.7041,19.5425],[15.7081,19.5881],[15.7121,19.6338],[15.7162,19.6793],[15.7202,19.725],[15.7243,19.7706],[15.7284,19.8163],[15.7324,19.8618],[15.736,19.9035],[15.7672,19.982],[15.7823,20.008],[15.8223,20.077],[15.8623,20.146],[15.9024,20.2149],[15.9425,20.284],[15.963,20.3192],[15.9703,20.3363],[15.9682,20.3528],[15.954,20.3746],[15.9303,20.3993],[15.872,20.4602],[15.8138,20.5211],[15.7556,20.582],[15.6973,20.6429],[15.6695,20.6719],[15.5881,20.7328],[15.5702,20.7519],[15.5561,20.7737],[15.5442,20.799],[15.536,20.8441],[15.5443,20.8903],[15.569,20.9289],[15.6093,20.9507],[15.5928,20.9748],[15.5761,20.9993],[15.5593,21.0238],[15.5425,21.0483],[15.5258,21.0728],[15.5091,21.0973],[15.4922,21.1218],[15.4756,21.1463],[15.4588,21.1708],[15.442,21.1952],[15.4253,21.2198],[15.4085,21.2442],[15.3918,21.2687],[15.375,21.2932],[15.3583,21.3177],[15.3414,21.3422],[15.3248,21.3667],[15.301,21.4013],[15.2666,21.4407],[15.2475,21.4533],[15.2002,21.4765],[15.1845,21.4912],[15.1804,21.5073],[15.1801,21.5335],[15.1798,21.5532],[15.1788,21.6053],[15.1775,21.679],[15.1761,21.7634],[15.1746,21.8479],[15.1733,21.9216],[15.1724,21.9736],[15.172,21.9934],[15.1645,22.0337],[15.1563,22.0762],[15.1481,22.1187],[15.1361,22.1813],[15.1241,22.244],[15.1121,22.3066],[15.1,22.3693],[15.088,22.4319],[15.0759,22.4946],[15.064,22.5572],[15.0519,22.6199],[15.0399,22.6825],[15.028,22.7452],[15.0159,22.8078],[15.004,22.8704],[14.992,22.9331],[14.9799,22.9957],[14.9975,23.0038],[15.0552,23.03],[15.1129,23.0561],[15.1704,23.0823],[15.2281,23.1084],[15.2858,23.1345],[15.3435,23.1606],[15.4012,23.1868],[15.4588,23.2129],[15.5165,23.239],[15.5743,23.2652],[15.6319,23.2913],[15.6896,23.3175],[15.7472,23.3436],[15.8049,23.3698],[15.8625,23.3959],[15.9202,23.422],[15.9646,23.4422],[15.9851,23.4447],[16.0762,23.3996],[16.1998,23.3387],[16.3232,23.2777],[16.4468,23.2167],[16.5703,23.1557],[16.6938,23.0947],[16.8173,23.0337],[16.9409,22.9727],[17.0643,22.9118],[17.1879,22.8508],[17.3114,22.7898],[17.4348,22.7288],[17.5584,22.6678],[17.6819,22.6068],[17.8055,22.5458],[17.929,22.4848],[18.0525,22.4239],[18.176,22.3628],[18.2996,22.3018],[18.423,22.2409],[18.5466,22.1798],[18.6701,22.1188],[18.7936,22.0579],[18.9171,21.9968],[19.0407,21.9359],[19.1641,21.8749],[19.1858,21.8642],[19.2876,21.8139],[19.4111,21.7529],[19.5347,21.6919],[19.6583,21.6309],[19.7817,21.5699],[19.9053,21.5089],[20.0288,21.4479],[20.1523,21.3869],[20.2758,21.3259],[20.3994,21.265],[20.5228,21.2039],[20.6464,21.1429],[20.7699,21.082],[20.8933,21.0209],[21.0169,20.96],[21.1403,20.899],[21.264,20.838],[21.3875,20.777],[21.511,20.716],[21.6345,20.655],[21.7581,20.594],[21.8815,20.5331],[22.0051,20.472],[22.1286,20.4111],[22.2521,20.3501],[22.3756,20.2891],[22.4991,20.2281],[22.6226,20.1671],[22.7461,20.1061],[22.8696,20.0451],[22.9931,19.9841],[23.1168,19.9232],[23.2402,19.8621],[23.3638,19.8012],[23.4873,19.7402],[23.6108,19.6791],[23.7343,19.6181],[23.8578,19.5572],[23.9813,19.4961],[23.9815,19.2638],[23.9817,19.0316],[23.9819,18.7993],[23.9821,18.567],[23.9822,18.3348],[23.9824,18.1025],[23.9828,17.8702],[23.9829,17.6379],[23.9831,17.4057],[23.9833,17.1734],[23.9835,16.9411],[23.9837,16.7088],[23.9838,16.4765],[23.984,16.2442],[23.9843,16.0119],[23.9844,15.7797],[23.9844,15.7219],[23.9844,15.7212],[23.9726,15.6911],[23.9455,15.6922],[23.8291,15.731],[23.7075,15.7489],[23.5927,15.749],[23.5271,15.7352],[23.3958,15.6883],[23.3206,15.6813],[23.1668,15.7129],[23.1192,15.7072],[23.0946,15.7043],[23.0685,15.6867],[23.0045,15.6114],[22.9257,15.5639],[22.9067,15.5414],[22.8995,15.5102],[22.9068,15.4814],[22.9236,15.4556],[22.945,15.4331],[22.9665,15.4048],[22.9764,15.3736],[22.9784,15.3402],[22.9657,15.2239],[22.958,15.2016],[22.9133,15.1217],[22.9055,15.1126],[22.8716,15.0997],[22.8488,15.0875],[22.829,15.0716],[22.7389,14.9798],[22.7272,14.959],[22.722,14.9347],[22.721,14.9159],[22.7153,14.8994],[22.6955,14.8815],[22.6589,14.8574],[22.6508,14.8419],[22.6508,14.8162],[22.659,14.7613],[22.6646,14.7438],[22.6797,14.7118],[22.6814,14.7029],[22.6766,14.689],[22.6663,14.6817],[22.4654,14.6293],[22.4227,14.6091],[22.3823,14.5791],[22.3635,14.5435],[22.3864,14.5065],[22.4172,14.4841],[22.4249,14.4704],[22.4391,14.3629],[22.4424,14.3569],[22.4473,14.3516],[22.451,14.3458],[22.4499,14.3384],[22.4449,14.3334],[22.4313,14.3272],[22.427,14.323],[22.4181,14.3059],[22.4171,14.2981],[22.42,14.2862],[22.429,14.2646],[22.441,14.2499],[22.4577,14.2411],[22.5141,14.2315],[22.5319,14.2206],[22.5409,14.2012],[22.5477,14.169],[22.5464,14.1397],[22.5315,14.1226],[22.5082,14.1136],[22.4814,14.1085],[22.4587,14.0961],[22.4216,14.0621],[22.4023,14.0493],[22.2435,13.9754],[22.2147,13.9566],[22.1906,13.9328],[22.1808,13.9206],[22.0994,13.8194],[22.075,13.7803],[22.0737,13.7714],[22.0971,13.7498],[22.1129,13.7298],[22.1163,13.7152],[22.1143,13.6997],[22.1143,13.6774],[22.1321,13.6387],[22.1959,13.5805],[22.2106,13.5417],[22.2112,13.4842],[22.2156,13.465],[22.2286,13.4411],[22.264,13.3992],[22.276,13.3763],[22.2676,13.3346],[22.2323,13.289],[22.14,13.1935],[22.1234,13.1822],[22.0161,13.1402],[21.9984,13.1306],[21.9641,13.0983],[21.9351,13.0592],[21.853,12.9057],[21.8278,12.8311],[21.8118,12.8],[21.8094,12.7937],[21.8137,12.7823],[21.8409,12.7489],[21.8801,12.6763],[21.9008,12.6564],[21.936,12.6395],[21.9772,12.6318],[22.0197,12.6314],[22.0587,12.6367],[22.1059,12.6504],[22.1441,12.6713],[22.1762,12.7015],[22.2049,12.7434],[22.3301,12.6615],[22.4325,12.6238],[22.4457,12.6111],[22.3959,12.4961],[22.3728,12.4631],[22.3749,12.4509],[22.408,12.3998],[22.4814,12.1767],[22.484,12.1647],[22.4848,12.1525],[22.4838,12.1403],[22.4581,12.0304],[22.4645,12.033],[22.4705,12.0361],[22.4814,12.0443],[22.5465,12.0644],[22.5855,12.0714],[22.5989,12.0632],[22.6073,12.0777],[22.6124,12.0728],[22.6135,12.0572],[22.6105,12.0396],[22.5929,11.9889],[22.5371,11.6809],[22.5417,11.633],[22.5618,11.586],[22.5923,11.5437],[22.6281,11.5098],[22.6625,11.4931],[22.743,11.4661],[22.7688,11.4423],[22.7716,11.4333],[22.7719,11.4032],[22.7818,11.3989],[22.877,11.4088],[22.9004,11.4082],[22.9148,11.3961],[22.9283,11.3252],[22.9537,11.2509],[22.9545,11.2378],[22.9565,11.2088],[22.952,11.191],[22.9352,11.1559],[22.929,11.1379],[22.9257,11.1181],[22.9251,11.098],[22.9224,11.0871],[22.9065,11.0699],[22.9002,11.0599],[22.8611,10.9192],[22.806,10.9245],[22.7451,10.9438],[22.7199,10.9647],[22.6827,10.9741],[22.6732,10.9751],[22.6383,10.9741],[22.6282,10.9761],[22.6091,10.9852],[22.6008,10.9878],[22.577,10.9851],[22.5558,10.979],[22.5347,10.9805],[22.5119,11.0008],[22.5028,10.9922],[22.4908,10.9932],[22.4763,10.998],[22.4605,11.0008],[22.4471,10.9983],[22.4376,10.9916],[22.4192,10.9707],[22.407,10.9631],[22.3918,10.9585],[22.3647,10.9542],[22.3611,10.9536],[22.3394,10.9477],[22.3188,10.9394],[22.306,10.9326],[22.2872,10.916],[22.2765,10.9085],[22.2684,10.909],[22.253,10.9153],[22.2401,10.9059],[22.2294,10.892],[22.2006,10.8687],[22.1898,10.8373],[22.1764,10.8162],[22.1482,10.8308],[22.1324,10.8285],[22.0486,10.837],[22.0295,10.8287],[22.0183,10.8099],[22.0114,10.7893],[22.0049,10.7755],[22.0146,10.7546],[22.0039,10.7433],[21.9431,10.7283],[21.9256,10.7201],[21.895,10.6992],[21.8721,10.6776],[21.8684,10.6762],[21.8636,10.6679],[21.8528,10.6702],[21.8329,10.6799],[21.8226,10.6788],[21.8036,10.6737],[21.7954,10.6725],[21.7849,10.6693],[21.7788,10.6623],[21.7742,10.6552],[21.7684,10.652],[21.7534,10.6507],[21.7365,10.6462],[21.7226,10.6367],[21.7168,10.621],[21.7147,10.6014],[21.7055,10.5718],[21.7033,10.5524],[21.7055,10.532],[21.7147,10.4937],[21.7168,10.4773],[21.7205,10.468],[21.738,10.448],[21.7442,10.4391],[21.7444,10.4324],[21.7428,10.4258],[21.7436,10.419],[21.7511,10.4118],[21.7205,10.3608],[21.7168,10.3398],[21.7178,10.329],[21.7221,10.3142],[21.723,10.306],[21.7188,10.2966],[21.7089,10.2935],[21.6974,10.2924],[21.6889,10.2889],[21.677,10.2692],[21.6689,10.2492],[21.6563,10.2337],[21.6306,10.2274],[21.6253,10.2245],[21.5934,10.2145],[21.5897,10.2166],[21.5793,10.2123],[21.5667,10.2145],[21.5545,10.2187],[21.545,10.22],[21.5132,10.2005],[21.4854,10.1643],[21.4333,10.0461],[21.4069,10.0056],[21.3743,9.9731],[21.3395,9.9599],[21.3261,9.9628],[21.2851,9.9786],[21.2713,9.9872],[21.2569,9.9757],[21.2057,9.9168],[21.1984,9.903],[21.1954,9.8873],[21.1873,9.8851],[21.132,9.8494],[21.1217,9.8319],[21.1068,9.7955],[21.1059,9.7919],[21.1068,9.7781],[21.1052,9.774],[21.1016,9.7742],[21.097,9.7754],[21.0931,9.7743],[21.0803,9.7626],[21.0732,9.7576],[21.0658,9.7545],[21.0622,9.7562],[21.0529,9.7659],[21.0484,9.7682],[21.0427,9.7671],[21.0401,9.7648],[21.0391,9.7622],[21.0378,9.7607],[21.0323,9.758],[21.0256,9.7533],[21.0199,9.7479],[21.0174,9.7436],[21.0143,9.7245],[21.0001,9.6974],[20.9969,9.6822],[20.9961,9.6483],[20.99,9.6356],[20.9758,9.631],[20.9758,9.6242],[20.9801,9.6199],[20.9818,9.6168],[20.9831,9.6037],[20.9676,9.6106],[20.9623,9.6069],[20.9605,9.5981],[20.956,9.5894],[20.9343,9.5771],[20.9251,9.5696],[20.9212,9.559],[20.9127,9.5443],[20.8742,9.5025],[20.8638,9.4938],[20.8414,9.4844],[20.8343,9.4625],[20.8327,9.4373],[20.8261,9.4181],[20.8203,9.4162],[20.8139,9.4188],[20.8132,9.4191],[20.8067,9.4233],[20.802,9.4255],[20.7982,9.4234],[20.7924,9.414],[20.7883,9.4119],[20.7765,9.4078],[20.7711,9.3981],[20.7666,9.3866],[20.7579,9.3771],[20.7505,9.3845],[20.7409,9.3771],[20.6958,9.3635],[20.6549,9.343],[20.6679,9.302],[20.6167,9.302],[20.6097,9.3028],[20.5929,9.3082],[20.5923,9.3081],[20.5736,9.3091],[20.5723,9.3082],[20.5509,9.3203],[20.5418,9.3216],[20.5382,9.3119],[20.5373,9.2992],[20.5337,9.2896],[20.5264,9.2836],[20.5142,9.2815],[20.4961,9.2709],[20.5027,9.2474],[20.513,9.2239],[20.5072,9.2133],[20.4818,9.2047],[20.4676,9.1841],[20.4554,9.1593],[20.4352,9.1381],[20.4231,9.1432],[20.4124,9.1421],[20.4029,9.137],[20.3844,9.1236],[20.3783,9.1201],[20.3594,9.1164],[20.2768,9.1207],[20.257,9.1164],[20.2345,9.1346],[20.223,9.1419],[20.2126,9.145],[20.198,9.1405],[20.1695,9.1209],[20.1546,9.1164],[20.1376,9.1218],[20.1257,9.1338],[20.1171,9.1457],[20.1096,9.1512],[20.101,9.1481],[20.0996,9.1412],[20.1005,9.1341],[20.0994,9.1307],[20.0906,9.1311],[20.0769,9.1367],[20.0687,9.1381],[20.0605,9.1344],[20.0312,9.1102],[20.0284,9.1046],[20.0299,9.099],[20.0303,9.0939],[20.0243,9.0898],[20.0179,9.091],[20.0144,9.1063],[20.0069,9.1102],[20.0029,9.1085],[19.9995,9.1043],[19.9972,9.0986],[19.9963,9.0928],[19.993,9.0846],[19.9855,9.0832],[19.9765,9.0842],[19.969,9.0829],[19.9434,9.0659],[19.9321,9.0633],[19.9287,9.0626],[19.9145,9.0693],[19.9022,9.0518],[19.8895,9.0464],[19.8055,9.0511],[19.7847,9.0488],[19.7584,9.042],[19.7468,9.0413],[19.7382,9.0394],[19.714,9.0291],[19.709,9.0246],[19.7,9.0206],[19.6564,9.0213],[19.6401,9.014],[19.6136,9.0317],[19.5831,9.0253],[19.5538,9.0133],[19.5308,9.014],[19.5213,9.0088],[19.5158,9.0095],[19.5118,9.0123],[19.5066,9.014],[19.4302,9.0129],[19.421,9.0174],[19.3826,9.0032],[19.3694,9.0004],[19.3522,9.0021],[19.3333,9.0066],[19.3163,9.0131],[19.3048,9.0208],[19.2955,9.0095],[19.2858,9.0128],[19.2752,9.022],[19.2632,9.0283],[19.2534,9.028],[19.2329,9.0223],[19.192,9.0202],[19.1796,9.0153],[19.1746,9.0038],[19.1688,9.0022],[19.1421,9.0087],[19.1336,9.0072],[19.1267,9.0072],[19.1006,9.0153],[19.0607,9.0042],[19.0219,8.9852],[18.9995,8.9696],[18.9848,8.9564],[18.9785,8.9495],[18.9759,8.942],[18.9719,8.9382],[18.9521,8.932],[18.9364,8.9234],[18.9286,8.9217],[18.9229,8.9182],[18.9207,8.9079],[18.9177,8.8988],[18.9106,8.8942],[18.9014,8.894],[18.8927,8.8979],[18.8697,8.8641],[18.8698,8.8494],[18.8865,8.8358],[18.903,8.8448],[18.9097,8.8353],[18.9125,8.8184],[18.9173,8.8051],[18.9291,8.7965],[19.0487,8.7457],[19.0578,8.7297],[19.0735,8.7205],[19.1039,8.698],[19.1241,8.6751],[19.0915,8.6529],[19.0817,8.6372],[19.0723,8.6319],[19.0613,8.6256],[19.0205,8.5456],[18.9205,8.4321],[18.9104,8.413],[18.9013,8.3886],[18.8875,8.371],[18.8549,8.3398],[18.813,8.2764],[18.7912,8.2574],[18.7738,8.2486],[18.7151,8.2287],[18.6726,8.2075],[18.6386,8.1776],[18.6186,8.1387],[18.6179,8.0901],[18.5893,8.0479],[18.5083,8.0307],[18.0705,8.0192],[17.9772,7.9972],[17.8979,7.9675],[17.8588,7.9604],[17.8172,7.9621],[17.6798,7.9852],[17.6618,7.9863],[17.6399,7.985],[17.6207,7.9787],[17.6,7.9504],[17.5808,7.9406],[17.5598,7.9347],[17.5238,7.931],[17.5037,7.9262],[17.4872,7.9145],[17.4783,7.8918],[17.4664,7.8841],[17.4191,7.8982],[17.406,7.883],[17.3857,7.8705],[17.2509,7.8228],[17.2346,7.8116],[17.2338,7.8108],[17.2207,7.7982],[17.2145,7.7868],[17.2111,7.7683],[17.2046,7.7638],[17.1964,7.7652],[17.1886,7.7641],[17.1706,7.7475],[17.1355,7.7051],[17.1163,7.6869],[17.1019,7.6777],[17.0955,7.6782],[17.0903,7.6838],[17.0791,7.6899],[17.0594,7.6965],[17.0456,7.6847],[17.0411,7.6755],[17.0421,7.667],[17.039,7.6625],[17.0083,7.6676],[16.9975,7.6667],[16.989,7.6608],[16.9819,7.6487],[16.9627,7.6507],[16.9196,7.6441],[16.8807,7.6329],[16.8655,7.6244],[16.8548,7.6115],[16.8472,7.5916],[16.8481,7.5847],[16.8524,7.5803],[16.8558,7.5754],[16.8539,7.5675],[16.8504,7.5659],[16.8396,7.5674],[16.8367,7.5675],[16.8151,7.5495],[16.8129,7.5477],[16.8055,7.5437],[16.7824,7.5411],[16.7686,7.5502],[16.7467,7.5866],[16.7098,7.6278],[16.6869,7.6458],[16.6632,7.6574],[16.6245,7.6687],[16.6142,7.6796],[16.6099,7.7016],[16.6118,7.7139],[16.6162,7.7239],[16.6181,7.7343],[16.6131,7.7482],[16.6052,7.7572],[16.5964,7.7611],[16.5868,7.7636],[16.5764,7.7678],[16.5602,7.7797],[16.5493,7.7947],[16.5449,7.813],[16.5502,7.8435],[16.5508,7.8527],[16.5501,7.8617],[16.5487,7.87],[16.5092,7.8583],[16.4917,7.8492],[16.4757,7.8358],[16.4694,7.8258],[16.4572,7.7996],[16.4509,7.7921],[16.4374,7.7884],[16.4272,7.7915],[16.4182,7.7959],[16.4074,7.7961],[16.3922,7.7836],[16.387,7.7626],[16.3871,7.6947],[16.383,7.6807],[16.3708,7.6725],[16.2828,7.6601],[16.2619,7.6519],[16.2273,7.6256],[16.2072,7.6135],[16.1856,7.6108],[16.1627,7.6111],[16.1288,7.5995],[16.0652,7.5912],[16.043,7.5839],[16.0263,7.5749],[16.0123,7.5603],[15.9904,7.5294],[15.9757,7.5152],[15.9431,7.4953],[15.9253,7.4882],[15.7939,7.458],[15.7583,7.4556],[15.72,7.4686],[15.6685,7.5163],[15.6248,7.5197],[15.5519,7.5099],[15.5156,7.5122],[15.481,7.5233],[15.522,7.5761],[15.549,7.6308],[15.5622,7.6902],[15.5629,7.7924],[15.5408,7.7968],[15.5094,7.804],[15.4879,7.805],[15.4407,7.8394],[15.4065,7.9216],[15.3453,8.136],[15.2107,8.4218],[15.1837,8.4791],[15.1685,8.4986],[15.1107,8.5551],[15.0686,8.6239],[15.0519,8.6438],[15.0313,8.6587],[15.0058,8.6666],[14.9685,8.6722],[14.9551,8.6762],[14.9515,8.6828],[14.9515,8.6921],[14.9491,8.7043],[14.9401,8.7296],[14.9344,8.739],[14.9273,8.7451],[14.9199,8.7477],[14.9133,8.7524],[14.9083,8.7648],[14.8994,8.7743],[14.8599,8.8033],[14.846,8.811],[14.8367,8.813],[14.828,8.8132],[14.8192,8.8116],[14.8099,8.8086],[14.7939,8.8136],[14.5717,8.991],[14.3495,9.1684],[14.3311,9.2002],[14.3213,9.2432],[14.0365,9.5688],[13.9476,9.6378],[13.9459,9.6526],[14.0067,9.7393],[14.0885,9.8096],[14.1198,9.852],[14.1684,9.9477],[14.1706,9.9578],[14.1712,9.9676],[14.1735,9.975],[14.1817,9.9782],[14.1963,9.9791],[14.4405,9.9953],[14.7325,9.9238],[14.7726,9.9217],[14.8981,9.9605],[14.9441,9.9588],[15.0024,9.9451],[15.033,9.9429],[15.0612,9.9492],[15.0717,9.956],[15.0894,9.9722],[15.1007,9.9789],[15.1096,9.9815],[15.1555,9.9865],[15.2149,9.9841],[15.383,9.9302],[15.4394,9.9317],[15.6638,9.9861],[15.6812,9.9913],[15.6379,10.03],[15.6028,10.041],[15.5361,10.0805],[15.4901,10.1201],[15.4907,10.1244],[15.4764,10.1327],[15.4392,10.1852],[15.3014,10.3117],[15.2906,10.329],[15.2843,10.3493],[15.2822,10.3746],[15.2784,10.3943],[15.2688,10.4063],[15.2556,10.417],[15.2412,10.4329],[15.2272,10.4701],[15.2183,10.4872],[15.1982,10.4965],[15.1933,10.5012],[15.1866,10.5059],[15.1761,10.508],[15.1647,10.5091],[15.1536,10.512],[15.1444,10.5163],[15.1382,10.5217],[15.1317,10.5407],[15.1323,10.5654],[15.1384,10.5897],[15.1485,10.6073],[15.1499,10.6231],[15.1423,10.6472],[15.0659,10.7931],[15.0631,10.8308],[15.0756,10.8735],[15.079,10.8981],[15.0727,10.9158],[15.0625,10.9307],[15.0352,10.9946],[15.0288,11.0802],[15.0212,11.1825],[15.0283,11.2445],[15.0333,11.2603],[15.0564,11.2934],[15.0631,11.3099],[15.0623,11.32],[15.0578,11.3254],[15.0525,11.3298],[15.0494,11.3373],[15.0494,11.3487],[15.0543,11.3641],[15.0606,11.4161],[15.067,11.4356],[15.0761,11.4533],[15.1223,11.5032],[15.1356,11.5308],[15.1239,11.5632],[15.0958,11.5982],[15.0852,11.6159],[15.0694,11.6608],[15.0665,11.6806],[15.0683,11.7001],[15.0761,11.7215],[15.0798,11.7226],[15.0863,11.7222],[15.0931,11.7229],[15.0972,11.7277],[15.096,11.7341],[15.0853,11.744],[15.0836,11.7482],[15.0891,11.7576],[15.1054,11.7727],[15.1109,11.7829],[15.0863,11.8405],[15.0798,11.8512],[15.0628,11.8535],[15.051,11.8616],[15.0442,11.8773],[15.042,11.9024],[15.047,11.9102],[15.0566,11.9184],[15.0634,11.9273],[15.0594,11.9368],[15.0555,11.9425],[15.0506,11.9529],[15.0483,11.9628],[15.0525,11.9672],[15.0812,11.9717],[15.0768,11.9828],[15.0597,11.9973],[15.0494,12.0119],[15.0512,12.0242],[15.0537,12.0319],[15.0531,12.038],[15.0457,12.0461],[15.0406,12.0556],[15.0409,12.0676],[15.0446,12.0784],[15.0494,12.0846],[15.0304,12.1009],[15.0118,12.1086],[14.9938,12.1067],[14.9768,12.0941],[14.9648,12.0924],[14.9507,12.1033],[14.9287,12.1286],[14.9031,12.1459],[14.898,12.1528],[14.8948,12.1674],[14.8999,12.1718],[14.9074,12.1735],[14.9116,12.1801],[14.9101,12.1904],[14.9059,12.1956],[14.9009,12.2],[14.898,12.2075],[14.898,12.2195],[14.9031,12.2363],[14.9049,12.2484],[14.9063,12.318],[14.9083,12.3269],[14.8912,12.4027],[14.8775,12.4272],[14.8768,12.4316],[14.8785,12.4431],[14.8775,12.447],[14.8724,12.4504],[14.8659,12.4526],[14.8619,12.452],[14.8638,12.447],[14.8555,12.4545],[14.851,12.4552],[14.8496,12.457],[14.8502,12.4681],[14.852,12.4747],[14.8601,12.4901],[14.8638,12.4955],[14.8308,12.6182],[14.8192,12.6388],[14.7862,12.6312],[14.7688,12.6332],[14.7614,12.6494],[14.7587,12.6588],[14.7521,12.6689],[14.7433,12.6772],[14.7341,12.6804],[14.7288,12.6772],[14.7137,12.6525],[14.7021,12.669],[14.7168,12.7018],[14.7099,12.7182],[14.694,12.7237],[14.6645,12.716],[14.6481,12.7251],[14.6417,12.7309],[14.6243,12.7419],[14.6207,12.7479],[14.6203,12.7541],[14.6184,12.7592],[14.6106,12.7623],[14.604,12.7608],[14.5849,12.7464],[14.5753,12.7449],[14.5707,12.7504],[14.5694,12.7596],[14.5694,12.7694],[14.5607,12.7662],[14.5548,12.7669],[14.5511,12.7716],[14.549,12.7805],[14.549,12.8182],[14.531,12.8362],[14.5004,12.8591],[14.4901,12.8736],[14.4906,12.8863],[14.5061,12.9321],[14.5077,12.9524],[14.5047,12.969],[14.4963,12.9838],[14.4821,12.9988],[14.481,13.0005],[14.4354,13.0703],[14.4182,13.0811],[14.0649,13.078]]]}},{"type":"Feature","properties":{"ADM0_A3":"DZA","NAME":"Algeria"},"geometry":{"type":"Polygon","coordinates":[[[-4.8216,24.9951],[-4.9952,25.1021],[-5.1688,25.2092],[-5.3423,25.3162],[-5.516,25.4233],[-5.637,25.4945],[-5.6615,25.5089],[-5.8046,25.593],[-5.9723,25.6916],[-6.1399,25.7902],[-6.3075,25.8888],[-6.5054,26.0052],[-6.7033,26.1216],[-6.9012,26.2379],[-7.0991,26.3544],[-7.297,26.4707],[-7.4949,26.5872],[-7.6928,26.7035],[-7.8908,26.8199],[-8.0886,26.9362],[-8.2864,27.0527],[-8.4844,27.169],[-8.6824,27.2854],[-8.6824,27.3795],[-8.6824,27.4735],[-8.6824,27.5674],[-8.6824,27.6614],[-8.6824,27.7214],[-8.6824,27.7814],[-8.6824,27.8412],[-8.6824,27.9011],[-8.6824,27.9611],[-8.6824,28.021],[-8.6824,28.0809],[-8.6824,28.1409],[-8.6824,28.2008],[-8.6824,28.2607],[-8.6824,28.3206],[-8.6824,28.3805],[-8.6824,28.4405],[-8.6824,28.5004],[-8.6824,28.5603],[-8.6824,28.6202],[-8.6824,28.6659],[-8.6788,28.6928],[-8.6676,28.7117],[-8.6488,28.7259],[-8.5208,28.7871],[-8.4758,28.8188],[-8.4304,28.841],[-8.4178,28.8523],[-8.3835,28.9058],[-8.3685,28.9165],[-8.3333,28.9304],[-8.3168,28.9391],[-8.2505,28.9948],[-8.1823,29.0355],[-8.0697,29.0793],[-8.0363,29.0999],[-7.945,29.1762],[-7.8391,29.239],[-7.778,29.2893],[-7.73,29.3112],[-7.7147,29.3218],[-7.6536,29.3762],[-7.6195,29.3894],[-7.5727,29.3876],[-7.5285,29.3809],[-7.5061,29.3802],[-7.4841,29.3824],[-7.4633,29.3891],[-7.3496,29.3834],[-7.2588,29.4673],[-7.1469,29.5092],[-7.0701,29.5162],[-6.9582,29.5092],[-6.7835,29.4463],[-6.6996,29.5162],[-6.5599,29.5302],[-6.4131,29.5651],[-6.2733,29.5791],[-6.1266,29.5791],[-6.0008,29.5791],[-5.882,29.6001],[-5.7562,29.6141],[-5.7212,29.5232],[-5.6373,29.4953],[-5.5395,29.5232],[-5.4347,29.642],[-5.3438,29.7678],[-5.2739,29.8866],[-5.1761,29.9775],[-5.0713,30.0404],[-4.9594,30.1243],[-4.8756,30.1802],[-4.7707,30.2291],[-4.624,30.285],[-4.4842,30.3828],[-4.3724,30.5086],[-4.2745,30.5576],[-4.1557,30.5855],[-4.002,30.5925],[-3.8342,30.6275],[-3.6455,30.7113],[-3.6525,30.7742],[-3.6595,30.8371],[-3.6106,30.879],[-3.5547,30.9559],[-3.6087,31.0309],[-3.6101,31.0503],[-3.6145,31.068],[-3.6241,31.0865],[-3.6359,31.0957],[-3.6719,31.1109],[-3.6897,31.1256],[-3.7171,31.1633],[-3.7314,31.1763],[-3.7489,31.1802],[-3.7637,31.1734],[-3.793,31.1497],[-3.8108,31.1429],[-3.8275,31.1438],[-3.8393,31.1528],[-3.8428,31.1702],[-3.8362,31.1898],[-3.815,31.2205],[-3.8129,31.2434],[-3.8192,31.3189],[-3.8152,31.3372],[-3.8025,31.3506],[-3.7475,31.3852],[-3.6735,31.3892],[-3.6595,31.6478],[-3.5914,31.6783],[-3.5487,31.67],[-3.5116,31.6727],[-3.2192,31.7177],[-3.0026,31.7736],[-2.8278,31.7946],[-2.8698,31.8924],[-2.9387,32.0486],[-2.8812,32.0763],[-2.6956,32.0897],[-2.5161,32.1322],[-2.3786,32.1268],[-2.3152,32.1243],[-2.2434,32.1214],[-2.1651,32.1183],[-2.0819,32.1149],[-1.9955,32.1115],[-1.9076,32.108],[-1.82,32.1045],[-1.7343,32.1011],[-1.6524,32.0978],[-1.5758,32.0947],[-1.5063,32.0919],[-1.4456,32.0895],[-1.3954,32.0876],[-1.3574,32.0861],[-1.3334,32.0851],[-1.325,32.0847],[-1.2496,32.0817],[-1.2103,32.0897],[-1.1906,32.1252],[-1.1956,32.146],[-1.2118,32.1583],[-1.2327,32.1637],[-1.2518,32.1635],[-1.289,32.1509],[-1.3052,32.1512],[-1.3096,32.1674],[-1.3057,32.1737],[-1.2892,32.1849],[-1.283,32.1902],[-1.2766,32.2009],[-1.2752,32.2091],[-1.2755,32.2175],[-1.2734,32.2294],[-1.2575,32.3208],[-1.2441,32.3569],[-1.2342,32.3746],[-1.218,32.3926],[-1.2017,32.3999],[-1.1603,32.4049],[-1.1232,32.4179],[-1.09,32.4394],[-1.032,32.4944],[-1.0475,32.517],[-1.327,32.6989],[-1.3905,32.7188],[-1.4233,32.7424],[-1.5588,32.9337],[-1.5164,32.9595],[-1.5089,32.9663],[-1.503,32.9746],[-1.4988,32.984],[-1.4965,32.9943],[-1.4934,33.0162],[-1.4931,33.0395],[-1.4995,33.0602],[-1.5164,33.074],[-1.5455,33.0918],[-1.5714,33.112],[-1.5921,33.1366],[-1.6056,33.168],[-1.6236,33.1966],[-1.6742,33.238],[-1.6834,33.2708],[-1.6832,33.3692],[-1.6728,33.3946],[-1.6591,33.4198],[-1.6404,33.4755],[-1.6254,33.4942],[-1.6127,33.5215],[-1.6173,33.5544],[-1.6624,33.6447],[-1.6733,33.6565],[-1.6907,33.6673],[-1.7254,33.6777],[-1.7407,33.6866],[-1.7468,33.7024],[-1.7422,33.7178],[-1.7326,33.7279],[-1.7209,33.7364],[-1.7108,33.7471],[-1.7032,33.7618],[-1.7025,33.7728],[-1.713,33.802],[-1.7221,33.8512],[-1.7187,33.8981],[-1.6721,34.0592],[-1.6696,34.0792],[-1.6721,34.092],[-1.6748,34.106],[-1.7461,34.2903],[-1.7713,34.3347],[-1.8096,34.3725],[-1.703,34.4797],[-1.7142,34.4851],[-1.7507,34.4942],[-1.8711,34.5966],[-1.863,34.6136],[-1.8105,34.6807],[-1.7861,34.7258],[-1.7731,34.7341],[-1.7695,34.7413],[-1.7877,34.7567],[-1.8928,34.8117],[-1.9267,34.8381],[-1.9797,34.8653],[-1.9935,34.8789],[-1.9984,34.8927],[-1.9997,34.9063],[-2.0036,34.9182],[-2.0163,34.9262],[-2.0612,34.9297],[-2.0949,34.9477],[-2.126,34.9719],[-2.1633,34.994],[-2.1938,35.0036],[-2.2117,35.0234],[-2.2211,35.05],[-2.2226,35.0893],[-2.2001,35.0961],[-2.1961,35.0949],[-2.1926,35.0945],[-2.1894,35.093],[-2.1864,35.0887],[-2.1569,35.101],[-2.1222,35.0947],[-2.0861,35.082],[-2.0524,35.075],[-1.9877,35.0825],[-1.9648,35.0762],[-1.9565,35.075],[-1.9498,35.0771],[-1.9325,35.0887],[-1.8387,35.1109],[-1.8127,35.1265],[-1.8044,35.1281],[-1.7742,35.1273],[-1.7611,35.1296],[-1.7456,35.1388],[-1.7128,35.1706],[-1.6488,35.1884],[-1.6377,35.1945],[-1.6295,35.2122],[-1.5104,35.2955],[-1.4909,35.301],[-1.3959,35.3094],[-1.3695,35.3159],[-1.364,35.3183],[-1.359,35.3222],[-1.3327,35.3494],[-1.3138,35.3537],[-1.2948,35.3646],[-1.2786,35.378],[-1.2677,35.3903],[-1.2592,35.4103],[-1.2473,35.4577],[-1.237,35.4757],[-1.2254,35.4913],[-1.1903,35.5661],[-1.1833,35.5765],[-1.1715,35.581],[-1.148,35.5821],[-1.1428,35.5869],[-1.117,35.6169],[-1.1064,35.6232],[-1.0828,35.6374],[-1.0521,35.661],[-1.0404,35.6764],[-1.0329,35.6826],[-0.9967,35.6896],[-0.9777,35.6998],[-0.9615,35.7112],[-0.9463,35.7193],[-0.9227,35.7252],[-0.9102,35.7243],[-0.9047,35.7159],[-0.8994,35.7118],[-0.8876,35.716],[-0.8495,35.7343],[-0.825,35.7685],[-0.8017,35.7739],[-0.7935,35.7701],[-0.7861,35.7631],[-0.7772,35.7564],[-0.764,35.7534],[-0.754,35.7523],[-0.7345,35.7472],[-0.7231,35.746],[-0.7113,35.743],[-0.7059,35.7357],[-0.7013,35.7269],[-0.6925,35.7193],[-0.6826,35.7174],[-0.6445,35.7193],[-0.6265,35.723],[-0.6061,35.7309],[-0.5893,35.7425],[-0.5773,35.7708],[-0.5651,35.7724],[-0.5513,35.769],[-0.5409,35.7678],[-0.5304,35.7729],[-0.5234,35.7797],[-0.477,35.8594],[-0.4761,35.8701],[-0.4784,35.8729],[-0.4803,35.8791],[-0.4808,35.8857],[-0.4795,35.89],[-0.4738,35.8913],[-0.468,35.8887],[-0.4629,35.8852],[-0.4591,35.8838],[-0.449,35.8843],[-0.4281,35.8828],[-0.418,35.8838],[-0.3761,35.9003],[-0.3485,35.907],[-0.3362,35.9008],[-0.3315,35.8896],[-0.3207,35.8841],[-0.3092,35.8812],[-0.3019,35.8776],[-0.2985,35.8672],[-0.3046,35.8535],[-0.3019,35.8428],[-0.2856,35.8283],[-0.2594,35.8175],[-0.1881,35.8052],[-0.1451,35.7904],[-0.1239,35.7869],[-0.1137,35.7888],[-0.0831,35.7944],[-0.0385,35.8133],[0.0029,35.838],[0.0345,35.8633],[0.07,35.9218],[0.0802,35.947],[0.114,36.0102],[0.1224,36.0334],[0.1238,36.0446],[0.1273,36.0508],[0.1356,36.0556],[0.1455,36.06],[0.154,36.065],[0.2022,36.1065],[0.2195,36.1165],[0.2835,36.1344],[0.2944,36.1408],[0.2991,36.1474],[0.3211,36.1589],[0.3293,36.165],[0.3328,36.1738],[0.3376,36.1975],[0.3423,36.206],[0.36,36.2139],[0.3845,36.218],[0.4284,36.2196],[0.4513,36.2232],[0.4683,36.2322],[0.4832,36.2436],[0.5567,36.2841],[0.5946,36.2932],[0.6118,36.3055],[0.6272,36.3192],[0.6441,36.3288],[0.6633,36.3326],[0.7404,36.3378],[0.7533,36.3386],[0.7687,36.3447],[0.8023,36.3636],[0.8648,36.3774],[0.8805,36.3872],[0.8909,36.3964],[0.9138,36.4091],[0.9251,36.4182],[0.9295,36.4259],[0.9321,36.4346],[0.9363,36.4436],[0.9456,36.4523],[0.9626,36.4582],[1.0071,36.4669],[1.0448,36.4869],[1.117,36.4871],[1.1388,36.4934],[1.1787,36.5109],[1.2026,36.5144],[1.2455,36.5136],[1.2655,36.5153],[1.2883,36.5212],[1.3467,36.545],[1.3677,36.5479],[1.386,36.5452],[1.4295,36.5322],[1.4528,36.528],[1.4763,36.529],[1.5174,36.5387],[1.7009,36.5472],[1.7166,36.5479],[1.7267,36.55],[1.7502,36.5591],[1.7612,36.5616],[1.77,36.5605],[1.7915,36.5555],[1.8029,36.5554],[1.8576,36.5675],[1.9138,36.5702],[1.9605,36.5622],[1.9728,36.5616],[2.0599,36.5701],[2.3098,36.6305],[2.3296,36.6373],[2.3516,36.6383],[2.3733,36.6339],[2.3919,36.6243],[2.3982,36.6153],[2.4002,36.6062],[2.4041,36.5992],[2.416,36.5963],[2.4268,36.5953],[2.4473,36.5906],[2.457,36.5895],[2.6008,36.5963],[2.633,36.6051],[2.7275,36.6652],[2.793,36.6929],[2.8187,36.7109],[2.8436,36.7404],[2.8499,36.7541],[2.8757,36.7748],[2.9331,36.8086],[2.9771,36.8159],[2.9849,36.815],[3.0142,36.8117],[3.0479,36.795],[3.074,36.7714],[3.1018,36.7519],[3.1401,36.7416],[3.1733,36.7426],[3.1794,36.7428],[3.2105,36.7574],[3.2212,36.7714],[3.2261,36.7862],[3.2273,36.8123],[3.2378,36.8131],[3.303,36.7888],[3.3405,36.7807],[3.4607,36.7751],[3.4805,36.7772],[3.5191,36.7866],[3.5398,36.7888],[3.5505,36.7914],[3.5581,36.7977],[3.5643,36.8043],[3.5706,36.8086],[3.5804,36.81],[3.6018,36.8081],[3.6121,36.8086],[3.6497,36.824],[3.7095,36.8732],[3.7419,36.8912],[3.8275,36.9129],[3.8739,36.9172],[3.9126,36.9116],[3.9483,36.8933],[3.964,36.8912],[3.9749,36.8923],[3.9964,36.8969],[4.0314,36.8978],[4.0395,36.8969],[4.0855,36.8921],[4.1048,36.8837],[4.1465,36.9018],[4.1595,36.9042],[4.1716,36.9022],[4.197,36.8933],[4.2105,36.8912],[4.2228,36.8942],[4.2493,36.9079],[4.262,36.9116],[4.2786,36.9105],[4.306,36.9005],[4.3203,36.898],[4.4407,36.9116],[4.453,36.9101],[4.4681,36.906],[4.4824,36.9005],[4.492,36.8946],[4.5041,36.8893],[4.5364,36.8886],[4.5505,36.8837],[4.5816,36.8949],[4.5915,36.8952],[4.6229,36.8964],[4.698,36.8912],[4.7691,36.898],[4.7871,36.8954],[4.9499,36.8398],[4.9683,36.8257],[4.9736,36.8189],[4.9857,36.8171],[4.9995,36.8171],[5.0093,36.8161],[5.0164,36.811],[5.0252,36.7987],[5.0291,36.795],[5.0459,36.7885],[5.0656,36.7835],[5.0862,36.7808],[5.1048,36.7813],[5.0848,36.7326],[5.0902,36.7168],[5.1184,36.6994],[5.2359,36.6509],[5.2691,36.6441],[5.3044,36.643],[5.3724,36.6509],[5.4281,36.6639],[5.4338,36.6652],[5.4649,36.6652],[5.4696,36.6677],[5.4822,36.6802],[5.4891,36.6851],[5.5291,36.6977],[5.549,36.7097],[5.5628,36.746],[5.5762,36.7614],[5.5939,36.7739],[5.612,36.7813],[5.6559,36.7918],[5.6746,36.7996],[5.7105,36.8255],[5.7337,36.8323],[5.7588,36.8334],[5.8278,36.8218],[5.8688,36.8229],[6.0371,36.8536],[6.197,36.9023],[6.2357,36.9212],[6.2568,36.9458],[6.2586,36.9668],[6.2547,36.9833],[6.2544,36.999],[6.2669,37.0178],[6.2744,37.0242],[6.3146,37.0487],[6.3289,37.0619],[6.3387,37.0693],[6.3716,37.0835],[6.4158,37.093],[6.4624,37.0939],[6.5027,37.083],[6.5386,37.0604],[6.5442,37.0588],[6.5447,37.0486],[6.547,37.0412],[6.5523,37.0367],[6.5613,37.0351],[6.5728,37.0278],[6.5833,36.9898],[6.5995,36.9731],[6.6141,36.9779],[6.6316,36.9724],[6.6511,36.9639],[6.6712,36.9594],[6.822,36.9526],[6.8348,36.9491],[6.8528,36.9403],[6.8696,36.9292],[6.8801,36.9184],[6.8796,36.9021],[6.9094,36.8931],[6.9486,36.89],[6.9756,36.8912],[7.0645,36.9133],[7.0923,36.9259],[7.1081,36.9203],[7.1333,36.9153],[7.157,36.9147],[7.1675,36.9222],[7.1764,36.9319],[7.2188,36.9608],[7.2329,36.9669],[7.239,36.9715],[7.2471,36.9823],[7.2542,36.9947],[7.2573,37.0041],[7.2555,37.0154],[7.2505,37.0231],[7.2111,37.057],[7.1817,37.0767],[7.1817,37.083],[7.1927,37.0843],[7.2122,37.0893],[7.2227,37.0898],[7.2328,37.0872],[7.2513,37.0786],[7.2605,37.0767],[7.2627,37.076],[7.2664,37.0747],[7.2707,37.071],[7.2748,37.0693],[7.281,37.0731],[7.2883,37.0803],[7.2927,37.0825],[7.2977,37.083],[7.3073,37.0801],[7.3259,37.0712],[7.3359,37.0693],[7.3444,37.0714],[7.37,37.083],[7.3835,37.083],[7.3862,37.0821],[7.3869,37.0781],[7.3941,37.0693],[7.3982,37.058],[7.4046,37.0516],[7.4182,37.0488],[7.4383,37.0486],[7.4471,37.0466],[7.4561,37.042],[7.4724,37.05],[7.4902,37.055],[7.5261,37.0331],[7.5559,37.0079],[7.5889,36.9876],[7.6336,36.9805],[7.6434,36.9827],[7.6522,36.9862],[7.6619,36.9885],[7.6745,36.9868],[7.6858,36.9824],[7.696,36.977],[7.7048,36.9705],[7.7127,36.9632],[7.7608,36.9669],[7.7708,36.9701],[7.7891,36.9866],[7.7986,36.9936],[7.791,36.9732],[7.7786,36.9511],[7.7743,36.9315],[7.7912,36.9184],[7.7734,36.89],[7.7738,36.8898],[7.8099,36.8681],[7.8665,36.8544],[7.9085,36.8496],[8.05,36.8776],[8.073,36.8874],[8.093,36.9018],[8.2332,36.9581],[8.2512,36.9487],[8.2687,36.9337],[8.2881,36.9259],[8.3333,36.9278],[8.356,36.9259],[8.374,36.9184],[8.3888,36.9232],[8.4016,36.9186],[8.4144,36.9102],[8.4287,36.9042],[8.4632,36.9016],[8.4976,36.9042],[8.6019,36.9394],[8.6025,36.9395],[8.6057,36.913],[8.6048,36.901],[8.6082,36.8907],[8.6426,36.8485],[8.6417,36.8364],[8.6238,36.8261],[8.5545,36.8036],[8.5201,36.7979],[8.4827,36.8],[8.444,36.7962],[8.4131,36.7839],[8.4067,36.768],[8.4416,36.7532],[8.4618,36.7328],[8.4532,36.6977],[8.4304,36.6626],[8.4079,36.6426],[8.2869,36.5834],[8.2223,36.5638],[8.1935,36.549],[8.1699,36.5258],[8.1679,36.492],[8.1679,36.4914],[8.2088,36.4778],[8.2956,36.4687],[8.3149,36.4606],[8.3338,36.4564],[8.3492,36.4488],[8.3577,36.4304],[8.3597,36.4112],[8.3581,36.3699],[8.3554,36.3561],[8.3544,36.3509],[8.3071,36.2436],[8.3023,36.2023],[8.3071,36.1825],[8.3145,36.1639],[8.3171,36.1459],[8.308,36.127],[8.2967,36.1104],[8.2756,36.0368],[8.2724,35.9817],[8.2684,35.9699],[8.2472,35.9073],[8.2414,35.8277],[8.2458,35.7853],[8.2577,35.7503],[8.3066,35.6849],[8.3236,35.6522],[8.3272,35.6214],[8.337,35.5379],[8.3367,35.5084],[8.3009,35.4375],[8.29,35.4026],[8.2879,35.3661],[8.2944,35.3251],[8.3174,35.2895],[8.3552,35.2743],[8.3969,35.2637],[8.4313,35.2417],[8.4214,35.2221],[8.3609,35.1459],[8.3137,35.1031],[8.3005,35.0677],[8.2829,34.994],[8.259,34.9407],[8.2489,34.902],[8.2507,34.8647],[8.2693,34.7639],[8.2666,34.7503],[8.2587,34.7413],[8.2574,34.7397],[8.2252,34.7117],[8.2134,34.6967],[8.2106,34.6812],[8.2365,34.6477],[8.2288,34.6364],[8.1929,34.6177],[8.1866,34.6096],[8.1795,34.5922],[8.1752,34.5853],[8.1672,34.5786],[8.1437,34.5667],[8.1025,34.5364],[8.0941,34.5301],[7.9991,34.4942],[7.9573,34.4694],[7.8706,34.4379],[7.8315,34.4144],[7.8119,34.3793],[7.7743,34.261],[7.7653,34.2447],[7.7528,34.2321],[7.7339,34.2238],[7.6703,34.2153],[7.6315,34.1991],[7.6041,34.1755],[7.5796,34.1485],[7.5392,34.1138],[7.5175,34.095],[7.5037,34.068],[7.5006,33.9943],[7.4798,33.8939],[7.4849,33.855],[7.4985,33.8],[7.5055,33.7828],[7.5342,33.7362],[7.5444,33.6842],[7.553,33.6587],[7.6166,33.566],[7.6932,33.4541],[7.7082,33.4149],[7.7083,33.4107],[7.7097,33.2782],[7.725,33.2314],[7.7507,33.2077],[7.7875,33.1983],[7.8355,33.1945],[7.872,33.1841],[7.9827,33.1168],[8.0022,33.1084],[8.0226,33.103],[8.0436,33.1018],[8.0645,33.1058],[8.0868,33.0943],[8.1814,32.9698],[8.2829,32.8364],[8.2964,32.8044],[8.31,32.6639],[8.3196,32.5606],[8.3313,32.5276],[8.3326,32.5264],[8.36,32.501],[8.4827,32.4348],[8.6423,32.3367],[8.8515,32.2082],[9.0199,32.1049],[9.0337,32.0908],[9.045,32.0718],[9.0633,32.0002],[9.066,31.9897],[9.0945,31.8796],[9.1227,31.7695],[9.1512,31.6596],[9.1795,31.5495],[9.2078,31.4394],[9.2362,31.3294],[9.2644,31.2193],[9.293,31.1093],[9.3213,30.9992],[9.3496,30.8892],[9.3779,30.7792],[9.4063,30.6691],[9.4348,30.5591],[9.4631,30.449],[9.4914,30.339],[9.5197,30.2289],[9.2865,30.1171],[9.31,30.0844],[9.3695,30.0228],[9.4217,29.9687],[9.5497,29.8023],[9.6677,29.6083],[9.7469,29.3684],[9.8261,29.1285],[9.8483,28.9757],[9.8513,28.786],[9.8273,28.6186],[9.777,28.2676],[9.7899,28.2094],[9.9359,27.8667],[9.9343,27.8274],[9.9313,27.8186],[9.8634,27.6192],[9.8466,27.5993],[9.8185,27.5857],[9.7939,27.5697],[9.7971,27.5489],[9.8117,27.5265],[9.8216,27.5057],[9.8136,27.4865],[9.7705,27.4442],[9.7563,27.423],[9.7431,27.3641],[9.7265,27.3247],[9.7219,27.3085],[9.7213,27.2919],[9.8061,27.0251],[9.8255,26.9206],[9.8351,26.901],[9.8461,26.892],[9.8908,26.8696],[9.9067,26.8575],[9.9106,26.8431],[9.8855,26.7366],[9.8826,26.7018],[9.8941,26.674],[9.8963,26.6528],[9.8546,26.5244],[9.8358,26.5042],[9.4826,26.3526],[9.4814,26.3326],[9.4776,26.3156],[9.4689,26.301],[9.4348,26.272],[9.4165,26.2323],[9.4025,26.2162],[9.3778,26.1689],[9.4012,26.1134],[9.5413,25.9364],[9.694,25.7435],[9.8167,25.5885],[9.9695,25.3954],[10.0079,25.3314],[10.0214,25.268],[10.0255,25.1364],[10.03,24.9951],[10.032,24.8563],[10.0445,24.8296],[10.1934,24.7499],[10.2122,24.7229],[10.2297,24.6299],[10.2422,24.5951],[10.2603,24.5766],[10.3918,24.48],[10.4105,24.4733],[10.4502,24.4769],[10.5668,24.5165],[10.6774,24.5539],[10.6991,24.5561],[10.7207,24.5523],[10.9114,24.4945],[11.15,24.4223],[11.4672,24.3263],[11.5086,24.3138],[11.5414,24.2975],[11.5671,24.2668],[11.6365,24.1376],[11.7086,24.003],[11.7101,24.0001],[11.8223,23.7906],[11.8924,23.6601],[11.9689,23.5174],[11.9009,23.4772],[11.8327,23.437],[11.7647,23.3969],[11.6967,23.3568],[11.6286,23.3167],[11.5605,23.2766],[11.4926,23.2365],[11.4245,23.1964],[11.3564,23.1563],[11.2885,23.1162],[11.2204,23.0761],[11.1523,23.0359],[11.0844,22.9958],[11.0163,22.9557],[10.9481,22.9155],[10.88,22.8754],[10.812,22.8353],[10.7439,22.7952],[10.6758,22.755],[10.6078,22.7149],[10.5398,22.6749],[10.4717,22.6347],[10.4038,22.5946],[10.3357,22.5545],[10.2676,22.5143],[10.1996,22.4742],[10.1316,22.4341],[10.0634,22.394],[9.9954,22.3539],[9.9274,22.3138],[9.8593,22.2737],[9.7913,22.2336],[9.7233,22.1934],[9.6552,22.1533],[9.5872,22.1132],[9.5191,22.0731],[9.4511,22.0329],[9.3831,21.9928],[9.315,21.9527],[9.247,21.9126],[9.179,21.8725],[9.1108,21.8324],[9.0428,21.7923],[8.9748,21.7521],[8.9067,21.7121],[8.8386,21.6719],[8.7706,21.6318],[8.7025,21.5917],[8.6345,21.5515],[8.5664,21.5114],[8.4984,21.4713],[8.4303,21.4311],[8.3623,21.391],[8.2943,21.3509],[8.2261,21.3108],[8.158,21.2707],[8.0901,21.2306],[8.022,21.1905],[7.9539,21.1504],[7.886,21.1102],[7.8179,21.0701],[7.7498,21.03],[7.6819,20.9898],[7.6138,20.9497],[7.4827,20.8726],[7.3836,20.7917],[7.3123,20.7335],[7.2409,20.6752],[7.1695,20.617],[7.098,20.5587],[7.0205,20.4954],[6.9828,20.4636],[6.9251,20.414],[6.8621,20.3597],[6.799,20.3055],[6.7361,20.2513],[6.673,20.1971],[6.61,20.1429],[6.5469,20.0886],[6.4838,20.0344],[6.4209,19.9802],[6.3578,19.9259],[6.2947,19.8717],[6.2317,19.8175],[6.1686,19.7632],[6.1056,19.709],[6.0426,19.6547],[5.9794,19.6005],[5.9164,19.5463],[5.8376,19.4786],[5.7943,19.4498],[5.7493,19.4337],[5.6205,19.409],[5.5208,19.3899],[5.3018,19.348],[5.0828,19.306],[4.9832,19.287],[4.7945,19.2508],[4.6058,19.2146],[4.4172,19.1784],[4.2286,19.1422],[4.0576,19.1104],[3.8865,19.0786],[3.7903,19.0608],[3.7156,19.0469],[3.5446,19.0151],[3.4398,18.9956],[3.4397,18.9956],[3.3587,18.9769],[3.3331,18.9756],[3.3184,18.9777],[3.3084,18.9817],[3.2849,18.9957],[3.226,19.0511],[3.1798,19.07],[3.1586,19.0816],[3.1388,19.096],[3.1209,19.1128],[3.1041,19.1355],[3.1027,19.1536],[3.1118,19.1713],[3.1266,19.1934],[3.1342,19.2129],[3.1393,19.2219],[3.1527,19.2302],[3.1744,19.2516],[3.1789,19.2687],[3.1838,19.3075],[3.1929,19.3258],[3.2115,19.3409],[3.2327,19.3518],[3.251,19.3655],[3.2608,19.3883],[3.2582,19.4104],[3.2475,19.4265],[3.2348,19.4413],[3.226,19.4597],[3.2262,19.4692],[3.2317,19.489],[3.2323,19.4955],[3.2281,19.5042],[3.2229,19.5081],[3.2175,19.5112],[3.2122,19.5172],[3.1994,19.5538],[3.1983,19.5924],[3.2168,19.7941],[3.2128,19.8078],[3.1988,19.8205],[3.1832,19.8277],[3.147,19.8379],[3.1305,19.8452],[3.0726,19.8889],[2.946,19.9417],[2.6718,19.9962],[2.6169,19.9984],[2.5257,20.0152],[2.5148,20.0159],[2.4954,20.0201],[2.4593,20.0388],[2.4399,20.0461],[2.4157,20.0513],[2.4004,20.0566],[2.3887,20.0674],[2.3482,20.1376],[2.3165,20.1802],[2.2796,20.2179],[2.2182,20.2641],[2.2008,20.2739],[2.1824,20.2785],[2.1613,20.2749],[2.1382,20.2607],[2.0975,20.2242],[2.0712,20.2133],[2.0563,20.215],[1.9934,20.2359],[1.9834,20.2419],[1.9756,20.2484],[1.9671,20.2534],[1.9553,20.2549],[1.9412,20.2511],[1.9243,20.2361],[1.9134,20.2311],[1.8914,20.2318],[1.8838,20.2441],[1.8803,20.2631],[1.8706,20.2835],[1.855,20.2948],[1.8389,20.2959],[1.8209,20.2936],[1.7992,20.2949],[1.7781,20.3043],[1.6592,20.3975],[1.6492,20.4121],[1.6501,20.487],[1.644,20.5227],[1.6237,20.5513],[1.5597,20.5975],[1.5204,20.617],[1.4835,20.6226],[1.4658,20.6335],[1.4475,20.6387],[1.4072,20.645],[1.364,20.6577],[1.3469,20.6691],[1.3315,20.6879],[1.3105,20.7227],[1.2967,20.7335],[1.2733,20.7394],[1.2523,20.739],[1.2125,20.7309],[1.1913,20.7306],[1.1685,20.7335],[1.1546,20.7388],[1.1472,20.7514],[1.1446,20.7763],[1.1453,20.7959],[1.1675,20.886],[1.1801,20.9953],[1.1779,21.0173],[1.1593,21.0815],[1.1465,21.1017],[1.0293,21.1783],[0.9426,21.235],[0.856,21.2917],[0.7694,21.3483],[0.6827,21.4049],[0.5961,21.4616],[0.5095,21.5183],[0.4228,21.575],[0.3362,21.6316],[0.2495,21.6882],[0.163,21.7448],[0.0763,21.8015],[0.0037,21.8489],[-0.0104,21.8581],[-0.097,21.9148],[-0.1837,21.9715],[-0.2704,22.0281],[-0.357,22.0848],[-0.4437,22.1414],[-0.5303,22.1981],[-0.6169,22.2548],[-0.7036,22.3114],[-0.7903,22.368],[-0.8769,22.4246],[-0.9636,22.4813],[-1.0502,22.538],[-1.1369,22.5946],[-1.2235,22.6513],[-1.3101,22.708],[-1.3968,22.7646],[-1.4835,22.8212],[-1.5701,22.8779],[-1.6567,22.9346],[-1.7433,22.9912],[-1.83,23.0478],[-1.9166,23.1045],[-2.0033,23.161],[-2.0899,23.2178],[-2.1766,23.2744],[-2.2632,23.3311],[-2.3499,23.3877],[-2.4365,23.4444],[-2.5232,23.501],[-2.6098,23.5577],[-2.6964,23.6143],[-2.7831,23.671],[-2.8698,23.7276],[-2.9564,23.7842],[-3.0431,23.8409],[-3.1296,23.8976],[-3.2095,23.9497],[-3.2891,24.0018],[-3.3688,24.054],[-3.4485,24.106],[-3.5283,24.1581],[-3.608,24.2102],[-3.6876,24.2623],[-3.7673,24.3144],[-3.847,24.3666],[-3.9267,24.4187],[-4.0065,24.4708],[-4.0862,24.5229],[-4.1659,24.575],[-4.2455,24.6271],[-4.3252,24.6792],[-4.4049,24.7313],[-4.516,24.804],[-4.5924,24.8517],[-4.6687,24.8993],[-4.7449,24.9471],[-4.8212,24.9948],[-4.8214,24.9948],[-4.8215,24.995],[-4.8216,24.9951]]]}},{"type":"Feature","properties":{"ADM0_A3":"CMR","NAME":"Cameroon"},"geometry":{"type":"Polygon","coordinates":[[[11.3221,2.1658],[11.023,2.1657],[10.7238,2.1657],[10.4247,2.1657],[10.4097,2.1657],[10.19,2.1656],[10.1256,2.1656],[9.991,2.1656],[9.9707,2.1689],[9.9075,2.2005],[9.8901,2.2046],[9.8721,2.2112],[9.8468,2.2285],[9.8237,2.249],[9.8109,2.2649],[9.8087,2.2855],[9.8119,2.3062],[9.8111,2.3249],[9.7996,2.3417],[9.8122,2.3536],[9.8122,2.3598],[9.8192,2.3769],[9.8229,2.5629],[9.8532,2.697],[9.8705,2.7381],[9.8743,2.7545],[9.8778,2.8814],[9.888,2.9269],[9.9033,2.9683],[9.922,2.9973],[9.9434,3.0231],[9.9557,3.0505],[9.958,3.0822],[9.9197,3.2281],[9.9021,3.2517],[9.9021,3.258],[9.9116,3.2577],[9.918,3.2595],[9.9295,3.2648],[9.9295,3.2716],[9.9139,3.2703],[9.9031,3.2729],[9.895,3.2783],[9.888,3.2852],[9.8815,3.2943],[9.8553,3.3436],[9.7809,3.4368],[9.739,3.4731],[9.6421,3.539],[9.6642,3.5439],[9.6887,3.5561],[9.7708,3.6187],[9.7928,3.6272],[9.8196,3.6279],[9.7876,3.6371],[9.7596,3.6262],[9.7337,3.6093],[9.7069,3.6005],[9.6384,3.5944],[9.6262,3.6],[9.6213,3.6128],[9.626,3.6265],[9.6421,3.6347],[9.6126,3.705],[9.5651,3.7709],[9.5515,3.7962],[9.5459,3.8196],[9.571,3.7955],[9.5767,3.7923],[9.5816,3.7878],[9.5896,3.7661],[9.5942,3.7582],[9.6069,3.7523],[9.6243,3.7502],[9.6626,3.7507],[9.6525,3.756],[9.6211,3.765],[9.611,3.7706],[9.6071,3.7747],[9.6043,3.78],[9.5974,3.7889],[9.5892,3.8096],[9.5921,3.8352],[9.6038,3.859],[9.6211,3.8748],[9.659,3.841],[9.6797,3.8361],[9.6898,3.8606],[9.7235,3.8438],[9.7363,3.8342],[9.7445,3.8196],[9.7503,3.8303],[9.7505,3.8408],[9.7459,3.8509],[9.7383,3.8606],[9.7415,3.861],[9.752,3.8606],[9.7049,3.8775],[9.6829,3.8904],[9.6763,3.909],[9.6892,3.9224],[9.715,3.9313],[9.7433,3.9359],[9.7644,3.9363],[9.7643,3.9407],[9.763,3.9438],[9.7581,3.95],[9.7608,3.9514],[9.763,3.9512],[9.7644,3.9523],[9.7644,3.9575],[9.6648,3.9404],[9.6346,3.9432],[9.6189,3.9604],[9.6237,3.9858],[9.6399,4.0088],[9.6592,4.0189],[9.6756,4.0338],[9.7189,4.0996],[9.7483,4.1144],[9.7525,4.1198],[9.7568,4.1298],[9.7546,4.1357],[9.7383,4.1287],[9.7195,4.1149],[9.7109,4.1057],[9.7035,4.0939],[9.6966,4.0939],[9.6966,4.1144],[9.6789,4.101],[9.6463,4.0515],[9.6284,4.0319],[9.6066,4.0207],[9.5794,4.013],[9.5593,4.0168],[9.5596,4.0394],[9.5459,4.0257],[9.5266,4.0358],[9.5086,4.0542],[9.4985,4.0772],[9.5042,4.1008],[9.4901,4.1159],[9.4785,4.1114],[9.4504,4.0803],[9.4529,4.077],[9.4573,4.0711],[9.4652,4.0681],[9.4743,4.0661],[9.4844,4.0599],[9.4854,4.0553],[9.4956,4.0315],[9.507,4.0195],[9.5236,4.0061],[9.5325,3.9894],[9.5186,3.9704],[9.5042,3.9761],[9.4971,3.9777],[9.4901,3.9807],[9.4769,3.9909],[9.464,4.012],[9.4583,4.0162],[9.4539,4.0186],[9.4512,4.0228],[9.4504,4.0319],[9.438,4.0305],[9.4292,4.0266],[9.4241,4.0195],[9.4224,4.0084],[9.4494,3.9921],[9.4566,3.9841],[9.4588,3.9724],[9.4564,3.9635],[9.4524,3.9539],[9.4504,3.9398],[9.4533,3.9321],[9.4691,3.9234],[9.4769,3.9158],[9.464,3.91],[9.4483,3.9057],[9.4121,3.9022],[9.3934,3.9043],[9.3592,3.9137],[9.3435,3.9158],[9.3137,3.9309],[9.3026,3.965],[9.3076,4.0019],[9.3262,4.0257],[9.3262,4.0319],[9.3014,4.0264],[9.2903,4.0097],[9.2844,3.9923],[9.2503,3.9608],[9.2207,3.966],[9.2107,3.9643],[9.2111,3.9826],[9.2132,3.9966],[9.2106,4.0081],[9.1965,4.0189],[9.1847,4.0209],[9.1665,4.0209],[9.1488,4.019],[9.1387,4.0154],[9.1234,4.0179],[9.0702,4.0514],[8.9834,4.0924],[8.9712,4.1008],[8.9694,4.129],[8.9885,4.1889],[8.991,4.2175],[8.9603,4.2459],[8.9363,4.2795],[8.919,4.3181],[8.8948,4.4605],[8.9001,4.4851],[8.926,4.5296],[8.9357,4.5533],[8.9136,4.5286],[8.9006,4.5216],[8.8948,4.5359],[8.8972,4.548],[8.9015,4.5602],[8.9043,4.5732],[8.9016,4.5874],[8.8938,4.5946],[8.8719,4.6025],[8.8641,4.6187],[8.8563,4.63],[8.847,4.6397],[8.8396,4.6426],[8.8357,4.6296],[8.8667,4.5827],[8.8737,4.56],[8.8678,4.5446],[8.8587,4.5408],[8.8506,4.5474],[8.847,4.5632],[8.7986,4.6011],[8.798,4.5883],[8.7995,4.5778],[8.8042,4.5701],[8.8128,4.5664],[8.7996,4.5422],[8.7952,4.539],[8.7884,4.5414],[8.7686,4.5531],[8.7644,4.5566],[8.757,4.5651],[8.7406,4.5712],[8.7241,4.5805],[8.7166,4.5977],[8.7059,4.6347],[8.6613,4.6988],[8.6551,4.7383],[8.6387,4.7131],[8.6454,4.6841],[8.6605,4.654],[8.6857,4.5612],[8.6948,4.5533],[8.7063,4.5477],[8.7166,4.539],[8.7227,4.5131],[8.7017,4.5013],[8.5767,4.4919],[8.5654,4.4973],[8.5703,4.5097],[8.5827,4.5233],[8.5938,4.5328],[8.5817,4.5385],[8.5706,4.5386],[8.5627,4.5332],[8.5564,4.5117],[8.5483,4.5078],[8.5374,4.5085],[8.5256,4.5117],[8.5103,4.527],[8.5051,4.5509],[8.5099,4.5688],[8.5256,4.5664],[8.5308,4.5793],[8.5521,4.6147],[8.5383,4.6046],[8.5257,4.6044],[8.5161,4.613],[8.5112,4.6291],[8.5137,4.6423],[8.5212,4.656],[8.5386,4.6762],[8.5676,4.696],[8.5733,4.7041],[8.5736,4.7164],[8.5697,4.7283],[8.5676,4.7402],[8.5733,4.7525],[8.5801,4.7451],[8.5765,4.7847],[8.5784,4.8047],[8.59,4.8134],[8.5942,4.8153],[8.5951,4.8153],[8.6122,4.8319],[8.6084,4.8462],[8.6054,4.86],[8.6022,4.8813],[8.611,4.8967],[8.6383,4.9168],[8.6444,4.9349],[8.6837,4.9969],[8.6837,4.997],[8.6986,5.0178],[8.7079,5.0375],[8.7227,5.0812],[8.7289,5.0945],[8.7483,5.1242],[8.7583,5.1349],[8.7695,5.1399],[8.7813,5.142],[8.7917,5.1467],[8.7989,5.1596],[8.8257,5.2955],[8.8247,5.3061],[8.8164,5.3303],[8.8153,5.3435],[8.8217,5.3677],[8.8432,5.41],[8.8498,5.4324],[8.8493,5.4535],[8.8457,5.4728],[8.8443,5.4924],[8.8505,5.514],[8.8655,5.5335],[8.8843,5.5514],[8.8995,5.571],[8.9039,5.5951],[8.8937,5.6218],[8.8749,5.6414],[8.8526,5.6587],[8.8324,5.6782],[8.8193,5.7035],[8.8269,5.7178],[8.8446,5.7309],[8.8622,5.7523],[8.8666,5.7775],[8.8578,5.7949],[8.8471,5.8108],[8.8452,5.831],[8.8559,5.8475],[8.8912,5.8711],[8.9047,5.8881],[8.9217,5.9045],[8.9432,5.9014],[8.965,5.8936],[8.9827,5.8958],[8.9863,5.9088],[8.9885,5.9373],[8.9938,5.9441],[9.0099,5.9524],[9.0225,5.9658],[9.0439,5.9967],[9.0439,5.9968],[9.1362,6.0925],[9.2733,6.2028],[9.2988,6.2384],[9.3274,6.2985],[9.341,6.314],[9.3548,6.3215],[9.3665,6.3227],[9.3791,6.3216],[9.395,6.3225],[9.4229,6.3394],[9.4531,6.3977],[9.4826,6.416],[9.4886,6.4182],[9.5286,6.433],[9.549,6.4432],[9.5648,6.4586],[9.5881,6.5027],[9.603,6.5152],[9.6327,6.5212],[9.6448,6.5212],[9.6805,6.5214],[9.693,6.5313],[9.694,6.5343],[9.7698,6.7737],[9.7885,6.7948],[9.8123,6.793],[9.8317,6.7836],[9.8512,6.7779],[9.8746,6.7877],[10.1195,6.9944],[10.1429,7.0077],[10.1569,7.0047],[10.165,6.9885],[10.1794,6.9149],[10.1898,6.8954],[10.2108,6.8792],[10.2384,6.871],[10.496,6.8747],[10.4966,6.8972],[10.5007,6.9128],[10.5089,6.9263],[10.5212,6.9428],[10.5275,6.9475],[10.5332,6.9488],[10.5374,6.9521],[10.5433,7.0287],[10.5518,7.0663],[10.5642,7.1027],[10.5787,7.1308],[10.5972,7.1073],[10.6025,7.0581],[10.6206,7.0438],[10.647,7.0351],[10.7169,6.9981],[10.7991,6.9673],[10.8319,6.9452],[10.8482,6.9053],[10.8574,6.8598],[10.8775,6.8161],[10.9094,6.7843],[11.0026,6.7673],[11.0367,6.7405],[11.0559,6.7004],[11.059,6.6527],[11.0574,6.613],[11.0606,6.574],[11.0774,6.4967],[11.0971,6.4491],[11.1135,6.434],[11.1404,6.4303],[11.2023,6.4367],[11.2317,6.4398],[11.2371,6.4381],[11.2483,6.431],[11.2555,6.43],[11.2615,6.4326],[11.2722,6.442],[11.2759,6.4442],[11.2868,6.4432],[11.3085,6.4379],[11.3195,6.4373],[11.3442,6.4431],[11.3698,6.4558],[11.3894,6.4739],[11.3957,6.4967],[11.4018,6.5382],[11.4168,6.572],[11.4431,6.5933],[11.4826,6.5972],[11.5098,6.6123],[11.5334,6.6451],[11.5624,6.7125],[11.5689,6.7391],[11.5715,6.7662],[11.5666,6.7842],[11.5446,6.8089],[11.5381,6.8239],[11.5437,6.8507],[11.5618,6.8761],[11.6232,6.9323],[11.6811,6.9686],[11.6848,6.9738],[11.6885,6.9869],[11.6925,6.9916],[11.6972,6.9929],[11.7075,6.9918],[11.7186,6.9945],[11.7342,6.9951],[11.7411,6.9975],[11.7469,7.0054],[11.7486,7.015],[11.7515,7.024],[11.7664,7.0335],[11.8089,7.0719],[11.8203,7.0788],[11.834,7.083],[11.8451,7.0819],[11.8541,7.0778],[11.8626,7.0754],[11.8722,7.0794],[11.8813,7.102],[11.8689,7.1271],[11.83,7.1694],[11.7802,7.2411],[11.7662,7.2529],[11.7424,7.2574],[11.7366,7.2633],[11.7446,7.2722],[11.7625,7.2856],[11.7827,7.3045],[11.8447,7.3964],[11.9035,7.4536],[11.9662,7.5144],[11.9928,7.554],[12.0085,7.5649],[12.0211,7.5762],[12.025,7.5966],[12.0107,7.6552],[12.0091,7.6763],[12.0122,7.6983],[12.019,7.7189],[12.055,7.7839],[12.1543,7.9213],[12.1921,7.9607],[12.1978,7.9752],[12.1951,7.9917],[12.1882,8.0163],[12.1827,8.0547],[12.1826,8.0935],[12.1883,8.1178],[12.2291,8.1755],[12.2337,8.1885],[12.2368,8.197],[12.2377,8.2169],[12.2218,8.2977],[12.2193,8.3432],[12.227,8.3863],[12.25,8.4188],[12.2718,8.4278],[12.3102,8.4213],[12.3313,8.4243],[12.3432,8.4327],[12.3512,8.4442],[12.3576,8.4564],[12.3651,8.4666],[12.3952,8.4873],[12.4039,8.4965],[12.4033,8.5242],[12.4005,8.5384],[12.377,8.5951],[12.3688,8.6096],[12.3963,8.6008],[12.4106,8.5985],[12.4244,8.5998],[12.4403,8.6066],[12.4518,8.6147],[12.4643,8.6212],[12.4825,8.6232],[12.4955,8.6196],[12.5278,8.6049],[12.5426,8.602],[12.558,8.6057],[12.6604,8.6593],[12.6782,8.6787],[12.6928,8.7109],[12.7016,8.7392],[12.7089,8.7509],[12.7202,8.7565],[12.7345,8.7559],[12.7472,8.7536],[12.7596,8.7534],[12.7729,8.7591],[12.7945,8.7886],[12.8057,8.8315],[12.8282,9.02],[12.821,9.0564],[12.8221,9.0968],[12.8422,9.1444],[12.8884,9.2267],[12.8946,9.244],[12.8984,9.2624],[12.8993,9.302],[12.8913,9.332],[12.8816,9.3522],[12.8531,9.3566],[12.8484,9.3599],[12.8554,9.3781],[12.862,9.3829],[12.9207,9.4105],[12.929,9.4161],[12.9401,9.4271],[12.969,9.4641],[12.9824,9.4746],[13.0517,9.5045],[13.1303,9.5165],[13.1955,9.5422],[13.2235,9.6131],[13.2284,9.6779],[13.2413,9.7453],[13.2511,9.7692],[13.2605,9.7857],[13.2629,9.8017],[13.252,9.8242],[13.2229,9.8541],[13.2127,9.8701],[13.2111,9.8928],[13.2187,9.913],[13.2423,9.9498],[13.2464,9.9735],[13.2425,9.9927],[13.2305,10.0254],[13.2302,10.0453],[13.248,10.0794],[13.2813,10.0921],[13.3598,10.1005],[13.3784,10.1086],[13.3927,10.117],[13.402,10.1224],[13.4232,10.1385],[13.4349,10.1534],[13.4508,10.1872],[13.453,10.2005],[13.4514,10.2121],[13.4445,10.2325],[13.4448,10.2455],[13.4672,10.3076],[13.5013,10.4963],[13.5388,10.6214],[13.5663,10.679],[13.7444,10.9305],[13.7498,10.9424],[13.757,10.9582],[13.7504,10.9962],[13.7548,11.0167],[13.7659,11.0339],[13.782,11.0475],[13.8201,11.0693],[13.8321,11.0848],[13.8492,11.1246],[13.8732,11.1665],[13.9063,11.208],[13.9439,11.2457],[13.9823,11.2763],[14.0131,11.2764],[14.0525,11.2652],[14.1226,11.2357],[14.1433,11.2327],[14.1655,11.2383],[14.1868,11.2492],[14.2046,11.2621],[14.2321,11.2903],[14.2443,11.2954],[14.2713,11.2986],[14.2792,11.3018],[14.3682,11.383],[14.3871,11.3934],[14.4463,11.4117],[14.4673,11.4239],[14.504,11.4563],[14.5249,11.4688],[14.5766,11.4873],[14.5938,11.4964],[14.6058,11.5147],[14.6162,11.5387],[14.6238,11.5635],[14.6276,11.5844],[14.6271,11.6097],[14.6214,11.6298],[14.6102,11.6468],[14.5939,11.663],[14.5886,11.6697],[14.5851,11.6768],[14.5809,11.6833],[14.5735,11.6877],[14.5565,11.6875],[14.5524,11.689],[14.5433,11.7011],[14.5419,11.7098],[14.5465,11.7186],[14.5832,11.7664],[14.5907,11.7832],[14.6121,11.885],[14.6234,11.9165],[14.6271,11.9501],[14.6269,11.9572],[14.6252,11.9681],[14.6063,12.0113],[14.6043,12.0304],[14.6222,12.042],[14.6199,12.0525],[14.6372,12.1242],[14.6432,12.1358],[14.6481,12.1418],[14.6506,12.1481],[14.6699,12.1674],[14.6683,12.1781],[14.6634,12.1876],[14.6515,12.1938],[14.6432,12.1906],[14.6293,12.1835],[14.6163,12.1789],[14.6106,12.1835],[14.6041,12.2043],[14.5883,12.2172],[14.5681,12.2277],[14.5485,12.2416],[14.5583,12.2469],[14.5621,12.2484],[14.5621,12.2558],[14.5512,12.2604],[14.5215,12.2824],[14.5144,12.2894],[14.5124,12.2986],[14.5176,12.3134],[14.5144,12.3235],[14.4871,12.3378],[14.4231,12.3531],[14.2176,12.3593],[14.2022,12.3625],[14.1889,12.3704],[14.1798,12.3856],[14.1791,12.3973],[14.1851,12.4279],[14.1854,12.447],[14.1802,12.4635],[14.1787,12.4683],[14.1774,12.5456],[14.1211,12.8118],[14.0649,13.078],[14.4182,13.0811],[14.4354,13.0703],[14.481,13.0005],[14.4821,12.9988],[14.4963,12.9838],[14.5047,12.969],[14.5077,12.9524],[14.5061,12.9321],[14.4906,12.8863],[14.4901,12.8736],[14.5004,12.8591],[14.531,12.8362],[14.549,12.8182],[14.549,12.7805],[14.5511,12.7716],[14.5548,12.7669],[14.5607,12.7662],[14.5694,12.7694],[14.5694,12.7596],[14.5707,12.7504],[14.5753,12.7449],[14.5849,12.7464],[14.604,12.7608],[14.6106,12.7623],[14.6184,12.7592],[14.6203,12.7541],[14.6207,12.7479],[14.6243,12.7419],[14.6417,12.7309],[14.6481,12.7251],[14.6645,12.716],[14.694,12.7237],[14.7099,12.7182],[14.7168,12.7018],[14.7021,12.669],[14.7137,12.6525],[14.7288,12.6772],[14.7341,12.6804],[14.7433,12.6772],[14.7521,12.6689],[14.7587,12.6588],[14.7614,12.6494],[14.7688,12.6332],[14.7862,12.6312],[14.8192,12.6388],[14.8308,12.6182],[14.8638,12.4955],[14.8601,12.4901],[14.852,12.4747],[14.8502,12.4681],[14.8496,12.457],[14.851,12.4552],[14.8555,12.4545],[14.8638,12.447],[14.8619,12.452],[14.8659,12.4526],[14.8724,12.4504],[14.8775,12.447],[14.8785,12.4431],[14.8768,12.4316],[14.8775,12.4272],[14.8912,12.4027],[14.9083,12.3269],[14.9063,12.318],[14.9049,12.2484],[14.9031,12.2363],[14.898,12.2195],[14.898,12.2075],[14.9009,12.2],[14.9059,12.1956],[14.9101,12.1904],[14.9116,12.1801],[14.9074,12.1735],[14.8999,12.1718],[14.8948,12.1674],[14.898,12.1528],[14.9031,12.1459],[14.9287,12.1286],[14.9507,12.1033],[14.9648,12.0924],[14.9768,12.0941],[14.9938,12.1067],[15.0118,12.1086],[15.0304,12.1009],[15.0494,12.0846],[15.0446,12.0784],[15.0409,12.0676],[15.0406,12.0556],[15.0457,12.0461],[15.0531,12.038],[15.0537,12.0319],[15.0512,12.0242],[15.0494,12.0119],[15.0597,11.9973],[15.0768,11.9828],[15.0812,11.9717],[15.0525,11.9672],[15.0483,11.9628],[15.0506,11.9529],[15.0555,11.9425],[15.0594,11.9368],[15.0634,11.9273],[15.0566,11.9184],[15.047,11.9102],[15.042,11.9024],[15.0442,11.8773],[15.051,11.8616],[15.0628,11.8535],[15.0798,11.8512],[15.0863,11.8405],[15.1109,11.7829],[15.1054,11.7727],[15.0891,11.7576],[15.0836,11.7482],[15.0853,11.744],[15.096,11.7341],[15.0972,11.7277],[15.0931,11.7229],[15.0863,11.7222],[15.0798,11.7226],[15.0761,11.7215],[15.0683,11.7001],[15.0665,11.6806],[15.0694,11.6608],[15.0852,11.6159],[15.0958,11.5982],[15.1239,11.5632],[15.1356,11.5308],[15.1223,11.5032],[15.0761,11.4533],[15.067,11.4356],[15.0606,11.4161],[15.0543,11.3641],[15.0494,11.3487],[15.0494,11.3373],[15.0525,11.3298],[15.0578,11.3254],[15.0623,11.32],[15.0631,11.3099],[15.0564,11.2934],[15.0333,11.2603],[15.0283,11.2445],[15.0212,11.1825],[15.0288,11.0802],[15.0352,10.9946],[15.0625,10.9307],[15.0727,10.9158],[15.079,10.8981],[15.0756,10.8735],[15.0631,10.8308],[15.0659,10.7931],[15.1423,10.6472],[15.1499,10.6231],[15.1485,10.6073],[15.1384,10.5897],[15.1323,10.5654],[15.1317,10.5407],[15.1382,10.5217],[15.1444,10.5163],[15.1536,10.512],[15.1647,10.5091],[15.1761,10.508],[15.1866,10.5059],[15.1933,10.5012],[15.1982,10.4965],[15.2183,10.4872],[15.2272,10.4701],[15.2412,10.4329],[15.2556,10.417],[15.2688,10.4063],[15.2784,10.3943],[15.2822,10.3746],[15.2843,10.3493],[15.2906,10.329],[15.3014,10.3117],[15.4392,10.1852],[15.4764,10.1327],[15.4907,10.1244],[15.4901,10.1201],[15.5361,10.0805],[15.6028,10.041],[15.6379,10.03],[15.6812,9.9913],[15.6638,9.9861],[15.4394,9.9317],[15.383,9.9302],[15.2149,9.9841],[15.1555,9.9865],[15.1096,9.9815],[15.1007,9.9789],[15.0894,9.9722],[15.0717,9.956],[15.0612,9.9492],[15.033,9.9429],[15.0024,9.9451],[14.9441,9.9588],[14.8981,9.9605],[14.7726,9.9217],[14.7325,9.9238],[14.4405,9.9953],[14.1963,9.9791],[14.1817,9.9782],[14.1735,9.975],[14.1712,9.9676],[14.1706,9.9578],[14.1684,9.9477],[14.1198,9.852],[14.0885,9.8096],[14.0067,9.7393],[13.9459,9.6526],[13.9476,9.6378],[14.0365,9.5688],[14.3213,9.2432],[14.3311,9.2002],[14.3495,9.1684],[14.5717,8.991],[14.7939,8.8136],[14.8099,8.8086],[14.8192,8.8116],[14.828,8.8132],[14.8367,8.813],[14.846,8.811],[14.8599,8.8033],[14.8994,8.7743],[14.9083,8.7648],[14.9133,8.7524],[14.9199,8.7477],[14.9273,8.7451],[14.9344,8.739],[14.9401,8.7296],[14.9491,8.7043],[14.9515,8.6921],[14.9515,8.6828],[14.9551,8.6762],[14.9685,8.6722],[15.0058,8.6666],[15.0313,8.6587],[15.0519,8.6438],[15.0686,8.6239],[15.1107,8.5551],[15.1685,8.4986],[15.1837,8.4791],[15.2107,8.4218],[15.3453,8.136],[15.4065,7.9216],[15.4407,7.8394],[15.4879,7.805],[15.5094,7.804],[15.5408,7.7968],[15.5629,7.7924],[15.5622,7.6902],[15.549,7.6308],[15.522,7.5761],[15.481,7.5233],[15.4733,7.5091],[15.4195,7.4366],[15.4155,7.4208],[15.435,7.4029],[15.4328,7.3897],[15.4284,7.3888],[15.4096,7.3877],[15.4032,7.3864],[15.3974,7.3807],[15.3892,7.3642],[15.3853,7.3584],[15.3382,7.3222],[15.2613,7.2792],[15.2466,7.2667],[15.2239,7.2475],[15.2051,7.2002],[15.1912,7.1773],[15.1866,7.1663],[15.1854,7.1569],[15.1902,7.0988],[15.1875,7.0886],[15.1791,7.0784],[15.1561,7.0678],[15.147,7.0618],[15.1362,7.0453],[15.1289,7.0265],[15.1132,6.9647],[15.0802,6.8781],[15.0591,6.8363],[15.0422,6.7908],[15.0346,6.7768],[15.0224,6.7665],[14.9623,6.7367],[14.9461,6.7257],[14.9325,6.7103],[14.9219,6.6864],[14.8073,6.4278],[14.7822,6.3936],[14.78,6.3822],[14.7843,6.3587],[14.7847,6.3478],[14.7824,6.3368],[14.7723,6.3183],[14.7348,6.2704],[14.719,6.2579],[14.5764,6.1898],[14.535,6.1901],[14.526,6.1741],[14.511,6.1553],[14.4821,6.1271],[14.4671,6.1226],[14.4439,6.1002],[14.4306,6.0881],[14.4318,6.0846],[14.4327,6.0791],[14.4336,6.0739],[14.4291,6.0642],[14.426,6.0599],[14.4225,6.0514],[14.4182,6.0471],[14.4129,6.047],[14.4025,6.0549],[14.3977,6.0539],[14.3903,6.0458],[14.3873,6.039],[14.3894,6.0311],[14.3977,6.0192],[14.4061,6.011],[14.4175,5.9973],[14.4323,5.9855],[14.4469,5.97],[14.4538,5.9539],[14.4582,5.9364],[14.4657,5.9207],[14.4821,5.9096],[14.4992,5.9095],[14.5306,5.9059],[14.5454,5.9076],[14.5725,5.9242],[14.5848,5.9234],[14.598,5.9035],[14.603,5.8834],[14.6174,5.865],[14.624,5.7583],[14.6311,5.738],[14.6244,5.7236],[14.6106,5.6691],[14.5928,5.6239],[14.5901,5.6083],[14.5915,5.591],[14.5966,5.5772],[14.6106,5.5537],[14.6172,5.5379],[14.6189,5.5255],[14.6174,5.4953],[14.6141,5.4849],[14.5996,5.4566],[14.5962,5.4401],[14.5973,5.4115],[14.5928,5.4],[14.5796,5.3954],[14.5793,5.3876],[14.5708,5.3709],[14.5608,5.3555],[14.5559,5.3513],[14.554,5.3382],[14.5484,5.3205],[14.5396,5.3036],[14.528,5.293],[14.5199,5.2906],[14.5239,5.2797],[14.5397,5.2618],[14.5605,5.2486],[14.6036,5.2343],[14.6245,5.224],[14.6405,5.2082],[14.6515,5.1875],[14.6589,5.1645],[14.6632,5.1418],[14.663,5.0914],[14.6675,5.0528],[14.6603,5.0158],[14.6601,5.0114],[14.6595,4.997],[14.6634,4.9857],[14.6698,4.9771],[14.6745,4.9676],[14.6721,4.9408],[14.6758,4.9308],[14.6816,4.9209],[14.687,4.9089],[14.7015,4.8144],[14.7006,4.8043],[14.6961,4.7797],[14.6918,4.7687],[14.6907,4.7621],[14.6973,4.7452],[14.7042,4.6694],[14.7173,4.622],[14.7437,4.58],[14.7797,4.545],[14.9383,4.4359],[14.9821,4.4205],[14.9939,4.4133],[15.0006,4.4032],[15.0074,4.3778],[15.0139,4.3643],[15.0485,4.3216],[15.0638,4.2934],[15.0728,4.2659],[15.0829,4.2055],[15.0845,4.1486],[15.0912,4.1218],[15.1026,4.1124],[15.1178,4.1143],[15.1329,4.1085],[15.1393,4.0946],[15.1426,4.0804],[15.1485,4.0739],[15.1624,4.0739],[15.1777,4.0715],[15.1898,4.0631],[15.1921,4.0522],[15.1724,4.0438],[15.1504,4.0385],[15.1113,4.0199],[15.0917,4.0159],[15.0752,4.018],[15.0431,4.0261],[15.026,4.0261],[15.0849,3.8858],[15.1713,3.759],[15.2526,3.6729],[15.2623,3.6626],[15.3297,3.591],[15.414,3.5019],[15.5179,3.3916],[15.6169,3.2868],[15.7107,3.1875],[15.7856,3.108],[15.7932,3.1033],[15.801,3.1009],[15.8135,3.099],[15.8176,3.1001],[15.8291,3.1066],[15.8342,3.1085],[15.8402,3.1074],[15.8509,3.1004],[15.8548,3.099],[15.8978,3.1035],[15.914,3.098],[15.9334,3.0818],[15.9501,3.061],[15.9582,3.0415],[15.9716,2.9912],[15.9742,2.9858],[15.9778,2.981],[15.982,2.9767],[15.9954,2.9815],[16.0061,2.984],[16.0158,2.9835],[16.0262,2.979],[16.0342,2.9706],[16.0554,2.9398],[16.0702,2.9066],[16.0825,2.8857],[16.0924,2.8633],[16.0952,2.8368],[16.0869,2.8132],[16.0599,2.7862],[16.0562,2.7598],[16.06,2.7258],[16.0593,2.7118],[16.0626,2.7032],[16.0728,2.7028],[16.0863,2.705],[16.0991,2.704],[16.1105,2.7014],[16.1014,2.6878],[16.0937,2.6731],[16.0903,2.6619],[16.0931,2.6415],[16.1085,2.6066],[16.1115,2.5862],[16.1069,2.567],[16.0912,2.5328],[16.0903,2.5105],[16.0943,2.4975],[16.1071,2.4742],[16.1115,2.4559],[16.1115,2.4186],[16.1129,2.4104],[16.1209,2.3896],[16.1334,2.3648],[16.1523,2.3433],[16.1593,2.3329],[16.1629,2.3238],[16.1647,2.3148],[16.166,2.2948],[16.1691,2.2899],[16.1829,2.2812],[16.1865,2.2777],[16.1869,2.2693],[16.1813,2.2566],[16.1797,2.247],[16.1928,2.2395],[16.1967,2.2365],[16.2023,2.232],[16.2077,2.2231],[16.1995,2.2122],[16.1593,2.1821],[16.1406,2.1998],[16.1204,2.2033],[16.1044,2.1936],[16.0978,2.1715],[16.0858,2.1492],[16.0835,2.1378],[16.0856,2.1249],[16.0898,2.1162],[16.0925,2.1069],[16.0903,2.0927],[16.0881,2.0918],[16.0841,2.0916],[16.0797,2.0903],[16.0767,2.0859],[16.0755,2.08],[16.0755,2.0755],[16.0762,2.0728],[16.0767,2.0723],[16.0781,2.0634],[16.0815,2.0556],[16.0817,2.0468],[16.0664,2.0255],[16.0638,2.0159],[16.0649,1.9789],[16.0687,1.9736],[16.0749,1.9706],[16.0835,1.963],[16.1014,1.9328],[16.1351,1.8453],[16.159,1.7348],[16.1558,1.7191],[16.1451,1.7143],[16.1236,1.7216],[16.1148,1.7191],[16.0699,1.6546],[16.0305,1.7054],[16.022,1.7228],[16.022,1.733],[16.0249,1.7425],[16.0263,1.7523],[16.022,1.7638],[16.0138,1.7713],[16.0028,1.7759],[15.9908,1.7762],[15.9804,1.7706],[15.9632,1.7774],[15.9438,1.7816],[15.929,1.789],[15.9259,1.8047],[15.9152,1.799],[15.9018,1.7937],[15.8899,1.7933],[15.885,1.8016],[15.8824,1.8167],[15.8757,1.8238],[15.8659,1.8285],[15.8421,1.8442],[15.8154,1.8534],[15.8029,1.86],[15.7646,1.9087],[15.7574,1.913],[15.7341,1.9167],[15.7216,1.9216],[15.7111,1.9274],[15.7068,1.932],[15.6118,1.9425],[15.5266,1.9678],[15.4829,1.9759],[15.4392,1.9698],[15.3881,1.9395],[15.368,1.9329],[15.3492,1.9233],[15.3374,1.9215],[15.3378,1.9238],[15.3143,1.9343],[15.3095,1.9351],[15.3016,1.9436],[15.3002,1.9477],[15.3019,1.9533],[15.3033,1.9664],[15.3011,1.9738],[15.2954,1.9815],[15.2876,1.9878],[15.2536,2.0003],[15.2481,2.0033],[15.2442,2.0101],[15.2387,2.0253],[15.2337,2.0313],[15.2126,2.0396],[15.197,2.035],[15.1836,2.0293],[15.1517,2.041],[15.1385,2.0115],[15.1239,2.017],[15.1178,2.017],[15.1076,2.0008],[15.0916,1.9844],[15.0749,1.9794],[15.0631,1.9972],[15.0437,1.9909],[15.0283,1.9953],[14.9807,2.0331],[14.971,2.0345],[14.963,2.0104],[14.9538,2.0058],[14.9321,2.0033],[14.8925,2.0064],[14.8966,2.0309],[14.9073,2.0589],[14.8878,2.0723],[14.8846,2.0821],[14.8715,2.1017],[14.857,2.1159],[14.8502,2.1098],[14.8502,2.0974],[14.8482,2.0852],[14.8412,2.0759],[14.8263,2.0723],[14.7648,2.0655],[14.7616,2.0702],[14.7625,2.0925],[14.7614,2.0996],[14.7563,2.0996],[14.7476,2.0972],[14.7371,2.0961],[14.7273,2.0996],[14.7335,2.102],[14.7479,2.1132],[14.7209,2.1276],[14.7137,2.124],[14.7205,2.0996],[14.7057,2.1055],[14.686,2.1259],[14.672,2.1343],[14.6461,2.1334],[14.6363,2.1383],[14.6448,2.1542],[14.6209,2.1648],[14.5879,2.2017],[14.5621,2.2088],[14.5571,2.2024],[14.5478,2.1937],[14.548,2.1844],[14.5503,2.1752],[14.5471,2.1665],[14.5381,2.1634],[14.4592,2.1465],[14.4387,2.134],[14.4329,2.1321],[14.4187,2.1353],[14.3994,2.1532],[14.3836,2.1621],[14.3203,2.1707],[14.2763,2.1536],[14.267,2.1524],[14.1617,2.1534],[14.0028,2.1548],[13.824,2.1564],[13.6623,2.1578],[13.6203,2.1581],[13.4665,2.1595],[13.2946,2.1611],[13.2943,2.1858],[13.2984,2.2158],[13.2942,2.2305],[13.2846,2.2422],[13.2697,2.2557],[13.2542,2.2669],[13.2429,2.2715],[13.236,2.2699],[13.2216,2.2639],[13.2123,2.264],[13.2057,2.2669],[13.1917,2.2777],[13.1638,2.2832],[13.1333,2.2845],[13.1247,2.2811],[13.1131,2.2727],[13.093,2.2535],[13.0835,2.2495],[13.0409,2.2442],[13.0129,2.2563],[12.9969,2.26],[12.9832,2.2535],[12.9722,2.2504],[12.9548,2.2532],[12.9248,2.264],[12.9145,2.2545],[12.9032,2.2504],[12.8905,2.2514],[12.8764,2.2572],[12.8678,2.245],[12.8481,2.2493],[12.8252,2.2592],[12.8082,2.264],[12.7956,2.2588],[12.7841,2.2495],[12.7702,2.2407],[12.7499,2.2367],[12.6146,2.2569],[12.5907,2.2657],[12.5748,2.2777],[12.5515,2.2723],[12.5342,2.2777],[12.4784,2.2959],[12.4399,2.2985],[12.3849,2.2859],[12.3668,2.2896],[12.334,2.3096],[12.3216,2.3141],[12.3121,2.3129],[12.2912,2.3018],[12.2808,2.299],[12.261,2.2962],[12.2226,2.2833],[12.2026,2.2796],[12.1592,2.2814],[12.1188,2.2878],[12.1007,2.2885],[12.0419,2.284],[11.9662,2.2887],[11.8898,2.2821],[11.8022,2.2848],[11.7681,2.2802],[11.7528,2.2819],[11.7014,2.2987],[11.681,2.3154],[11.6712,2.321],[11.6573,2.3225],[11.6446,2.3197],[11.6186,2.3104],[11.3516,2.3006],[11.3498,2.2915],[11.3543,2.2785],[11.356,2.2652],[11.35,2.2511],[11.3422,2.2406],[11.3359,2.2292],[11.3342,2.2128],[11.3342,2.2003],[11.3324,2.188],[11.3285,2.1763],[11.3221,2.1658]]]}},{"type":"Feature","properties":{"ADM0_A3":"NER","NAME":"Niger"},"geometry":{"type":"Polygon","coordinates":[[[3.5964,11.6958],[3.5894,11.7015],[3.5801,11.7174],[3.5717,11.7219],[3.5682,11.7295],[3.5662,11.7384],[3.5625,11.746],[3.5574,11.7618],[3.5537,11.7697],[3.5493,11.7738],[3.5437,11.7771],[3.537,11.7829],[3.5035,11.83],[3.4954,11.8375],[3.4843,11.8452],[3.4477,11.858],[3.4028,11.8853],[3.3917,11.8888],[3.3809,11.895],[3.3691,11.8973],[3.3551,11.889],[3.3416,11.8829],[3.3278,11.8864],[3.3155,11.8946],[3.307,11.9024],[3.2927,11.9187],[3.2699,11.9565],[3.2626,11.9747],[3.2576,11.9974],[3.2551,12.0188],[3.252,12.0241],[3.2385,12.0342],[3.2354,12.0395],[3.0634,12.1938],[3.0229,12.2525],[3.0131,12.2711],[3.0094,12.2763],[3.001,12.2789],[2.9678,12.2826],[2.956,12.2868],[2.945,12.2925],[2.9368,12.3009],[2.9304,12.3233],[2.9226,12.3356],[2.9126,12.3463],[2.8923,12.3571],[2.8443,12.3992],[2.8324,12.3841],[2.8086,12.3832],[2.7984,12.3812],[2.7782,12.3819],[2.7685,12.3801],[2.7575,12.3729],[2.7415,12.3541],[2.7323,12.3468],[2.7218,12.3443],[2.7113,12.3512],[2.7004,12.3471],[2.6951,12.3412],[2.6922,12.334],[2.6902,12.3262],[2.6869,12.3184],[2.6729,12.2967],[2.6638,12.2916],[2.6286,12.3008],[2.6217,12.2995],[2.6097,12.2908],[2.6036,12.2878],[2.5986,12.2883],[2.5901,12.2933],[2.5861,12.294],[2.5506,12.2845],[2.546,12.2816],[2.5369,12.273],[2.5312,12.2697],[2.5237,12.2692],[2.5206,12.2737],[2.5191,12.2791],[2.5163,12.2814],[2.5045,12.2818],[2.4951,12.2832],[2.488,12.2804],[2.4834,12.268],[2.4777,12.2576],[2.4726,12.2593],[2.467,12.265],[2.4595,12.2667],[2.4544,12.263],[2.4461,12.2518],[2.4437,12.2492],[2.4309,12.248],[2.4079,12.2489],[2.3942,12.2472],[2.37,12.2363],[2.3612,12.2189],[2.3621,12.1962],[2.3719,12.1404],[2.4056,12.0467],[2.4112,12.0368],[2.4183,12.0287],[2.4286,12.0204],[2.4393,12.0156],[2.4488,12.0134],[2.4553,12.0087],[2.4573,11.9962],[2.4567,11.9791],[2.4494,11.9775],[2.439,11.9813],[2.4289,11.9804],[2.422,11.9732],[2.4141,11.9587],[2.4074,11.9512],[2.3987,11.9488],[2.3893,11.9501],[2.3809,11.9479],[2.3752,11.935],[2.3765,11.9241],[2.3882,11.9068],[2.3902,11.8965],[2.3381,11.9401],[2.2588,12.0488],[2.1885,12.1455],[2.1138,12.248],[2.0709,12.3069],[2.0518,12.3419],[2.0542,12.3709],[2.0693,12.3833],[2.1269,12.3951],[2.1315,12.3985],[2.1387,12.4083],[2.145,12.4117],[2.148,12.4108],[2.1588,12.4057],[2.1638,12.4048],[2.2233,12.4097],[2.2379,12.4135],[2.245,12.4242],[2.243,12.4462],[2.2431,12.4512],[2.2463,12.4617],[2.2463,12.4659],[2.2423,12.4735],[2.2296,12.4871],[2.2239,12.4948],[2.2157,12.5103],[2.2109,12.5231],[2.2032,12.5833],[2.2,12.5959],[2.1933,12.6095],[2.1843,12.6206],[2.166,12.6317],[2.1555,12.64],[2.1448,12.6508],[2.141,12.6561],[2.1352,12.6756],[2.109,12.7056],[2.0689,12.7163],[1.9717,12.7242],[1.9625,12.7191],[1.9455,12.7008],[1.9345,12.6935],[1.9266,12.695],[1.9196,12.6983],[1.9114,12.6966],[1.907,12.6918],[1.9002,12.6785],[1.8832,12.654],[1.8727,12.6342],[1.8607,12.6171],[1.8437,12.6061],[1.8261,12.6042],[1.6995,12.6149],[1.597,12.6237],[1.5639,12.6321],[1.5359,12.6475],[1.4671,12.7044],[1.412,12.7499],[1.3306,12.8172],[1.3048,12.8385],[1.2308,12.8998],[1.1709,12.9492],[1.114,12.9962],[1.0838,13.011],[1.0123,13.0169],[0.9835,13.0324],[0.9746,13.0483],[0.9718,13.0673],[0.9717,13.0858],[0.9713,13.1494],[0.9708,13.2435],[0.9704,13.3283],[0.9835,13.3684],[1.0047,13.3648],[1.0847,13.3336],[1.1385,13.3204],[1.1607,13.3113],[1.1676,13.3134],[1.1776,13.3476],[1.1824,13.3587],[1.1877,13.3641],[1.2057,13.3589],[1.2221,13.3446],[1.2415,13.3355],[1.2687,13.3461],[1.2496,13.3671],[1.2343,13.3776],[1.2174,13.3818],[1.175,13.3869],[1.1572,13.3926],[1.0482,13.4419],[1.0153,13.4657],[0.9966,13.4961],[0.9914,13.5411],[0.951,13.5832],[0.8969,13.6149],[0.8507,13.6286],[0.8131,13.625],[0.7953,13.626],[0.7757,13.6353],[0.7637,13.6464],[0.7629,13.653],[0.7663,13.6572],[0.767,13.6609],[0.7662,13.667],[0.7664,13.6751],[0.7635,13.682],[0.7534,13.6841],[0.6207,13.68],[0.5943,13.6889],[0.5805,13.7138],[0.5848,13.729],[0.5945,13.7499],[0.6005,13.7687],[0.5937,13.7781],[0.5745,13.785],[0.5632,13.7968],[0.553,13.81],[0.5193,13.8316],[0.5041,13.8454],[0.4999,13.851],[0.492,13.8618],[0.4835,13.8803],[0.4757,13.8889],[0.4548,13.9024],[0.4486,13.9096],[0.4481,13.9201],[0.4563,13.9381],[0.4567,13.9468],[0.4459,13.9586],[0.4284,13.9675],[0.4119,13.9784],[0.4039,13.9961],[0.4019,14.0138],[0.3914,14.0226],[0.3784,14.0288],[0.3692,14.0391],[0.3691,14.0479],[0.3773,14.0639],[0.3785,14.0704],[0.3742,14.0789],[0.3687,14.0842],[0.3625,14.0889],[0.3563,14.0957],[0.3436,14.1143],[0.3392,14.1258],[0.3435,14.1375],[0.3674,14.1738],[0.3722,14.1856],[0.3774,14.2166],[0.3811,14.2257],[0.3906,14.2376],[0.3916,14.2459],[0.3888,14.2516],[0.3464,14.3076],[0.2024,14.4355],[0.1887,14.4477],[0.1588,14.4961],[0.1529,14.5467],[0.2197,14.7312],[0.2131,14.7616],[0.1841,14.8196],[0.1858,14.8482],[0.198,14.8638],[0.2119,14.8748],[0.2208,14.8882],[0.2185,14.911],[0.2128,14.9607],[0.2132,14.9854],[0.2213,14.9959],[0.3532,14.9634],[0.387,14.9632],[0.4188,14.9699],[0.4835,14.9921],[0.5148,14.9936],[0.6701,14.9397],[0.6838,14.9409],[0.7114,14.9475],[0.7399,14.9583],[0.7692,14.9691],[0.9221,14.974],[0.9493,14.9796],[0.9737,14.9913],[1.0575,15.0671],[1.1231,15.1263],[1.2032,15.1988],[1.2709,15.2599],[1.2978,15.2757],[1.3315,15.2836],[1.4052,15.2861],[1.5017,15.2894],[1.5984,15.2926],[1.6949,15.2957],[1.7914,15.299],[1.8881,15.3022],[1.9846,15.3054],[2.0814,15.3086],[2.1779,15.3118],[2.2745,15.315],[2.371,15.3182],[2.4677,15.3214],[2.5642,15.3246],[2.661,15.3278],[2.7575,15.3311],[2.8541,15.3342],[2.9507,15.3375],[3.0002,15.3391],[3.0057,15.3523],[3.0058,15.3893],[3.0078,15.4077],[3.0103,15.4177],[3.0175,15.4228],[3.0335,15.4265],[3.073,15.4272],[3.1923,15.4075],[3.3804,15.3763],[3.4833,15.3593],[3.4888,15.3575],[3.5071,15.354],[3.5165,15.4692],[3.5265,15.496],[3.6141,15.5477],[3.6922,15.6314],[3.7289,15.6509],[3.8084,15.6656],[3.8461,15.6853],[3.8712,15.7148],[3.8738,15.7209],[3.8865,15.7501],[3.8945,15.7887],[3.9035,15.8863],[3.9099,15.9048],[3.9251,15.9276],[3.9832,15.984],[3.9842,15.9869],[3.9848,15.9898],[3.9846,15.9959],[3.9847,15.9974],[3.9845,15.9988],[3.984,16.0001],[3.9832,16.0013],[3.9708,16.0309],[3.9669,16.0585],[3.9712,16.0861],[4.0606,16.2983],[4.0756,16.3211],[4.0948,16.3408],[4.1182,16.3583],[4.1617,16.38],[4.1759,16.3926],[4.184,16.4161],[4.1834,16.5265],[4.183,16.6127],[4.1823,16.7465],[4.182,16.8096],[4.1846,16.8185],[4.1976,16.8385],[4.202,16.8489],[4.1966,16.9471],[4.1978,16.9652],[4.2037,16.9828],[4.2117,16.986],[4.2223,16.9866],[4.2356,16.9959],[4.2353,17.1008],[4.235,17.1639],[4.2347,17.2875],[4.2343,17.4112],[4.2338,17.5348],[4.2334,17.6585],[4.2331,17.7821],[4.2326,17.9058],[4.2324,17.9752],[4.2322,18.0294],[4.2319,18.1531],[4.2315,18.2767],[4.2311,18.4003],[4.2307,18.524],[4.2303,18.6454],[4.2303,18.6476],[4.2298,18.7713],[4.2294,18.8949],[4.229,19.0186],[4.2286,19.1422],[4.4172,19.1784],[4.6058,19.2146],[4.7945,19.2508],[4.9832,19.287],[5.0828,19.306],[5.3018,19.348],[5.5208,19.3899],[5.6205,19.409],[5.7493,19.4337],[5.7943,19.4498],[5.8376,19.4786],[5.9164,19.5463],[5.9794,19.6005],[6.0426,19.6547],[6.1056,19.709],[6.1686,19.7632],[6.2317,19.8175],[6.2947,19.8717],[6.3578,19.9259],[6.4209,19.9802],[6.4838,20.0344],[6.5469,20.0886],[6.61,20.1429],[6.673,20.1971],[6.7361,20.2513],[6.799,20.3055],[6.8621,20.3597],[6.9251,20.414],[6.9828,20.4636],[7.0205,20.4954],[7.098,20.5587],[7.1695,20.617],[7.2409,20.6752],[7.3123,20.7335],[7.3836,20.7917],[7.4827,20.8726],[7.6138,20.9497],[7.6819,20.9898],[7.7498,21.03],[7.8179,21.0701],[7.886,21.1102],[7.9539,21.1504],[8.022,21.1905],[8.0901,21.2306],[8.158,21.2707],[8.2261,21.3108],[8.2943,21.3509],[8.3623,21.391],[8.4303,21.4311],[8.4984,21.4713],[8.5664,21.5114],[8.6345,21.5515],[8.7025,21.5917],[8.7706,21.6318],[8.8386,21.6719],[8.9067,21.7121],[8.9748,21.7521],[9.0428,21.7923],[9.1108,21.8324],[9.179,21.8725],[9.247,21.9126],[9.315,21.9527],[9.3831,21.9928],[9.4511,22.0329],[9.5191,22.0731],[9.5872,22.1132],[9.6552,22.1533],[9.7233,22.1934],[9.7913,22.2336],[9.8593,22.2737],[9.9274,22.3138],[9.9954,22.3539],[10.0634,22.394],[10.1316,22.4341],[10.1996,22.4742],[10.2676,22.5143],[10.3357,22.5545],[10.4038,22.5946],[10.4717,22.6347],[10.5398,22.6749],[10.6078,22.7149],[10.6758,22.755],[10.7439,22.7952],[10.812,22.8353],[10.88,22.8754],[10.9481,22.9155],[11.0163,22.9557],[11.0844,22.9958],[11.1523,23.0359],[11.2204,23.0761],[11.2885,23.1162],[11.3564,23.1563],[11.4245,23.1964],[11.4926,23.2365],[11.5605,23.2766],[11.6286,23.3167],[11.6967,23.3568],[11.7647,23.3969],[11.8327,23.437],[11.9009,23.4772],[11.9689,23.5174],[12.057,23.4976],[12.1453,23.4779],[12.2337,23.4583],[12.3218,23.4386],[12.41,23.4189],[12.4983,23.3992],[12.5865,23.3796],[12.6747,23.3599],[12.763,23.3402],[12.8512,23.3205],[12.9394,23.3008],[13.0276,23.2811],[13.1159,23.2614],[13.2041,23.2417],[13.2924,23.2221],[13.3807,23.2024],[13.4823,23.1797],[13.5996,23.119],[13.6558,23.0726],[13.7809,22.9696],[13.9061,22.8666],[14.031,22.7637],[14.1562,22.6607],[14.2016,22.6232],[14.2162,22.6163],[14.2317,22.6179],[14.2949,22.6498],[14.466,22.7362],[14.6371,22.8225],[14.808,22.9089],[14.9792,22.9953],[14.9793,22.9954],[14.9799,22.9957],[14.992,22.9331],[15.004,22.8704],[15.0159,22.8078],[15.028,22.7452],[15.0399,22.6825],[15.0519,22.6199],[15.064,22.5572],[15.0759,22.4946],[15.088,22.4319],[15.1,22.3693],[15.1121,22.3066],[15.1241,22.244],[15.1361,22.1813],[15.1481,22.1187],[15.1563,22.0762],[15.1645,22.0337],[15.172,21.9934],[15.1724,21.9736],[15.1733,21.9216],[15.1746,21.8479],[15.1761,21.7634],[15.1775,21.679],[15.1788,21.6053],[15.1798,21.5532],[15.1801,21.5335],[15.1804,21.5073],[15.1845,21.4912],[15.2002,21.4765],[15.2475,21.4533],[15.2666,21.4407],[15.301,21.4013],[15.3248,21.3667],[15.3414,21.3422],[15.3583,21.3177],[15.375,21.2932],[15.3918,21.2687],[15.4085,21.2442],[15.4253,21.2198],[15.442,21.1952],[15.4588,21.1708],[15.4756,21.1463],[15.4922,21.1218],[15.5091,21.0973],[15.5258,21.0728],[15.5425,21.0483],[15.5593,21.0238],[15.5761,20.9993],[15.5928,20.9748],[15.6093,20.9507],[15.569,20.9289],[15.5443,20.8903],[15.536,20.8441],[15.5442,20.799],[15.5561,20.7737],[15.5702,20.7519],[15.5881,20.7328],[15.6695,20.6719],[15.6973,20.6429],[15.7556,20.582],[15.8138,20.5211],[15.872,20.4602],[15.9303,20.3993],[15.954,20.3746],[15.9682,20.3528],[15.9703,20.3363],[15.963,20.3192],[15.9425,20.284],[15.9024,20.2149],[15.8623,20.146],[15.8223,20.077],[15.7823,20.008],[15.7672,19.982],[15.736,19.9035],[15.7324,19.8618],[15.7284,19.8163],[15.7243,19.7706],[15.7202,19.725],[15.7162,19.6793],[15.7121,19.6338],[15.7081,19.5881],[15.7041,19.5425],[15.7001,19.4969],[15.696,19.4512],[15.6921,19.4056],[15.688,19.36],[15.6839,19.3144],[15.6799,19.2687],[15.6759,19.2232],[15.6718,19.1775],[15.6678,19.1319],[15.6638,19.0863],[15.6597,19.0406],[15.6557,18.9951],[15.6516,18.9494],[15.6476,18.9038],[15.6435,18.8582],[15.6396,18.8126],[15.6356,18.7669],[15.6315,18.7213],[15.6275,18.6757],[15.6235,18.6301],[15.6194,18.5845],[15.6153,18.5388],[15.6113,18.4932],[15.6072,18.4476],[15.6032,18.402],[15.5992,18.3563],[15.5952,18.3107],[15.5911,18.2651],[15.5872,18.2195],[15.5832,18.1739],[15.579,18.1282],[15.575,18.0826],[15.571,18.037],[15.5677,18.0],[15.5669,17.9914],[15.5629,17.9458],[15.5589,17.9001],[15.5548,17.8546],[15.5508,17.8089],[15.5468,17.7633],[15.5426,17.7177],[15.5386,17.672],[15.5347,17.6264],[15.5307,17.5807],[15.5266,17.5351],[15.5226,17.4895],[15.5186,17.4438],[15.5145,17.3983],[15.5105,17.3526],[15.5064,17.3071],[15.5023,17.2614],[15.4983,17.2157],[15.4943,17.1701],[15.4902,17.1245],[15.4862,17.0789],[15.4823,17.0333],[15.4783,16.9877],[15.4741,16.9421],[15.472,16.9167],[15.4685,16.9049],[15.4655,16.8947],[15.4524,16.8762],[15.4184,16.8409],[15.3624,16.7826],[15.3063,16.7242],[15.2502,16.6659],[15.194,16.6076],[15.1379,16.5493],[15.0818,16.4909],[15.0258,16.4325],[14.9697,16.3742],[14.9135,16.3159],[14.8574,16.2576],[14.8014,16.1992],[14.7454,16.1409],[14.6893,16.0825],[14.6331,16.0242],[14.5769,15.9658],[14.5208,15.9076],[14.4821,15.8673],[14.4235,15.8063],[14.369,15.7496],[14.3404,15.7107],[14.3107,15.6699],[14.2807,15.6293],[14.2509,15.5885],[14.2212,15.5477],[14.1912,15.507],[14.1614,15.4663],[14.1316,15.4255],[14.1017,15.3849],[14.0718,15.3442],[14.0421,15.3034],[14.0122,15.2627],[13.9823,15.222],[13.9526,15.1812],[13.9226,15.1405],[13.8928,15.0997],[13.863,15.0591],[13.8339,15.0196],[13.8081,14.9656],[13.7754,14.8974],[13.7605,14.8664],[13.7552,14.8472],[13.7539,14.8259],[13.7579,14.8055],[13.772,14.7629],[13.7732,14.7425],[13.7644,14.7191],[13.7492,14.7112],[13.73,14.7096],[13.71,14.7051],[13.7,14.6977],[13.6681,14.6629],[13.6483,14.6494],[13.6447,14.6442],[13.6463,14.6391],[13.657,14.6297],[13.6603,14.6237],[13.6667,14.5855],[13.6656,14.5669],[13.6579,14.5487],[13.6243,14.5213],[13.6081,14.5183],[13.5844,14.5138],[13.5439,14.5106],[13.5078,14.496],[13.4823,14.4836],[13.4495,14.439],[13.4492,14.3801],[13.4683,14.3107],[13.4823,14.2598],[13.4927,14.2139],[13.4997,14.182],[13.507,14.1501],[13.5142,14.1182],[13.5213,14.0864],[13.5285,14.0545],[13.5357,14.0227],[13.5428,13.9909],[13.55,13.959],[13.5572,13.9272],[13.5643,13.8952],[13.5715,13.8634],[13.5786,13.8315],[13.5858,13.7997],[13.5929,13.7678],[13.6002,13.736],[13.6073,13.7041],[13.36,13.7144],[13.3589,13.7142],[13.3299,13.7094],[13.3207,13.7023],[13.3212,13.6851],[13.306,13.6746],[13.2661,13.638],[13.2592,13.629],[13.2538,13.6189],[13.2535,13.6149],[13.2586,13.6078],[13.26,13.6021],[13.2573,13.5942],[13.2508,13.5928],[13.2438,13.5933],[13.2395,13.5916],[13.2302,13.5778],[13.2322,13.5729],[13.2464,13.5711],[13.2281,13.548],[13.2039,13.5394],[13.177,13.5345],[13.1502,13.5227],[13.1537,13.5307],[13.1559,13.5408],[13.1537,13.5488],[13.144,13.5506],[13.1384,13.5465],[13.131,13.5298],[13.1235,13.5227],[13.1238,13.5334],[13.1235,13.537],[13.1071,13.5316],[13.0883,13.5306],[13.077,13.5347],[13.0825,13.5444],[13.0825,13.5506],[13.0549,13.5484],[13.0293,13.5392],[12.9393,13.4951],[12.9117,13.4899],[12.8838,13.496],[12.8797,13.4797],[12.8706,13.4789],[12.8578,13.4849],[12.8423,13.4891],[12.8423,13.4817],[12.8506,13.4794],[12.8576,13.4753],[12.8639,13.4693],[12.8702,13.4612],[12.8571,13.4507],[12.8293,13.4203],[12.8285,13.4175],[12.83,13.4094],[12.8293,13.4066],[12.8263,13.4061],[12.8176,13.4073],[12.815,13.4066],[12.8107,13.4043],[12.7973,13.3996],[12.7945,13.3961],[12.7985,13.3843],[12.8048,13.3769],[12.8052,13.373],[12.7911,13.3718],[12.789,13.3755],[12.7833,13.3823],[12.7774,13.3867],[12.7746,13.3827],[12.7733,13.3822],[12.7665,13.3657],[12.7408,13.3348],[12.7244,13.3223],[12.7017,13.3172],[12.6901,13.312],[12.6831,13.2889],[12.6743,13.2837],[12.6592,13.2866],[12.6492,13.2936],[12.6407,13.3024],[12.63,13.3104],[12.6288,13.2942],[12.6268,13.2883],[12.6202,13.2814],[12.6133,13.2765],[12.6061,13.2742],[12.6027,13.28],[12.5976,13.2765],[12.5611,13.2428],[12.5582,13.2265],[12.5452,13.2082],[12.5383,13.1934],[12.5543,13.1875],[12.5479,13.1655],[12.5426,13.1548],[12.5345,13.1459],[12.527,13.1436],[12.5043,13.1396],[12.4998,13.136],[12.4912,13.0826],[12.4867,13.0708],[12.4727,13.0642],[12.4564,13.0674],[12.4373,13.074],[12.4143,13.0776],[12.3867,13.0786],[12.3516,13.0798],[12.3352,13.0845],[12.3257,13.0788],[12.3184,13.0839],[12.311,13.0926],[12.301,13.0981],[12.2915,13.0968],[12.2853,13.092],[12.2809,13.0869],[12.2772,13.0845],[12.2692,13.0859],[12.2674,13.0896],[12.267,13.0952],[12.2632,13.1019],[12.2518,13.108],[12.2014,13.1254],[12.1848,13.1221],[12.1638,13.108],[12.1496,13.1056],[12.1164,13.1028],[12.0576,13.1168],[12.038,13.1264],[11.9919,13.1621],[11.8528,13.2454],[11.7423,13.2894],[11.44,13.3644],[10.953,13.3619],[10.7713,13.3827],[10.675,13.3751],[10.6479,13.3694],[10.1615,13.2672],[10.1198,13.2501],[9.9301,13.146],[9.9124,13.1292],[9.9082,13.1188],[9.9044,13.0943],[9.8997,13.0843],[9.8918,13.0762],[9.8877,13.0755],[9.8827,13.0762],[9.872,13.0726],[9.8528,13.0604],[9.8193,13.0292],[9.6477,12.8305],[9.6407,12.8225],[9.6293,12.8128],[9.6184,12.8058],[9.6115,12.8029],[9.5903,12.8014],[9.3779,12.8258],[9.3598,12.8246],[9.3065,12.8098],[9.2694,12.8098],[8.9779,12.8432],[8.9428,12.8472],[8.6793,12.9236],[8.6427,12.9444],[8.6255,12.9648],[8.5968,13.0114],[8.5772,13.0324],[8.5335,13.0646],[8.5096,13.0759],[8.4827,13.0816],[8.4708,13.0817],[8.446,13.0787],[8.4345,13.0751],[8.4231,13.0695],[8.419,13.0667],[8.4152,13.0671],[8.4052,13.0709],[8.3978,13.0754],[8.298,13.1646],[8.2731,13.1939],[8.2598,13.2052],[8.2467,13.2113],[8.2457,13.2118],[8.216,13.2196],[8.2014,13.2264],[8.1676,13.2524],[8.1401,13.2691],[8.1166,13.2911],[8.1051,13.2997],[8.0775,13.31],[7.824,13.3453],[7.7897,13.342],[7.7556,13.3271],[7.392,13.1125],[7.3607,13.1026],[7.3248,13.1028],[7.2205,13.1216],[7.1982,13.1174],[7.1374,13.0472],[7.0901,13.0064],[7.0687,12.9961],[7.0629,12.9951],[7.0449,12.9922],[6.9705,12.9918],[6.9371,12.9954],[6.9066,13.0069],[6.8742,13.0305],[6.8379,13.0635],[6.7787,13.1303],[6.7539,13.1749],[6.6725,13.3212],[6.5093,13.4961],[6.3689,13.6263],[6.3022,13.6638],[6.2842,13.6677],[6.2298,13.6792],[6.2106,13.6753],[6.1528,13.6436],[6.1424,13.6408],[6.1358,13.6437],[6.1295,13.6491],[6.1204,13.6541],[5.8373,13.7637],[5.5543,13.8734],[5.5218,13.8803],[5.3741,13.8553],[5.3463,13.8416],[5.3348,13.8267],[5.3181,13.7899],[5.3042,13.7739],[5.2735,13.7525],[5.262,13.7477],[5.2276,13.7413],[5.0844,13.7475],[4.9832,13.7297],[4.9251,13.7331],[4.9024,13.743],[4.8798,13.764],[4.8569,13.7741],[4.8249,13.7707],[4.6258,13.7232],[4.5067,13.6947],[4.4526,13.6738],[4.4058,13.6412],[4.2485,13.4941],[4.2205,13.4806],[4.1905,13.475],[4.1258,13.473],[4.1237,13.2336],[4.1203,13.2106],[4.0888,12.9962],[3.9291,12.7504],[3.8644,12.6897],[3.6457,12.5285],[3.6416,12.518],[3.6515,12.269],[3.6245,12.1377],[3.624,12.0943],[3.6489,12.021],[3.6536,11.9868],[3.6366,11.9536],[3.6196,11.9363],[3.6085,11.922],[3.6039,11.9056],[3.6097,11.8488],[3.6129,11.839],[3.6186,11.8284],[3.622,11.825],[3.6263,11.8225],[3.6497,11.7978],[3.662,11.7795],[3.667,11.7597],[3.6599,11.7381],[3.6478,11.726],[3.5964,11.6958]]]}},{"type":"Feature","properties":{"ADM0_A3":"BFA","NAME":"Burkina Faso"},"geometry":{"type":"Polygon","coordinates":[[[2.3902,11.8965],[2.3541,11.7998],[2.34,11.7739],[2.3016,11.7315],[2.2908,11.7032],[2.2902,11.6857],[2.2911,11.6748],[2.2874,11.6653],[2.2736,11.6521],[2.2201,11.6225],[2.147,11.5637],[2.0154,11.4316],[2.0108,11.4269],[1.9834,11.414],[1.948,11.4167],[1.9058,11.4328],[1.8798,11.4449],[1.8676,11.4466],[1.858,11.4403],[1.8406,11.4455],[1.8215,11.4416],[1.7822,11.426],[1.7633,11.4247],[1.7191,11.4278],[1.7035,11.4229],[1.6844,11.4139],[1.6382,11.4042],[1.6211,11.3953],[1.6016,11.3887],[1.5806,11.4271],[1.5632,11.426],[1.565,11.4326],[1.5673,11.4467],[1.5693,11.4533],[1.4753,11.4608],[1.456,11.4647],[1.4396,11.4738],[1.4338,11.4594],[1.4236,11.4539],[1.4232,11.4537],[1.4111,11.4498],[1.3981,11.4403],[1.3898,11.4284],[1.3886,11.42],[1.3981,11.3987],[1.3817,11.3887],[1.359,11.3789],[1.3391,11.3661],[1.3304,11.3472],[1.3362,11.33],[1.3459,11.3163],[1.3479,11.3035],[1.3304,11.2888],[1.3235,11.2971],[1.3163,11.2999],[1.3093,11.2971],[1.3025,11.2888],[1.2962,11.2996],[1.2845,11.3127],[1.2733,11.3182],[1.2684,11.3062],[1.2705,11.2983],[1.2804,11.2887],[1.2826,11.2789],[1.2811,11.2711],[1.2684,11.2479],[1.2352,11.2635],[1.219,11.268],[1.2001,11.269],[1.1914,11.267],[1.1862,11.2639],[1.1809,11.2614],[1.1722,11.2615],[1.1735,11.2666],[1.166,11.278],[1.1563,11.2855],[1.1459,11.2699],[1.1356,11.2601],[1.1306,11.2476],[1.1493,11.2172],[1.1532,11.1832],[1.1584,11.1659],[1.1481,11.1695],[1.1281,11.1789],[1.1175,11.179],[1.113,11.1739],[1.1062,11.1557],[1.1004,11.1516],[1.0675,11.1443],[1.0623,11.1421],[1.0633,11.127],[1.067,11.1283],[1.0734,11.1339],[1.0828,11.1318],[1.0839,11.1277],[1.0821,11.1153],[1.0828,11.1107],[1.0856,11.1087],[1.0952,11.1044],[1.097,11.1045],[1.0991,11.0926],[1.0993,11.0813],[1.1009,11.0704],[1.1073,11.0598],[1.1186,11.0482],[1.1175,11.0322],[1.1142,11.0277],[1.1068,11.0344],[1.0997,11.0444],[1.097,11.0493],[1.0869,11.0527],[1.0561,11.0561],[1.0522,11.055],[1.0413,11.0496],[1.035,11.0493],[1.0332,11.0516],[1.028,11.0613],[1.0251,11.0635],[1.0197,11.0657],[1.0146,11.0704],[1.0079,11.0751],[0.986,11.0785],[0.9814,11.0801],[0.9769,11.0784],[0.9703,11.0695],[0.9644,11.0574],[0.9559,11.0447],[0.9524,11.0424],[0.9513,11.0323],[0.9518,11.0211],[0.9553,11.012],[0.9633,11.0083],[0.9691,11.0029],[0.97,10.9912],[0.9675,10.9795],[0.9633,10.9741],[0.9454,10.9743],[0.932,10.9761],[0.9015,10.9927],[0.7716,10.9904],[0.6753,10.9885],[0.6126,10.9766],[0.4876,10.9332],[0.4997,10.9757],[0.4836,10.9797],[0.4871,10.9837],[0.4886,10.9878],[0.4893,10.9919],[0.4906,10.9964],[0.4901,10.9995],[0.4888,11.0018],[0.4866,11.0032],[0.3748,11.0258],[0.2876,11.0434],[0.0596,11.0894],[-0.0631,11.1142],[-0.1151,11.1247],[-0.1661,11.135],[-0.3017,11.1629],[-0.3045,11.1468],[-0.3005,11.1374],[-0.2983,11.1284],[-0.3061,11.1135],[-0.3188,11.1014],[-0.3689,11.0652],[-0.3869,11.0864],[-0.4059,11.1015],[-0.4252,11.1015],[-0.4444,11.0774],[-0.449,11.0629],[-0.4513,11.0402],[-0.4567,11.0296],[-0.4685,11.0201],[-0.4948,11.0078],[-0.5042,10.9964],[-0.5042,10.9962],[-0.5067,10.9937],[-0.5097,10.9914],[-0.513,10.9897],[-0.5165,10.9886],[-0.5554,10.99],[-0.5762,10.9878],[-0.5906,10.9824],[-0.5998,10.9658],[-0.6071,10.9412],[-0.6172,10.9186],[-0.6348,10.908],[-0.6828,10.9536],[-0.6798,10.9606],[-0.6723,10.9685],[-0.668,10.9765],[-0.6739,10.9835],[-0.6832,10.9843],[-0.6902,10.9818],[-0.6947,10.9827],[-0.696,10.994],[-0.703,10.9942],[-0.817,10.9962],[-0.817,10.9965],[-0.8221,11.0036],[-0.8278,11.0058],[-0.8337,11.0034],[-0.8394,10.9965],[-0.8608,10.9929],[-0.8832,10.9686],[-0.9006,10.9662],[-0.8939,10.9799],[-0.9044,10.9795],[-0.9095,10.9827],[-0.9165,10.9962],[-0.924,11.0014],[-0.9325,11.0031],[-1.0703,11.0139],[-1.0987,11.0096],[-1.1076,10.9943],[-1.2281,10.9955],[-1.3553,10.9967],[-1.3803,11.0013],[-1.4136,11.014],[-1.4236,11.0179],[-1.4361,11.0227],[-1.5624,11.0266],[-1.5798,11.0212],[-1.587,11.0037],[-1.5987,10.9971],[-1.7541,10.9956],[-1.9729,10.9935],[-2.1979,10.9913],[-2.4398,10.9889],[-2.635,10.987],[-2.7288,10.9861],[-2.7507,10.9858],[-2.7511,10.9965],[-2.8373,10.998],[-2.8359,10.9922],[-2.8387,10.9851],[-2.8327,10.966],[-2.8218,10.9483],[-2.8158,10.9292],[-2.8214,10.9063],[-2.8349,10.8916],[-2.8508,10.8795],[-2.8642,10.8643],[-2.8716,10.8434],[-2.8827,10.7971],[-2.8995,10.77],[-2.9031,10.7471],[-2.9086,10.7377],[-2.9193,10.7272],[-2.9223,10.7212],[-2.92,10.7111],[-2.9189,10.7066],[-2.9169,10.7066],[-2.9126,10.7058],[-2.908,10.7036],[-2.9051,10.6992],[-2.9051,10.6927],[-2.9073,10.6883],[-2.9102,10.6845],[-2.9163,10.6681],[-2.9297,10.6442],[-2.9325,10.6343],[-2.9283,10.6152],[-2.8983,10.5626],[-2.8959,10.5528],[-2.8942,10.5314],[-2.8915,10.5217],[-2.8869,10.5158],[-2.8734,10.5025],[-2.8704,10.4978],[-2.8674,10.4782],[-2.8596,10.4656],[-2.8244,10.435],[-2.8121,10.4288],[-2.7959,10.4261],[-2.7714,10.4255],[-2.7676,10.4212],[-2.7719,10.4118],[-2.781,10.4024],[-2.792,10.3982],[-2.8049,10.3971],[-2.8146,10.3937],[-2.8223,10.3876],[-2.8295,10.3783],[-2.8363,10.3637],[-2.8413,10.3433],[-2.8413,10.3223],[-2.8332,10.306],[-2.8244,10.3022],[-2.8142,10.3011],[-2.8057,10.299],[-2.8021,10.2923],[-2.7997,10.2809],[-2.7932,10.2785],[-2.7845,10.2788],[-2.7748,10.2752],[-2.7649,10.2691],[-2.7584,10.2661],[-2.7549,10.2608],[-2.7544,10.248],[-2.7577,10.2346],[-2.7651,10.2258],[-2.7854,10.2101],[-2.7985,10.1895],[-2.7989,10.1696],[-2.7885,10.1244],[-2.7885,10.0388],[-2.7836,10.0185],[-2.7609,9.9848],[-2.7544,9.9668],[-2.7556,9.9412],[-2.7649,9.8958],[-2.7605,9.8705],[-2.7368,9.8326],[-2.7339,9.8228],[-2.7403,9.8126],[-2.7748,9.7743],[-2.7916,9.7409],[-2.7953,9.72],[-2.7885,9.6993],[-2.7803,9.6902],[-2.7748,9.6893],[-2.7693,9.6899],[-2.7605,9.6856],[-2.7555,9.6775],[-2.7542,9.6684],[-2.751,9.6592],[-2.7434,9.6533],[-2.7402,9.6508],[-2.7529,9.6399],[-2.7615,9.6253],[-2.7665,9.6089],[-2.768,9.5928],[-2.7663,9.5765],[-2.7611,9.5662],[-2.7253,9.5339],[-2.6892,9.4887],[-2.7205,9.4592],[-2.7449,9.4081],[-2.7637,9.3919],[-2.7876,9.3937],[-2.8104,9.4111],[-2.9102,9.5427],[-2.9599,9.6386],[-2.9778,9.6852],[-2.99,9.7084],[-3.0057,9.7242],[-3.0246,9.7286],[-3.0591,9.7186],[-3.0771,9.7194],[-3.0946,9.7339],[-3.1044,9.7571],[-3.1169,9.8053],[-3.1369,9.8295],[-3.1601,9.8347],[-3.1826,9.8352],[-3.2,9.8454],[-3.2044,9.8654],[-3.2022,9.889],[-3.2026,9.9082],[-3.2148,9.9156],[-3.2302,9.9047],[-3.2641,9.8571],[-3.2779,9.8435],[-3.3017,9.8411],[-3.3118,9.8541],[-3.3136,9.8746],[-3.3127,9.8945],[-3.3172,9.9013],[-3.3275,9.8973],[-3.3392,9.8901],[-3.3483,9.887],[-3.359,9.8925],[-3.3766,9.9085],[-3.3892,9.9132],[-3.5465,9.9261],[-3.6063,9.9182],[-3.6233,9.9217],[-3.634,9.9292],[-3.6405,9.9374],[-3.6482,9.9446],[-3.6617,9.9489],[-3.665,9.9466],[-3.6743,9.9353],[-3.6796,9.9322],[-3.6859,9.9335],[-3.699,9.9408],[-3.7065,9.9418],[-3.755,9.9359],[-3.7696,9.9313],[-3.7797,9.9247],[-3.7958,9.9077],[-3.8043,9.9014],[-3.8235,9.8957],[-3.8897,9.8945],[-3.8916,9.8939],[-3.9101,9.8885],[-3.9477,9.8644],[-3.9692,9.859],[-3.984,9.8512],[-3.9883,9.8348],[-3.9946,9.8208],[-4.0267,9.8203],[-4.035,9.8176],[-4.0503,9.8103],[-4.0514,9.8076],[-4.0517,9.8023],[-4.0537,9.7976],[-4.0599,9.7963],[-4.0657,9.7981],[-4.0762,9.8038],[-4.133,9.8204],[-4.1503,9.8183],[-4.1683,9.8048],[-4.197,9.765],[-4.2154,9.7549],[-4.2531,9.7501],[-4.2703,9.7439],[-4.2836,9.732],[-4.2792,9.7311],[-4.2675,9.7273],[-4.2978,9.6958],[-4.3033,9.6867],[-4.3035,9.6779],[-4.3005,9.6543],[-4.303,9.6417],[-4.3159,9.6166],[-4.3225,9.609],[-4.3225,9.6089],[-4.3497,9.62],[-4.365,9.6242],[-4.368,9.6084],[-4.3678,9.592],[-4.3712,9.583],[-4.3849,9.5894],[-4.3916,9.6003],[-4.4002,9.6331],[-4.4091,9.6477],[-4.4334,9.6535],[-4.4692,9.6518],[-4.5017,9.655],[-4.5159,9.6757],[-4.5136,9.694],[-4.5038,9.7199],[-4.5016,9.7371],[-4.504,9.742],[-4.51,9.7451],[-4.5178,9.7466],[-4.5359,9.7466],[-4.5391,9.7447],[-4.5399,9.7408],[-4.5431,9.734],[-4.548,9.7203],[-4.5484,9.7068],[-4.5522,9.6965],[-4.5667,9.6924],[-4.5783,9.6965],[-4.5927,9.7178],[-4.604,9.7272],[-4.6169,9.7139],[-4.6287,9.7077],[-4.6411,9.706],[-4.6558,9.7061],[-4.6547,9.7035],[-4.6583,9.6976],[-4.6648,9.6909],[-4.6729,9.6856],[-4.6811,9.6821],[-4.6818,9.6828],[-4.6815,9.6867],[-4.6866,9.6924],[-4.7001,9.6979],[-4.7055,9.7021],[-4.7076,9.7098],[-4.7091,9.7203],[-4.7128,9.7268],[-4.7244,9.7371],[-4.73,9.7442],[-4.7333,9.7496],[-4.7383,9.7532],[-4.7486,9.7545],[-4.7586,9.7533],[-4.7621,9.7499],[-4.7605,9.7453],[-4.7548,9.7402],[-4.77,9.7374],[-4.7832,9.7584],[-4.7964,9.7545],[-4.7993,9.7625],[-4.8012,9.7665],[-4.8101,9.7743],[-4.8101,9.7818],[-4.8004,9.7811],[-4.7919,9.7823],[-4.7759,9.788],[-4.7854,9.8048],[-4.7903,9.8275],[-4.7985,9.8425],[-4.8176,9.8365],[-4.8243,9.857],[-4.8385,9.8695],[-4.8583,9.8757],[-4.8817,9.8774],[-4.8901,9.8795],[-4.8935,9.8842],[-4.898,9.8889],[-4.9094,9.8911],[-4.9171,9.8865],[-4.9224,9.8775],[-4.928,9.8709],[-4.9367,9.874],[-4.9661,9.901],[-4.9673,9.9124],[-4.9529,9.9534],[-4.9548,9.9597],[-4.9657,9.9831],[-4.9769,9.9976],[-4.9814,10.0077],[-4.9602,10.0085],[-4.9564,10.022],[-4.9633,10.0403],[-4.9745,10.0555],[-4.9866,10.0633],[-4.9998,10.0695],[-5.0105,10.0791],[-5.0156,10.0971],[-5.0255,10.0887],[-5.0372,10.0838],[-5.0483,10.0854],[-5.0565,10.0971],[-5.0429,10.1033],[-5.0494,10.1054],[-5.0551,10.108],[-5.0617,10.1101],[-5.0701,10.1102],[-5.061,10.1185],[-5.0376,10.1265],[-5.0395,10.1343],[-5.0647,10.1508],[-5.0707,10.161],[-5.064,10.179],[-5.0907,10.1779],[-5.0902,10.1888],[-5.0816,10.2069],[-5.0844,10.2274],[-5.0873,10.2208],[-5.0919,10.2143],[-5.0978,10.2093],[-5.1049,10.2069],[-5.1171,10.208],[-5.1182,10.2125],[-5.1144,10.2183],[-5.1118,10.2237],[-5.1118,10.2787],[-5.1192,10.2935],[-5.1199,10.294],[-5.1357,10.3043],[-5.1521,10.3056],[-5.1595,10.2923],[-5.1684,10.2913],[-5.2176,10.3199],[-5.2336,10.3157],[-5.2798,10.3224],[-5.2966,10.323],[-5.3041,10.3184],[-5.3092,10.3115],[-5.3155,10.3053],[-5.3271,10.3026],[-5.3385,10.3022],[-5.3438,10.3031],[-5.3482,10.306],[-5.3533,10.3083],[-5.3571,10.3044],[-5.3608,10.2988],[-5.3655,10.2957],[-5.3857,10.2965],[-5.4025,10.3006],[-5.4162,10.3075],[-5.427,10.3169],[-5.4301,10.3229],[-5.4335,10.3319],[-5.4378,10.34],[-5.4438,10.3435],[-5.453,10.3439],[-5.4599,10.3452],[-5.4742,10.3503],[-5.4753,10.3677],[-5.4875,10.3929],[-5.5051,10.4156],[-5.5226,10.4255],[-5.5171,10.44],[-5.509,10.4909],[-5.5052,10.4992],[-5.4817,10.5353],[-5.4681,10.5878],[-5.4711,10.5974],[-5.4786,10.6042],[-5.4774,10.6196],[-5.4705,10.6356],[-5.4606,10.6446],[-5.4759,10.6504],[-5.4772,10.6588],[-5.4821,10.6752],[-5.4826,10.6842],[-5.4731,10.7379],[-5.468,10.7527],[-5.4612,10.76],[-5.453,10.764],[-5.4465,10.7687],[-5.445,10.7786],[-5.4453,10.787],[-5.4314,10.8447],[-5.4351,10.8569],[-5.447,10.878],[-5.4656,10.9479],[-5.4791,10.9755],[-5.5018,10.9702],[-5.4956,10.9962],[-5.5056,11.048],[-5.5073,11.0569],[-5.5042,11.0727],[-5.4898,11.0821],[-5.3901,11.0947],[-5.373,11.0998],[-5.3563,11.1069],[-5.3325,11.1216],[-5.3223,11.1355],[-5.3162,11.1763],[-5.3067,11.1994],[-5.2753,11.2307],[-5.2629,11.2516],[-5.2609,11.2677],[-5.2679,11.372],[-5.2635,11.3902],[-5.2482,11.4032],[-5.2264,11.4135],[-5.2183,11.4222],[-5.2192,11.4351],[-5.2246,11.458],[-5.2247,11.5408],[-5.2339,11.576],[-5.2695,11.6041],[-5.2807,11.6058],[-5.291,11.6045],[-5.3,11.6064],[-5.3076,11.6176],[-5.3078,11.629],[-5.3023,11.6399],[-5.2948,11.6503],[-5.2893,11.6604],[-5.2807,11.6995],[-5.2786,11.7215],[-5.2795,11.739],[-5.2871,11.7589],[-5.299,11.7727],[-5.3148,11.7825],[-5.3343,11.7908],[-5.3447,11.7939],[-5.3533,11.7945],[-5.3706,11.7911],[-5.3745,11.7952],[-5.4004,11.8102],[-5.406,11.8123],[-5.4122,11.8236],[-5.4124,11.8285],[-5.4059,11.8304],[-5.3923,11.8324],[-5.3879,11.8308],[-5.3756,11.8222],[-5.3699,11.8202],[-5.3646,11.8218],[-5.3571,11.8296],[-5.3538,11.8317],[-5.319,11.8374],[-5.3148,11.8393],[-5.3111,11.8429],[-5.3065,11.846],[-5.3002,11.8464],[-5.2934,11.8432],[-5.288,11.8391],[-5.2825,11.8364],[-5.2752,11.8374],[-5.2682,11.8431],[-5.2482,11.8704],[-5.2095,11.9015],[-5.1829,11.9309],[-5.1678,11.9437],[-5.137,11.9531],[-5.1039,11.9728],[-5.0893,11.9793],[-5.0738,11.9805],[-5.0343,11.9793],[-5.016,11.9813],[-5.0047,11.9807],[-4.9942,11.9832],[-4.9845,11.9886],[-4.9755,11.9963],[-4.9538,12.0051],[-4.9321,12.0031],[-4.9107,11.9981],[-4.89,11.9979],[-4.8472,12.0131],[-4.8262,12.0127],[-4.8068,11.9963],[-4.7895,12.0018],[-4.7613,12.0066],[-4.7469,12.0151],[-4.739,12.0252],[-4.7323,12.0373],[-4.7251,12.0501],[-4.7146,12.059],[-4.704,12.0615],[-4.6837,12.0591],[-4.6736,12.0597],[-4.6537,12.0691],[-4.6527,12.0716],[-4.6487,12.082],[-4.6467,12.098],[-4.6361,12.1176],[-4.6003,12.1376],[-4.5702,12.1389],[-4.5605,12.1495],[-4.5855,12.1972],[-4.4974,12.2687],[-4.4935,12.2728],[-4.4923,12.2788],[-4.494,12.2901],[-4.4905,12.3058],[-4.4907,12.3138],[-4.4882,12.3207],[-4.4772,12.3273],[-4.4625,12.3282],[-4.4527,12.3203],[-4.4448,12.3094],[-4.4358,12.3017],[-4.4061,12.3075],[-4.4154,12.3503],[-4.4516,12.4353],[-4.4437,12.4594],[-4.4266,12.4797],[-4.4076,12.4979],[-4.3934,12.5164],[-4.3869,12.5302],[-4.3872,12.534],[-4.3926,12.5374],[-4.4014,12.5504],[-4.4225,12.5972],[-4.4391,12.6133],[-4.4825,12.6463],[-4.4913,12.6628],[-4.4853,12.7147],[-4.4817,12.7174],[-4.4749,12.7158],[-4.4644,12.7173],[-4.4353,12.7284],[-4.402,12.7366],[-4.3689,12.739],[-4.3394,12.7328],[-4.3109,12.716],[-4.2972,12.7121],[-4.2763,12.7147],[-4.2576,12.7209],[-4.2455,12.7289],[-4.244,12.7299],[-4.2341,12.7424],[-4.2133,12.8072],[-4.2119,12.8192],[-4.2246,12.8645],[-4.2213,12.9213],[-4.2293,12.949],[-4.2478,12.9719],[-4.2769,12.9962],[-4.2897,13.0135],[-4.3164,13.0709],[-4.3454,13.0971],[-4.3511,13.1061],[-4.3511,13.1183],[-4.3459,13.1271],[-4.3396,13.1353],[-4.327,13.1686],[-4.3102,13.1756],[-4.2462,13.1725],[-4.2348,13.1756],[-4.2278,13.1844],[-4.23,13.1931],[-4.2512,13.2048],[-4.2581,13.2141],[-4.2535,13.2291],[-4.2388,13.2468],[-4.2207,13.2628],[-4.2055,13.273],[-4.1958,13.2747],[-4.1865,13.2728],[-4.1769,13.2724],[-4.166,13.2782],[-4.1471,13.2996],[-4.1316,13.3238],[-4.1147,13.3645],[-4.1043,13.3827],[-4.0875,13.398],[-4.0793,13.4021],[-4.0525,13.409],[-4.0435,13.4145],[-4.0282,13.4315],[-4.016,13.4358],[-4.0054,13.4395],[-3.9902,13.4491],[-3.9769,13.4606],[-3.9716,13.47],[-3.9795,13.4754],[-3.9922,13.4762],[-3.998,13.4805],[-3.9845,13.4961],[-3.9813,13.499],[-3.9777,13.4999],[-3.9741,13.4989],[-3.9703,13.4962],[-3.9655,13.4892],[-3.9645,13.4878],[-3.9593,13.4679],[-3.9561,13.4617],[-3.9475,13.4582],[-3.9234,13.4538],[-3.918,13.4511],[-3.9186,13.4403],[-3.9255,13.4363],[-3.9349,13.4349],[-3.9427,13.4319],[-3.963,13.4132],[-3.9716,13.4083],[-3.984,13.3965],[-3.9716,13.3868],[-3.9484,13.3808],[-3.9288,13.3803],[-3.9089,13.382],[-3.8926,13.3789],[-3.8581,13.3655],[-3.8171,13.3547],[-3.7986,13.3471],[-3.7244,13.2888],[-3.6787,13.2617],[-3.5969,13.1994],[-3.5898,13.1974],[-3.5766,13.1993],[-3.57,13.1968],[-3.5539,13.1803],[-3.545,13.1745],[-3.5385,13.1734],[-3.5161,13.1739],[-3.4739,13.1676],[-3.4616,13.1658],[-3.4495,13.1688],[-3.4395,13.1849],[-3.4406,13.2028],[-3.4523,13.2375],[-3.4485,13.2658],[-3.4265,13.2742],[-3.2624,13.2839],[-3.2486,13.2928],[-3.284,13.5422],[-3.2692,13.5791],[-3.2639,13.6027],[-3.2597,13.6583],[-3.2663,13.6823],[-3.287,13.6978],[-3.2671,13.717],[-3.2404,13.708],[-3.1958,13.6749],[-3.1679,13.6721],[-3.146,13.6767],[-3.1251,13.6773],[-3.1,13.6627],[-3.0822,13.6462],[-3.0773,13.6368],[-3.0745,13.6221],[-3.0675,13.6068],[-3.056,13.6108],[-3.0386,13.6296],[-3.027,13.6353],[-3.0191,13.6375],[-2.9948,13.635],[-2.9864,13.6321],[-2.9793,13.6276],[-2.9723,13.6245],[-2.965,13.6257],[-2.9305,13.6385],[-2.8952,13.6516],[-2.9234,13.746],[-2.9281,13.7996],[-2.9122,13.8379],[-2.8945,13.8666],[-2.8554,13.9962],[-2.857,13.9978],[-2.8586,14.0002],[-2.8616,14.0017],[-2.8673,14.0005],[-2.8409,14.043],[-2.6932,14.1232],[-2.6763,14.1417],[-2.6198,14.2036],[-2.5974,14.2223],[-2.5161,14.2679],[-2.4617,14.2809],[-2.3856,14.2647],[-2.1519,14.1561],[-2.1198,14.1488],[-2.1043,14.1512],[-2.085,14.1597],[-2.0359,14.1812],[-2.0273,14.1881],[-2.0234,14.1986],[-2.005,14.4442],[-1.9971,14.4707],[-1.967,14.4837],[-1.9191,14.4859],[-1.837,14.4796],[-1.7667,14.4832],[-1.6969,14.4961],[-1.3503,14.715],[-1.3077,14.7347],[-1.1167,14.7804],[-1.0786,14.7964],[-1.0433,14.8179],[-1.0431,14.8181],[-0.8364,14.996],[-0.8362,14.9961],[-0.7828,15.0484],[-0.7713,15.0566],[-0.7529,15.0697],[-0.7197,15.0785],[-0.5003,15.0797],[-0.4679,15.0799],[-0.4586,15.0755],[-0.4356,15.0152],[-0.4257,15.0026],[-0.3977,15.0021],[-0.3615,15.0177],[-0.2992,15.0547],[-0.2367,15.0656],[-0.167,15.0497],[-0.0334,14.9959],[-0.0332,14.9959],[0.2185,14.911],[0.2208,14.8882],[0.2119,14.8748],[0.198,14.8638],[0.1858,14.8482],[0.1841,14.8196],[0.2131,14.7616],[0.2197,14.7312],[0.1529,14.5467],[0.1588,14.4961],[0.1887,14.4477],[0.2024,14.4355],[0.3464,14.3076],[0.3888,14.2516],[0.3916,14.2459],[0.3906,14.2376],[0.3811,14.2257],[0.3774,14.2166],[0.3722,14.1856],[0.3674,14.1738],[0.3435,14.1375],[0.3392,14.1258],[0.3436,14.1143],[0.3563,14.0957],[0.3625,14.0889],[0.3687,14.0842],[0.3742,14.0789],[0.3785,14.0704],[0.3773,14.0639],[0.3691,14.0479],[0.3692,14.0391],[0.3784,14.0288],[0.3914,14.0226],[0.4019,14.0138],[0.4039,13.9961],[0.4119,13.9784],[0.4284,13.9675],[0.4459,13.9586],[0.4567,13.9468],[0.4563,13.9381],[0.4481,13.9201],[0.4486,13.9096],[0.4548,13.9024],[0.4757,13.8889],[0.4835,13.8803],[0.492,13.8618],[0.4999,13.851],[0.5041,13.8454],[0.5193,13.8316],[0.553,13.81],[0.5632,13.7968],[0.5745,13.785],[0.5937,13.7781],[0.6005,13.7687],[0.5945,13.7499],[0.5848,13.729],[0.5805,13.7138],[0.5943,13.6889],[0.6207,13.68],[0.7534,13.6841],[0.7635,13.682],[0.7664,13.6751],[0.7662,13.667],[0.767,13.6609],[0.7663,13.6572],[0.7629,13.653],[0.7637,13.6464],[0.7757,13.6353],[0.7953,13.626],[0.8131,13.625],[0.8507,13.6286],[0.8969,13.6149],[0.951,13.5832],[0.9914,13.5411],[0.9966,13.4961],[1.0153,13.4657],[1.0482,13.4419],[1.1572,13.3926],[1.175,13.3869],[1.2174,13.3818],[1.2343,13.3776],[1.2496,13.3671],[1.2687,13.3461],[1.2415,13.3355],[1.2221,13.3446],[1.2057,13.3589],[1.1877,13.3641],[1.1824,13.3587],[1.1776,13.3476],[1.1676,13.3134],[1.1607,13.3113],[1.1385,13.3204],[1.0847,13.3336],[1.0047,13.3648],[0.9835,13.3684],[0.9704,13.3283],[0.9708,13.2435],[0.9713,13.1494],[0.9717,13.0858],[0.9718,13.0673],[0.9746,13.0483],[0.9835,13.0324],[1.0123,13.0169],[1.0838,13.011],[1.114,12.9962],[1.1709,12.9492],[1.2308,12.8998],[1.3048,12.8385],[1.3306,12.8172],[1.412,12.7499],[1.4671,12.7044],[1.5359,12.6475],[1.5639,12.6321],[1.597,12.6237],[1.6995,12.6149],[1.8261,12.6042],[1.8437,12.6061],[1.8607,12.6171],[1.8727,12.6342],[1.8832,12.654],[1.9002,12.6785],[1.907,12.6918],[1.9114,12.6966],[1.9196,12.6983],[1.9266,12.695],[1.9345,12.6935],[1.9455,12.7008],[1.9625,12.7191],[1.9717,12.7242],[2.0689,12.7163],[2.109,12.7056],[2.1352,12.6756],[2.141,12.6561],[2.1448,12.6508],[2.1555,12.64],[2.166,12.6317],[2.1843,12.6206],[2.1933,12.6095],[2.2,12.5959],[2.2032,12.5833],[2.2109,12.5231],[2.2157,12.5103],[2.2239,12.4948],[2.2296,12.4871],[2.2423,12.4735],[2.2463,12.4659],[2.2463,12.4617],[2.2431,12.4512],[2.243,12.4462],[2.245,12.4242],[2.2379,12.4135],[2.2233,12.4097],[2.1638,12.4048],[2.1588,12.4057],[2.148,12.4108],[2.145,12.4117],[2.1387,12.4083],[2.1315,12.3985],[2.1269,12.3951],[2.0693,12.3833],[2.0542,12.3709],[2.0518,12.3419],[2.0709,12.3069],[2.1138,12.248],[2.1885,12.1455],[2.2588,12.0488],[2.3381,11.9401],[2.3902,11.8965]]]}},{"type":"Feature","properties":{"ADM0_A3":"TGO","NAME":"Togo"},"geometry":{"type":"Polygon","coordinates":[[[-0.1661,11.135],[-0.1151,11.1247],[-0.0631,11.1142],[0.0596,11.0894],[0.2876,11.0434],[0.3748,11.0258],[0.4866,11.0032],[0.4888,11.0018],[0.4901,10.9995],[0.4906,10.9964],[0.4893,10.9919],[0.4886,10.9878],[0.4871,10.9837],[0.4836,10.9797],[0.4997,10.9757],[0.4876,10.9332],[0.6126,10.9766],[0.6753,10.9885],[0.7716,10.9904],[0.9015,10.9927],[0.8758,10.9312],[0.8729,10.9113],[0.8753,10.9005],[0.8837,10.8802],[0.8851,10.8694],[0.8695,10.8399],[0.8676,10.8292],[0.866,10.8064],[0.8629,10.7961],[0.85,10.7777],[0.7956,10.7265],[0.7813,10.693],[0.7892,10.6029],[0.7885,10.5639],[0.7738,10.5081],[0.7599,10.4052],[0.7607,10.3822],[0.7688,10.3671],[0.8444,10.3172],[0.9395,10.2545],[0.9971,10.2166],[1.0822,10.1604],[1.2255,10.0661],[1.331,9.9965],[1.3438,9.9624],[1.3439,9.9548],[1.3451,9.8811],[1.3469,9.7718],[1.3482,9.6942],[1.356,9.6475],[1.3546,9.6353],[1.3522,9.6254],[1.3525,9.6053],[1.3513,9.5951],[1.3451,9.5824],[1.3273,9.5553],[1.3232,9.5423],[1.3264,9.522],[1.3365,9.4975],[1.3513,9.4825],[1.3684,9.4908],[1.3799,9.4625],[1.3867,9.3611],[1.4012,9.3213],[1.4201,9.2923],[1.4253,9.2845],[1.5052,9.2015],[1.5673,9.1367],[1.5878,9.1009],[1.5958,9.0768],[1.6012,9.0495],[1.6028,8.9244],[1.6043,8.8152],[1.6055,8.7225],[1.6072,8.5886],[1.6076,8.5588],[1.609,8.547],[1.6141,8.5358],[1.6399,8.5033],[1.6442,8.4935],[1.6404,8.4758],[1.6076,8.4219],[1.606,8.4134],[1.606,8.396],[1.6011,8.3716],[1.6039,8.3675],[1.6099,8.3655],[1.6149,8.3563],[1.6256,8.2705],[1.6238,8.1559],[1.6213,7.9966],[1.6219,7.8383],[1.6228,7.6401],[1.6229,7.6225],[1.6233,7.5364],[1.6237,7.4381],[1.6243,7.2888],[1.6249,7.1436],[1.6257,6.9968],[1.6075,6.9914],[1.5319,6.9919],[1.5514,6.9209],[1.5626,6.9043],[1.5642,6.9031],[1.5791,6.892],[1.588,6.8812],[1.5901,6.8673],[1.5826,6.8253],[1.5832,6.8083],[1.5875,6.791],[1.5952,6.7706],[1.6011,6.7464],[1.597,6.731],[1.5892,6.7205],[1.5743,6.7006],[1.566,6.6781],[1.5724,6.6669],[1.5854,6.6564],[1.5963,6.6364],[1.5965,6.6286],[1.5948,6.6203],[1.5941,6.611],[1.5973,6.6008],[1.6033,6.5926],[1.6112,6.5847],[1.6196,6.578],[1.6274,6.5733],[1.6368,6.5723],[1.6466,6.5732],[1.6539,6.5707],[1.6552,6.5592],[1.6578,6.5523],[1.6744,6.5386],[1.6808,6.5301],[1.682,6.52],[1.6795,6.4986],[1.6817,6.4898],[1.6883,6.4844],[1.7098,6.4734],[1.7184,6.467],[1.7441,6.4257],[1.7635,6.3506],[1.7824,6.2773],[1.7616,6.276],[1.6331,6.2457],[1.6124,6.2348],[1.6196,6.2139],[1.6193,6.2138],[1.4295,6.182],[1.271,6.1337],[1.1996,6.1025],[1.1916,6.1019],[1.1854,6.1005],[1.188,6.1356],[1.1762,6.1515],[1.0934,6.1609],[1.0797,6.1679],[1.0689,6.1803],[1.0558,6.2006],[1.0481,6.2094],[1.0406,6.2135],[1.0331,6.2165],[1.0252,6.2223],[1.0097,6.2445],[0.9835,6.3246],[0.9073,6.3249],[0.8868,6.3304],[0.8739,6.3401],[0.8413,6.3792],[0.8162,6.3951],[0.7668,6.4194],[0.7457,6.4409],[0.7299,6.4651],[0.7179,6.4888],[0.7117,6.5134],[0.7131,6.5339],[0.7135,6.54],[0.7198,6.5527],[0.7268,6.5621],[0.7274,6.5714],[0.7146,6.5839],[0.7055,6.5858],[0.6776,6.5849],[0.6682,6.5858],[0.6594,6.6017],[0.6454,6.612],[0.6322,6.624],[0.6267,6.6449],[0.6353,6.6954],[0.6343,6.7116],[0.6258,6.7278],[0.6113,6.7415],[0.5938,6.7511],[0.5766,6.7547],[0.57,6.7635],[0.5411,6.8172],[0.5289,6.8265],[0.5193,6.8322],[0.5161,6.8418],[0.5228,6.8628],[0.5439,6.8979],[0.5463,6.9148],[0.5345,6.9359],[0.506,6.9578],[0.4946,6.9731],[0.5091,6.9776],[0.5238,6.9787],[0.566,6.9897],[0.5789,6.9968],[0.598,7.0312],[0.5988,7.0747],[0.5943,7.1197],[0.5977,7.1589],[0.6218,7.2188],[0.6311,7.2652],[0.6444,7.3019],[0.6457,7.3236],[0.6297,7.3892],[0.623,7.3979],[0.5862,7.3844],[0.5664,7.3808],[0.5482,7.3833],[0.5167,7.411],[0.5006,7.455],[0.4956,7.5043],[0.4994,7.5624],[0.503,7.5747],[0.5092,7.5854],[0.5194,7.5952],[0.5325,7.601],[0.5485,7.6054],[0.5621,7.6123],[0.5677,7.6257],[0.5674,7.6529],[0.5705,7.6839],[0.5834,7.7043],[0.6123,7.6994],[0.6095,7.719],[0.6117,7.7713],[0.6026,7.8284],[0.6034,7.8883],[0.6027,7.8931],[0.5929,7.9593],[0.5937,7.9966],[0.5932,8.0157],[0.584,8.0531],[0.5803,8.1001],[0.575,8.1246],[0.5799,8.1317],[0.5878,8.1377],[0.5933,8.1507],[0.5915,8.1645],[0.5846,8.1731],[0.5768,8.1805],[0.5727,8.191],[0.5738,8.2039],[0.579,8.2078],[0.5867,8.2088],[0.595,8.2127],[0.6283,8.2425],[0.6451,8.2534],[0.6892,8.2729],[0.7052,8.2828],[0.7128,8.298],[0.7088,8.3226],[0.7051,8.326],[0.6931,8.3279],[0.6892,8.3313],[0.6886,8.336],[0.6894,8.3461],[0.6869,8.3607],[0.6872,8.3722],[0.6851,8.3826],[0.6467,8.4142],[0.6338,8.452],[0.6163,8.4888],[0.5508,8.5193],[0.5248,8.538],[0.5006,8.5602],[0.4835,8.5798],[0.4435,8.6069],[0.4037,8.6621],[0.3744,8.7248],[0.3681,8.7615],[0.3659,8.7743],[0.3727,8.7838],[0.3853,8.7861],[0.3971,8.7815],[0.4078,8.7591],[0.4183,8.7706],[0.425,8.7873],[0.4196,8.7912],[0.4301,8.7947],[0.4394,8.7934],[0.4495,8.7904],[0.4625,8.7883],[0.4735,8.7935],[0.477,8.8067],[0.4785,8.8223],[0.4835,8.8348],[0.4836,8.835],[0.5056,8.8663],[0.4931,8.9152],[0.4449,8.9965],[0.4449,8.9966],[0.4447,8.9966],[0.4313,9.0276],[0.4416,9.0582],[0.4585,9.0892],[0.4637,9.1215],[0.4636,9.1371],[0.47,9.1467],[0.4926,9.1668],[0.5047,9.1872],[0.5044,9.2031],[0.492,9.2389],[0.4929,9.2586],[0.5011,9.2682],[0.5124,9.2747],[0.5225,9.2851],[0.5266,9.2977],[0.5283,9.327],[0.5376,9.3776],[0.5314,9.4011],[0.5133,9.4168],[0.4835,9.4268],[0.4828,9.4279],[0.4826,9.4289],[0.4828,9.4298],[0.4894,9.441],[0.4917,9.4513],[0.4899,9.4611],[0.4835,9.47],[0.4304,9.4892],[0.4117,9.4922],[0.3714,9.49],[0.3489,9.486],[0.3338,9.4795],[0.3288,9.4716],[0.3257,9.4513],[0.3218,9.4428],[0.3142,9.4365],[0.2685,9.4206],[0.2499,9.4169],[0.2314,9.419],[0.2268,9.4323],[0.235,9.4438],[0.2279,9.4597],[0.2281,9.474],[0.2697,9.4823],[0.2853,9.4884],[0.2981,9.4971],[0.3019,9.5075],[0.2931,9.5183],[0.279,9.519],[0.2535,9.5143],[0.2431,9.5187],[0.2332,9.5256],[0.2259,9.5319],[0.2234,9.5348],[0.2231,9.5412],[0.2277,9.5693],[0.2302,9.5757],[0.2805,9.5702],[0.3046,9.5716],[0.3224,9.5831],[0.3362,9.5742],[0.3546,9.5711],[0.3708,9.5756],[0.3777,9.5894],[0.3692,9.6101],[0.3494,9.6139],[0.3088,9.6037],[0.2776,9.607],[0.2617,9.6279],[0.261,9.6572],[0.2753,9.6856],[0.3019,9.6578],[0.3187,9.6486],[0.3367,9.6508],[0.3471,9.6632],[0.3499,9.6807],[0.3476,9.6988],[0.343,9.7135],[0.3363,9.7235],[0.3291,9.7313],[0.3239,9.7421],[0.3224,9.7607],[0.3439,9.8384],[0.3442,9.8498],[0.3397,9.8898],[0.3417,9.9038],[0.3498,9.919],[0.3626,9.9327],[0.3696,9.9388],[0.3702,9.947],[0.3634,9.9668],[0.3514,9.9905],[0.3498,9.9972],[0.3517,10.0064],[0.3551,10.0126],[0.3557,10.019],[0.3498,10.0288],[0.3673,10.0321],[0.3827,10.0296],[0.3939,10.0325],[0.3946,10.0356],[0.3981,10.0521],[0.3951,10.0724],[0.3871,10.0789],[0.3761,10.0816],[0.3634,10.0897],[0.3536,10.1155],[0.3588,10.1863],[0.3572,10.22],[0.3644,10.2334],[0.3673,10.2498],[0.372,10.2651],[0.3966,10.2832],[0.3762,10.2999],[0.3666,10.3045],[0.3227,10.2973],[0.3088,10.2971],[0.3176,10.3173],[0.3071,10.3333],[0.29,10.3485],[0.2788,10.3666],[0.2802,10.3752],[0.2836,10.3858],[0.2831,10.3968],[0.2732,10.4066],[0.263,10.4089],[0.2539,10.4061],[0.2446,10.4015],[0.2332,10.3986],[0.2236,10.4],[0.1971,10.4103],[0.1944,10.4074],[0.1918,10.4008],[0.1875,10.3949],[0.1799,10.3942],[0.177,10.3977],[0.126,10.4916],[0.1102,10.5082],[0.0573,10.5411],[0.049,10.551],[0.0373,10.5732],[0.0294,10.5825],[0.0203,10.588],[-0.0109,10.5983],[-0.02,10.6043],[-0.0262,10.6104],[-0.0334,10.6151],[-0.0565,10.618],[-0.0684,10.6211],[-0.0793,10.6263],[-0.0881,10.6335],[-0.0983,10.6542],[-0.0977,10.675],[-0.0916,10.7003],[-0.0881,10.7144],[-0.0828,10.7562],[-0.0752,10.7737],[-0.0611,10.7914],[-0.0407,10.805],[-0.0321,10.8132],[-0.0302,10.8238],[-0.0353,10.8434],[-0.0361,10.8531],[-0.0144,10.9536],[-0.0096,10.963],[-0.0016,10.9713],[0.0072,10.9768],[0.0142,10.9837],[0.0166,10.9962],[0.0194,11.0316],[0.0162,11.0626],[0.0011,11.086],[-0.0323,11.0986],[-0.0511,11.0983],[-0.085,11.0894],[-0.1033,11.0875],[-0.1217,11.0922],[-0.1421,11.1033],[-0.1587,11.1184],[-0.1661,11.135]]]}},{"type":"Feature","properties":{"ADM0_A3":"GHA","NAME":"Ghana"},"geometry":{"type":"Polygon","coordinates":[[[-0.1661,11.135],[-0.1587,11.1184],[-0.1421,11.1033],[-0.1217,11.0922],[-0.1033,11.0875],[-0.085,11.0894],[-0.0511,11.0983],[-0.0323,11.0986],[0.0011,11.086],[0.0162,11.0626],[0.0194,11.0316],[0.0166,10.9962],[0.0142,10.9837],[0.0072,10.9768],[-0.0016,10.9713],[-0.0096,10.963],[-0.0144,10.9536],[-0.0361,10.8531],[-0.0353,10.8434],[-0.0302,10.8238],[-0.0321,10.8132],[-0.0407,10.805],[-0.0611,10.7914],[-0.0752,10.7737],[-0.0828,10.7562],[-0.0881,10.7144],[-0.0916,10.7003],[-0.0977,10.675],[-0.0983,10.6542],[-0.0881,10.6335],[-0.0793,10.6263],[-0.0684,10.6211],[-0.0565,10.618],[-0.0334,10.6151],[-0.0262,10.6104],[-0.02,10.6043],[-0.0109,10.5983],[0.0203,10.588],[0.0294,10.5825],[0.0373,10.5732],[0.049,10.551],[0.0573,10.5411],[0.1102,10.5082],[0.126,10.4916],[0.177,10.3977],[0.1799,10.3942],[0.1875,10.3949],[0.1918,10.4008],[0.1944,10.4074],[0.1971,10.4103],[0.2236,10.4],[0.2332,10.3986],[0.2446,10.4015],[0.2539,10.4061],[0.263,10.4089],[0.2732,10.4066],[0.2831,10.3968],[0.2836,10.3858],[0.2802,10.3752],[0.2788,10.3666],[0.29,10.3485],[0.3071,10.3333],[0.3176,10.3173],[0.3088,10.2971],[0.3227,10.2973],[0.3666,10.3045],[0.3762,10.2999],[0.3966,10.2832],[0.372,10.2651],[0.3673,10.2498],[0.3644,10.2334],[0.3572,10.22],[0.3588,10.1863],[0.3536,10.1155],[0.3634,10.0897],[0.3761,10.0816],[0.3871,10.0789],[0.3951,10.0724],[0.3981,10.0521],[0.3946,10.0356],[0.3939,10.0325],[0.3827,10.0296],[0.3673,10.0321],[0.3498,10.0288],[0.3557,10.019],[0.3551,10.0126],[0.3517,10.0064],[0.3498,9.9972],[0.3514,9.9905],[0.3634,9.9668],[0.3702,9.947],[0.3696,9.9388],[0.3626,9.9327],[0.3498,9.919],[0.3417,9.9038],[0.3397,9.8898],[0.3442,9.8498],[0.3439,9.8384],[0.3224,9.7607],[0.3239,9.7421],[0.3291,9.7313],[0.3363,9.7235],[0.343,9.7135],[0.3476,9.6988],[0.3499,9.6807],[0.3471,9.6632],[0.3367,9.6508],[0.3187,9.6486],[0.3019,9.6578],[0.2753,9.6856],[0.261,9.6572],[0.2617,9.6279],[0.2776,9.607],[0.3088,9.6037],[0.3494,9.6139],[0.3692,9.6101],[0.3777,9.5894],[0.3708,9.5756],[0.3546,9.5711],[0.3362,9.5742],[0.3224,9.5831],[0.3046,9.5716],[0.2805,9.5702],[0.2302,9.5757],[0.2277,9.5693],[0.2231,9.5412],[0.2234,9.5348],[0.2259,9.5319],[0.2332,9.5256],[0.2431,9.5187],[0.2535,9.5143],[0.279,9.519],[0.2931,9.5183],[0.3019,9.5075],[0.2981,9.4971],[0.2853,9.4884],[0.2697,9.4823],[0.2281,9.474],[0.2279,9.4597],[0.235,9.4438],[0.2268,9.4323],[0.2314,9.419],[0.2499,9.4169],[0.2685,9.4206],[0.3142,9.4365],[0.3218,9.4428],[0.3257,9.4513],[0.3288,9.4716],[0.3338,9.4795],[0.3489,9.486],[0.3714,9.49],[0.4117,9.4922],[0.4304,9.4892],[0.4835,9.47],[0.4899,9.4611],[0.4917,9.4513],[0.4894,9.441],[0.4828,9.4298],[0.4826,9.4289],[0.4828,9.4279],[0.4835,9.4268],[0.5133,9.4168],[0.5314,9.4011],[0.5376,9.3776],[0.5283,9.327],[0.5266,9.2977],[0.5225,9.2851],[0.5124,9.2747],[0.5011,9.2682],[0.4929,9.2586],[0.492,9.2389],[0.5044,9.2031],[0.5047,9.1872],[0.4926,9.1668],[0.47,9.1467],[0.4636,9.1371],[0.4637,9.1215],[0.4585,9.0892],[0.4416,9.0582],[0.4313,9.0276],[0.4447,8.9966],[0.4449,8.9966],[0.4449,8.9965],[0.4931,8.9152],[0.5056,8.8663],[0.4836,8.835],[0.4835,8.8348],[0.4785,8.8223],[0.477,8.8067],[0.4735,8.7935],[0.4625,8.7883],[0.4495,8.7904],[0.4394,8.7934],[0.4301,8.7947],[0.4196,8.7912],[0.425,8.7873],[0.4183,8.7706],[0.4078,8.7591],[0.3971,8.7815],[0.3853,8.7861],[0.3727,8.7838],[0.3659,8.7743],[0.3681,8.7615],[0.3744,8.7248],[0.4037,8.6621],[0.4435,8.6069],[0.4835,8.5798],[0.5006,8.5602],[0.5248,8.538],[0.5508,8.5193],[0.6163,8.4888],[0.6338,8.452],[0.6467,8.4142],[0.6851,8.3826],[0.6872,8.3722],[0.6869,8.3607],[0.6894,8.3461],[0.6886,8.336],[0.6892,8.3313],[0.6931,8.3279],[0.7051,8.326],[0.7088,8.3226],[0.7128,8.298],[0.7052,8.2828],[0.6892,8.2729],[0.6451,8.2534],[0.6283,8.2425],[0.595,8.2127],[0.5867,8.2088],[0.579,8.2078],[0.5738,8.2039],[0.5727,8.191],[0.5768,8.1805],[0.5846,8.1731],[0.5915,8.1645],[0.5933,8.1507],[0.5878,8.1377],[0.5799,8.1317],[0.575,8.1246],[0.5803,8.1001],[0.584,8.0531],[0.5932,8.0157],[0.5937,7.9966],[0.5929,7.9593],[0.6027,7.8931],[0.6034,7.8883],[0.6026,7.8284],[0.6117,7.7713],[0.6095,7.719],[0.6123,7.6994],[0.5834,7.7043],[0.5705,7.6839],[0.5674,7.6529],[0.5677,7.6257],[0.5621,7.6123],[0.5485,7.6054],[0.5325,7.601],[0.5194,7.5952],[0.5092,7.5854],[0.503,7.5747],[0.4994,7.5624],[0.4956,7.5043],[0.5006,7.455],[0.5167,7.411],[0.5482,7.3833],[0.5664,7.3808],[0.5862,7.3844],[0.623,7.3979],[0.6297,7.3892],[0.6457,7.3236],[0.6444,7.3019],[0.6311,7.2652],[0.6218,7.2188],[0.5977,7.1589],[0.5943,7.1197],[0.5988,7.0747],[0.598,7.0312],[0.5789,6.9968],[0.566,6.9897],[0.5238,6.9787],[0.5091,6.9776],[0.4946,6.9731],[0.506,6.9578],[0.5345,6.9359],[0.5463,6.9148],[0.5439,6.8979],[0.5228,6.8628],[0.5161,6.8418],[0.5193,6.8322],[0.5289,6.8265],[0.5411,6.8172],[0.57,6.7635],[0.5766,6.7547],[0.5938,6.7511],[0.6113,6.7415],[0.6258,6.7278],[0.6343,6.7116],[0.6353,6.6954],[0.6267,6.6449],[0.6322,6.624],[0.6454,6.612],[0.6594,6.6017],[0.6682,6.5858],[0.6776,6.5849],[0.7055,6.5858],[0.7146,6.5839],[0.7274,6.5714],[0.7268,6.5621],[0.7198,6.5527],[0.7135,6.54],[0.7131,6.5339],[0.7117,6.5134],[0.7179,6.4888],[0.7299,6.4651],[0.7457,6.4409],[0.7668,6.4194],[0.8162,6.3951],[0.8413,6.3792],[0.8739,6.3401],[0.8868,6.3304],[0.9073,6.3249],[0.9835,6.3246],[1.0097,6.2445],[1.0252,6.2223],[1.0331,6.2165],[1.0406,6.2135],[1.0481,6.2094],[1.0558,6.2006],[1.0689,6.1803],[1.0797,6.1679],[1.0934,6.1609],[1.1762,6.1515],[1.188,6.1356],[1.1854,6.1005],[1.1848,6.1003],[1.1784,6.098],[1.1331,6.0736],[1.0988,6.047],[1.048,5.9927],[1.0364,5.9752],[1.0117,5.9263],[1.0071,5.9067],[1.0056,5.8861],[0.9953,5.8393],[0.9866,5.8207],[0.9548,5.7911],[0.9144,5.7771],[0.7235,5.7554],[0.3649,5.7815],[0.322,5.7792],[0.2981,5.7737],[0.286,5.7689],[0.2809,5.763],[0.2759,5.7602],[0.2517,5.7591],[0.2433,5.7562],[0.2244,5.7426],[0.1574,5.7246],[0.1421,5.7143],[0.1146,5.6887],[0.0757,5.6776],[0.0617,5.6628],[0.0506,5.6448],[0.0345,5.6284],[-0.045,5.6016],[-0.0497,5.5989],[-0.0627,5.5858],[-0.0686,5.5812],[-0.0774,5.5781],[-0.0933,5.5766],[-0.3079,5.5074],[-0.3531,5.5017],[-0.3593,5.4987],[-0.3716,5.4927],[-0.4451,5.4314],[-0.4529,5.4201],[-0.4581,5.4047],[-0.4716,5.3908],[-0.5074,5.3688],[-0.5774,5.3516],[-0.5893,5.3515],[-0.5967,5.3443],[-0.6129,5.332],[-0.6295,5.3267],[-0.6378,5.3409],[-0.6895,5.3048],[-0.7023,5.3],[-0.7607,5.2522],[-0.7845,5.2243],[-0.7995,5.2148],[-0.8739,5.204],[-0.8968,5.205],[-0.9115,5.218],[-0.9183,5.2094],[-0.9277,5.2061],[-0.9525,5.2044],[-0.9766,5.1983],[-0.9884,5.1988],[-0.9935,5.2077],[-0.9971,5.2168],[-1.005,5.2145],[-1.0173,5.2044],[-1.0338,5.2029],[-1.0498,5.1987],[-1.1541,5.1539],[-1.1647,5.1392],[-1.1737,5.1306],[-1.1941,5.1186],[-1.2336,5.1007],[-1.2541,5.0965],[-1.3192,5.0945],[-1.33,5.0915],[-1.3531,5.0778],[-1.364,5.0734],[-1.3741,5.0727],[-1.3948,5.0739],[-1.4049,5.0734],[-1.4235,5.0675],[-1.4597,5.0498],[-1.5293,5.0399],[-1.5519,5.0314],[-1.5688,5.0193],[-1.5695,5.0188],[-1.5839,5.0254],[-1.6015,5.0267],[-1.6185,5.0224],[-1.6308,5.0126],[-1.6324,5.0045],[-1.6255,4.9895],[-1.6278,4.9816],[-1.634,4.9744],[-1.6382,4.9707],[-1.7067,4.9369],[-1.7188,4.9277],[-1.7477,4.8959],[-1.7499,4.8886],[-1.7481,4.8819],[-1.7486,4.8772],[-1.7574,4.8754],[-1.7668,4.8747],[-1.8354,4.8551],[-1.9121,4.8209],[-1.9281,4.8068],[-1.9523,4.7724],[-1.9673,4.7581],[-1.9814,4.7524],[-2.0504,4.7436],[-2.0638,4.7382],[-2.0906,4.7371],[-2.0966,4.7385],[-2.1039,4.7451],[-2.1067,4.7554],[-2.1056,4.7665],[-2.108,4.7756],[-2.121,4.7792],[-2.129,4.7803],[-2.1442,4.785],[-2.1554,4.7861],[-2.1544,4.7907],[-2.1637,4.8005],[-2.2063,4.8345],[-2.2274,4.8434],[-2.237,4.8492],[-2.2411,4.8581],[-2.2428,4.8654],[-2.2472,4.873],[-2.2528,4.8791],[-2.3566,4.9196],[-2.5258,4.9544],[-2.6904,5.0102],[-2.8209,5.0201],[-2.965,5.0453],[-3.1037,5.0877],[-3.1196,5.0913],[-3.1153,5.1078],[-3.1083,5.1096],[-3.099,5.1132],[-3.0876,5.115],[-3.0161,5.1144],[-2.9945,5.1081],[-2.9885,5.1022],[-2.9763,5.0846],[-2.9709,5.0809],[-2.9578,5.0827],[-2.9372,5.0913],[-2.9263,5.0945],[-2.929,5.122],[-2.9012,5.1336],[-2.8653,5.1393],[-2.8437,5.1491],[-2.8039,5.1476],[-2.7809,5.1509],[-2.7666,5.161],[-2.757,5.1799],[-2.7625,5.1863],[-2.7757,5.1975],[-2.7788,5.201],[-2.7796,5.2101],[-2.7754,5.231],[-2.7749,5.2396],[-2.7793,5.2511],[-2.7933,5.2711],[-2.7961,5.285],[-2.7896,5.3469],[-2.7559,5.3407],[-2.7426,5.3431],[-2.7327,5.3557],[-2.7301,5.3732],[-2.7344,5.3911],[-2.7617,5.4549],[-2.7794,5.5265],[-2.7818,5.5789],[-2.7856,5.595],[-2.7934,5.6081],[-2.8063,5.6185],[-2.8775,5.6368],[-2.8937,5.6304],[-2.9263,5.6107],[-2.9459,5.6083],[-2.9695,5.6214],[-2.9749,5.6473],[-2.9648,5.7098],[-3.0298,5.7043],[-3.02,5.8184],[-3.0225,5.8545],[-3.0347,5.8907],[-3.0732,5.961],[-3.0878,5.9967],[-3.1181,6.1635],[-3.1394,6.2193],[-3.1688,6.2461],[-3.1717,6.2496],[-3.1836,6.2639],[-3.2625,6.6171],[-3.2611,6.6339],[-3.2539,6.6444],[-3.2355,6.6546],[-3.2301,6.6611],[-3.2104,6.716],[-3.2127,6.7227],[-3.2262,6.7486],[-3.2387,6.7646],[-3.2431,6.7748],[-3.2417,6.8109],[-3.2249,6.8494],[-3.1096,7.0464],[-3.0973,7.0541],[-3.0966,7.0545],[-3.0955,7.0552],[-3.0459,7.0712],[-3.0409,7.0783],[-3.0326,7.1284],[-3.0275,7.1384],[-2.9817,7.1955],[-2.9728,7.215],[-2.9721,7.2286],[-2.9765,7.2367],[-2.9832,7.245],[-2.9895,7.2589],[-2.9905,7.2707],[-2.9415,7.5772],[-2.9282,7.6177],[-2.8559,7.7716],[-2.8521,7.7781],[-2.842,7.7903],[-2.8382,7.7968],[-2.8379,7.8023],[-2.8408,7.8152],[-2.84,7.8202],[-2.8314,7.8284],[-2.8092,7.8417],[-2.8012,7.8502],[-2.7979,7.8613],[-2.7935,7.936],[-2.7906,7.9433],[-2.7843,7.944],[-2.7777,7.9396],[-2.7726,7.9339],[-2.7712,7.9307],[-2.7549,7.9444],[-2.7093,7.9967],[-2.6909,8.0097],[-2.6312,8.0296],[-2.6106,8.04],[-2.6007,8.0529],[-2.5998,8.0704],[-2.6062,8.0943],[-2.6194,8.1231],[-2.6219,8.1357],[-2.6176,8.1515],[-2.6107,8.1649],[-2.6043,8.1708],[-2.596,8.1703],[-2.5833,8.1643],[-2.5718,8.1631],[-2.5581,8.1677],[-2.5132,8.194],[-2.5063,8.2093],[-2.5523,8.4894],[-2.5984,8.7695],[-2.6031,8.7851],[-2.6122,8.781],[-2.6124,8.7813],[-2.6172,8.7892],[-2.6146,8.8019],[-2.6073,8.8086],[-2.5967,8.8144],[-2.5956,8.8281],[-2.6159,8.8978],[-2.6172,8.915],[-2.6194,8.9236],[-2.625,8.926],[-2.6317,8.927],[-2.6377,8.9315],[-2.6533,8.9784],[-2.6543,8.9988],[-2.6608,9.0149],[-2.6861,9.0283],[-2.7113,9.0339],[-2.737,9.0351],[-2.7508,9.0374],[-2.7587,9.0429],[-2.7651,9.0495],[-2.7748,9.055],[-2.7654,9.0691],[-2.7613,9.0848],[-2.7594,9.1348],[-2.7552,9.1431],[-2.7339,9.1648],[-2.7165,9.2003],[-2.7048,9.2184],[-2.6731,9.2349],[-2.6612,9.2539],[-2.6598,9.2729],[-2.6755,9.2815],[-2.693,9.2853],[-2.7071,9.2956],[-2.715,9.3111],[-2.7133,9.3299],[-2.7031,9.3433],[-2.6894,9.3495],[-2.6775,9.357],[-2.6724,9.374],[-2.6724,9.401],[-2.6774,9.4178],[-2.6787,9.4255],[-2.6746,9.4575],[-2.6757,9.4717],[-2.6892,9.4887],[-2.7253,9.5339],[-2.7611,9.5662],[-2.7663,9.5765],[-2.768,9.5928],[-2.7665,9.6089],[-2.7615,9.6253],[-2.7529,9.6399],[-2.7402,9.6508],[-2.7434,9.6533],[-2.751,9.6592],[-2.7542,9.6684],[-2.7555,9.6775],[-2.7605,9.6856],[-2.7693,9.6899],[-2.7748,9.6893],[-2.7803,9.6902],[-2.7885,9.6993],[-2.7953,9.72],[-2.7916,9.7409],[-2.7748,9.7743],[-2.7403,9.8126],[-2.7339,9.8228],[-2.7368,9.8326],[-2.7605,9.8705],[-2.7649,9.8958],[-2.7556,9.9412],[-2.7544,9.9668],[-2.7609,9.9848],[-2.7836,10.0185],[-2.7885,10.0388],[-2.7885,10.1244],[-2.7989,10.1696],[-2.7985,10.1895],[-2.7854,10.2101],[-2.7651,10.2258],[-2.7577,10.2346],[-2.7544,10.248],[-2.7549,10.2608],[-2.7584,10.2661],[-2.7649,10.2691],[-2.7748,10.2752],[-2.7845,10.2788],[-2.7932,10.2785],[-2.7997,10.2809],[-2.8021,10.2923],[-2.8057,10.299],[-2.8142,10.3011],[-2.8244,10.3022],[-2.8332,10.306],[-2.8413,10.3223],[-2.8413,10.3433],[-2.8363,10.3637],[-2.8295,10.3783],[-2.8223,10.3876],[-2.8146,10.3937],[-2.8049,10.3971],[-2.792,10.3982],[-2.781,10.4024],[-2.7719,10.4118],[-2.7676,10.4212],[-2.7714,10.4255],[-2.7959,10.4261],[-2.8121,10.4288],[-2.8244,10.435],[-2.8596,10.4656],[-2.8674,10.4782],[-2.8704,10.4978],[-2.8734,10.5025],[-2.8869,10.5158],[-2.8915,10.5217],[-2.8942,10.5314],[-2.8959,10.5528],[-2.8983,10.5626],[-2.9283,10.6152],[-2.9325,10.6343],[-2.9297,10.6442],[-2.9163,10.6681],[-2.9102,10.6845],[-2.9073,10.6883],[-2.9051,10.6927],[-2.9051,10.6992],[-2.908,10.7036],[-2.9126,10.7058],[-2.9169,10.7066],[-2.9189,10.7066],[-2.92,10.7111],[-2.9223,10.7212],[-2.9193,10.7272],[-2.9086,10.7377],[-2.9031,10.7471],[-2.8995,10.77],[-2.8827,10.7971],[-2.8716,10.8434],[-2.8642,10.8643],[-2.8508,10.8795],[-2.8349,10.8916],[-2.8214,10.9063],[-2.8158,10.9292],[-2.8218,10.9483],[-2.8327,10.966],[-2.8387,10.9851],[-2.8359,10.9922],[-2.8373,10.998],[-2.7511,10.9965],[-2.7507,10.9858],[-2.7288,10.9861],[-2.635,10.987],[-2.4398,10.9889],[-2.1979,10.9913],[-1.9729,10.9935],[-1.7541,10.9956],[-1.5987,10.9971],[-1.587,11.0037],[-1.5798,11.0212],[-1.5624,11.0266],[-1.4361,11.0227],[-1.4236,11.0179],[-1.4136,11.014],[-1.3803,11.0013],[-1.3553,10.9967],[-1.2281,10.9955],[-1.1076,10.9943],[-1.0987,11.0096],[-1.0703,11.0139],[-0.9325,11.0031],[-0.924,11.0014],[-0.9165,10.9962],[-0.9095,10.9827],[-0.9044,10.9795],[-0.8939,10.9799],[-0.9006,10.9662],[-0.8832,10.9686],[-0.8608,10.9929],[-0.8394,10.9965],[-0.8337,11.0034],[-0.8278,11.0058],[-0.8221,11.0036],[-0.817,10.9965],[-0.817,10.9962],[-0.703,10.9942],[-0.696,10.994],[-0.6947,10.9827],[-0.6902,10.9818],[-0.6832,10.9843],[-0.6739,10.9835],[-0.668,10.9765],[-0.6723,10.9685],[-0.6798,10.9606],[-0.6828,10.9536],[-0.6348,10.908],[-0.6172,10.9186],[-0.6071,10.9412],[-0.5998,10.9658],[-0.5906,10.9824],[-0.5762,10.9878],[-0.5554,10.99],[-0.5165,10.9886],[-0.513,10.9897],[-0.5097,10.9914],[-0.5067,10.9937],[-0.5042,10.9962],[-0.5042,10.9964],[-0.4948,11.0078],[-0.4685,11.0201],[-0.4567,11.0296],[-0.4513,11.0402],[-0.449,11.0629],[-0.4444,11.0774],[-0.4252,11.1015],[-0.4059,11.1015],[-0.3869,11.0864],[-0.3689,11.0652],[-0.3188,11.1014],[-0.3061,11.1135],[-0.2983,11.1284],[-0.3005,11.1374],[-0.3045,11.1468],[-0.3017,11.1629],[-0.1661,11.135]]]}},{"type":"Feature","properties":{"ADM0_A3":"GNB","NAME":"Guinea-Bissau"},"geometry":{"type":"MultiPolygon","coordinates":[[[[-13.7283,12.6734],[-13.7363,12.6076],[-13.7346,12.5853],[-13.7251,12.5581],[-13.6747,12.4961],[-13.6634,12.4758],[-13.6607,12.4587],[-13.6644,12.4415],[-13.682,12.4003],[-13.6841,12.392],[-13.6852,12.3792],[-13.682,12.3503],[-13.683,12.3387],[-13.691,12.3193],[-13.695,12.2929],[-13.7118,12.2675],[-13.7408,12.2569],[-13.8086,12.2561],[-13.7957,12.2787],[-13.8126,12.2836],[-13.84,12.2771],[-13.859,12.266],[-13.8832,12.2464],[-13.9439,12.2186],[-13.9657,12.1942],[-13.9683,12.184],[-13.9684,12.1626],[-13.9725,12.1516],[-13.9649,12.1479],[-13.9387,12.1443],[-13.9184,12.1378],[-13.8993,12.1262],[-13.8798,12.1077],[-13.8697,12.1007],[-13.8424,12.0913],[-13.8377,12.0854],[-13.8352,12.0778],[-13.8296,12.0681],[-13.8078,12.0443],[-13.7959,12.0363],[-13.7796,12.0293],[-13.7444,12.0239],[-13.7349,12.0193],[-13.7239,12.0028],[-13.7226,11.9839],[-13.7313,11.9434],[-13.7346,11.9019],[-13.7194,11.784],[-13.7196,11.7661],[-13.7248,11.7231],[-13.7299,11.7098],[-13.7458,11.6982],[-13.77,11.6887],[-13.7957,11.684],[-13.8158,11.6868],[-13.8217,11.6942],[-13.8195,11.7017],[-13.8201,11.7081],[-13.8346,11.7121],[-13.843,11.7173],[-13.8463,11.7373],[-13.855,11.7434],[-13.8701,11.7437],[-13.873,11.7384],[-13.8685,11.727],[-13.8707,11.7041],[-13.8735,11.6945],[-13.8864,11.6756],[-13.9036,11.6654],[-13.9237,11.665],[-13.9454,11.6757],[-13.9534,11.6697],[-13.9965,11.6438],[-14.0151,11.6371],[-14.0588,11.644],[-14.0746,11.6437],[-14.1047,11.6386],[-14.1186,11.638],[-14.1349,11.6418],[-14.1445,11.6474],[-14.1531,11.6548],[-14.1618,11.6609],[-14.172,11.6628],[-14.195,11.6597],[-14.2787,11.6651],[-14.2845,11.6682],[-14.2897,11.6689],[-14.3004,11.6632],[-14.3082,11.6545],[-14.3198,11.6305],[-14.3265,11.6206],[-14.3392,11.6106],[-14.4323,11.5606],[-14.5209,11.5129],[-14.5623,11.5056],[-14.6454,11.5151],[-14.6868,11.5107],[-14.7111,11.4976],[-14.729,11.478],[-14.8282,11.3348],[-14.8432,11.2972],[-14.8631,11.2186],[-14.9591,11.0358],[-14.9926,10.9964],[-14.9926,10.9962],[-15.021,10.9675],[-15.0598,10.9404],[-15.0852,10.9276],[-15.0968,10.9293],[-15.094,10.9425],[-15.087,10.9493],[-15.0782,10.9538],[-15.0694,10.96],[-15.0547,10.9826],[-15.0483,10.988],[-15.0483,10.9948],[-15.0558,10.9948],[-15.06,10.9854],[-15.0651,10.9774],[-15.0723,10.9711],[-15.0831,10.9675],[-15.0948,10.967],[-15.1058,10.9694],[-15.114,10.9752],[-15.1172,10.9843],[-15.0994,11.0577],[-15.0933,11.0699],[-15.0828,11.0754],[-15.0765,11.0884],[-15.0717,11.1033],[-15.0657,11.1146],[-15.0599,11.1174],[-15.0474,11.1166],[-15.0421,11.1183],[-15.0414,11.1221],[-15.0429,11.1354],[-15.0421,11.1388],[-15.0006,11.1422],[-15.0024,11.1506],[-15.0076,11.1574],[-15.0142,11.1625],[-15.021,11.1661],[-15.0077,11.1801],[-14.9997,11.199],[-15.0009,11.2168],[-15.0148,11.2275],[-15.0238,11.2015],[-15.0387,11.1826],[-15.0587,11.1708],[-15.0831,11.1661],[-15.0775,11.1501],[-15.0819,11.1402],[-15.0918,11.1381],[-15.1029,11.1457],[-15.1051,11.1404],[-15.1078,11.1365],[-15.1099,11.132],[-15.1103,11.1251],[-15.1143,11.1277],[-15.1246,11.132],[-15.1251,11.1127],[-15.1308,11.1037],[-15.1411,11.0974],[-15.1548,11.087],[-15.1662,11.0725],[-15.181,11.0443],[-15.2069,11.0096],[-15.2179,10.9992],[-15.2301,10.9948],[-15.243,11.0004],[-15.2585,11.0136],[-15.2699,11.0285],[-15.2711,11.0392],[-15.2601,11.0471],[-15.2302,11.0618],[-15.2196,11.0699],[-15.2145,11.0814],[-15.2066,11.1251],[-15.2174,11.2094],[-15.2066,11.2338],[-15.2291,11.2304],[-15.235,11.2156],[-15.2317,11.1963],[-15.2265,11.1791],[-15.2251,11.164],[-15.2262,11.1398],[-15.2335,11.1225],[-15.2593,11.1326],[-15.2947,11.132],[-15.3053,11.1351],[-15.3129,11.1394],[-15.3185,11.1434],[-15.3226,11.1457],[-15.3459,11.1423],[-15.3582,11.1442],[-15.3636,11.1555],[-15.3664,11.1665],[-15.3735,11.1738],[-15.3835,11.1779],[-15.3947,11.1791],[-15.4095,11.1896],[-15.4131,11.2138],[-15.412,11.2617],[-15.4095,11.2724],[-15.4101,11.2792],[-15.4154,11.2822],[-15.4217,11.2823],[-15.425,11.2834],[-15.4261,11.2865],[-15.4263,11.2927],[-15.4252,11.3034],[-15.42,11.3166],[-15.4189,11.3271],[-15.4139,11.3364],[-15.3886,11.3699],[-15.3779,11.3784],[-15.3714,11.3769],[-15.3513,11.3676],[-15.3398,11.3654],[-15.3297,11.3685],[-15.3156,11.3821],[-15.3056,11.3852],[-15.2954,11.3908],[-15.2835,11.4042],[-15.2732,11.42],[-15.2681,11.433],[-15.3231,11.3891],[-15.3431,11.3784],[-15.3585,11.3874],[-15.3617,11.3991],[-15.3568,11.4296],[-15.3508,11.4394],[-15.3391,11.4517],[-15.331,11.4626],[-15.3363,11.4678],[-15.3534,11.4633],[-15.3664,11.4508],[-15.3749,11.4337],[-15.3779,11.4162],[-15.3842,11.4047],[-15.3986,11.3974],[-15.4149,11.3918],[-15.4263,11.3852],[-15.4357,11.3695],[-15.4407,11.3561],[-15.4495,11.3471],[-15.47,11.3437],[-15.4831,11.3395],[-15.4943,11.3339],[-15.5027,11.3367],[-15.5071,11.3579],[-15.504,11.3686],[-15.489,11.4047],[-15.484,11.4125],[-15.481,11.4194],[-15.453,11.4604],[-15.4705,11.4611],[-15.4767,11.468],[-15.4763,11.4796],[-15.4735,11.4945],[-15.4656,11.4897],[-15.4568,11.4891],[-15.4477,11.4931],[-15.4387,11.5019],[-15.438,11.4955],[-15.4325,11.4808],[-15.428,11.494],[-15.4206,11.5053],[-15.4123,11.5077],[-15.4053,11.4945],[-15.3978,11.4945],[-15.3988,11.5043],[-15.4014,11.5134],[-15.4059,11.5217],[-15.412,11.5292],[-15.4073,11.53],[-15.4066,11.531],[-15.4069,11.5327],[-15.4053,11.536],[-15.3961,11.5321],[-15.3852,11.53],[-15.3711,11.5292],[-15.3544,11.5251],[-15.3489,11.5283],[-15.3568,11.5429],[-15.3534,11.5505],[-15.35,11.5634],[-15.3431,11.5634],[-15.3351,11.5524],[-15.3211,11.5543],[-15.3096,11.5539],[-15.309,11.536],[-15.2899,11.5428],[-15.2904,11.5563],[-15.3021,11.5717],[-15.3165,11.5838],[-15.3207,11.5812],[-15.3243,11.58],[-15.3363,11.577],[-15.3363,11.5838],[-15.3145,11.5913],[-15.3042,11.5969],[-15.2947,11.6049],[-15.2873,11.5925],[-15.2748,11.5781],[-15.2585,11.5703],[-15.2401,11.577],[-15.2523,11.5788],[-15.2532,11.5855],[-15.251,11.595],[-15.2538,11.6049],[-15.2617,11.6088],[-15.2701,11.6087],[-15.2773,11.6116],[-15.2811,11.6248],[-15.2697,11.6211],[-15.2479,11.6165],[-15.2401,11.6118],[-15.2265,11.6186],[-15.2286,11.612],[-15.2313,11.5978],[-15.2339,11.5913],[-15.2091,11.574],[-15.2017,11.5754],[-15.1923,11.5913],[-15.1974,11.6],[-15.2102,11.6168],[-15.2128,11.6217],[-15.21,11.6286],[-15.2031,11.6364],[-15.1944,11.6428],[-15.1861,11.6459],[-15.184,11.6437],[-15.1764,11.639],[-15.1658,11.6343],[-15.1548,11.6323],[-15.1484,11.6288],[-15.1449,11.6202],[-15.1435,11.6091],[-15.144,11.5981],[-15.1246,11.6049],[-15.1266,11.6083],[-15.1289,11.6154],[-15.1308,11.6186],[-15.1159,11.6177],[-15.1055,11.6122],[-15.0975,11.603],[-15.0899,11.5913],[-15.1294,11.5836],[-15.144,11.5838],[-15.1393,11.5784],[-15.137,11.5747],[-15.1333,11.5721],[-15.1246,11.5702],[-15.1289,11.5544],[-15.1233,11.5455],[-15.1147,11.5463],[-15.1051,11.5729],[-15.0933,11.574],[-15.0815,11.5717],[-15.0763,11.5736],[-15.0445,11.5754],[-15.0353,11.577],[-15.0238,11.5827],[-15.0158,11.5892],[-15.0106,11.5983],[-15.0073,11.6118],[-15.0198,11.6077],[-15.0289,11.6029],[-15.0392,11.5991],[-15.0725,11.5955],[-15.0799,11.598],[-15.0831,11.6083],[-15.081,11.6129],[-15.0759,11.6162],[-15.0692,11.6181],[-15.062,11.6186],[-15.0659,11.6276],[-15.0662,11.633],[-15.062,11.6459],[-15.0734,11.6485],[-15.0824,11.6433],[-15.0882,11.6325],[-15.0899,11.6186],[-15.1036,11.634],[-15.1123,11.6387],[-15.1246,11.6385],[-15.1246,11.6459],[-15.1175,11.6498],[-15.1029,11.6664],[-15.1029,11.6732],[-15.1103,11.6868],[-15.1172,11.6868],[-15.1308,11.6527],[-15.1428,11.6499],[-15.1579,11.6584],[-15.1719,11.6596],[-15.1614,11.6749],[-15.1473,11.6816],[-15.1352,11.6895],[-15.1308,11.708],[-15.1393,11.6993],[-15.1487,11.6945],[-15.1578,11.6948],[-15.1656,11.7011],[-15.1719,11.7011],[-15.1728,11.6908],[-15.1758,11.6845],[-15.182,11.6811],[-15.1923,11.6801],[-15.1893,11.6655],[-15.1967,11.6615],[-15.2069,11.6668],[-15.2128,11.6801],[-15.228,11.6586],[-15.2363,11.6643],[-15.2314,11.6813],[-15.2066,11.6937],[-15.2154,11.7],[-15.2191,11.7082],[-15.2181,11.7175],[-15.2128,11.7279],[-15.2066,11.7279],[-15.2023,11.7251],[-15.1984,11.7239],[-15.1861,11.7216],[-15.1905,11.7354],[-15.1995,11.7445],[-15.2196,11.7551],[-15.2265,11.7551],[-15.2292,11.7388],[-15.2361,11.7258],[-15.2414,11.7121],[-15.2401,11.6937],[-15.2505,11.6895],[-15.2593,11.6768],[-15.2681,11.6732],[-15.2742,11.6766],[-15.2715,11.6859],[-15.2612,11.7011],[-15.2729,11.7062],[-15.275,11.7185],[-15.2681,11.7484],[-15.2778,11.7426],[-15.2841,11.7341],[-15.2875,11.7235],[-15.2886,11.7111],[-15.2926,11.7103],[-15.3135,11.7106],[-15.3226,11.708],[-15.309,11.7011],[-15.309,11.6937],[-15.2975,11.6858],[-15.286,11.6788],[-15.2811,11.6698],[-15.285,11.6564],[-15.2939,11.6531],[-15.3034,11.6573],[-15.309,11.6664],[-15.3138,11.6585],[-15.3176,11.6501],[-15.3205,11.6414],[-15.3226,11.6323],[-15.3302,11.6709],[-15.3364,11.6844],[-15.3414,11.6828],[-15.35,11.6801],[-15.3431,11.6664],[-15.3568,11.6664],[-15.3529,11.6401],[-15.3481,11.6288],[-15.3363,11.6186],[-15.3431,11.6049],[-15.3581,11.6155],[-15.3716,11.6297],[-15.3916,11.6596],[-15.3947,11.6419],[-15.3877,11.6253],[-15.3776,11.6088],[-15.3711,11.5913],[-15.3758,11.5934],[-15.3916,11.5981],[-15.3961,11.5846],[-15.4045,11.5845],[-15.4116,11.5946],[-15.412,11.6118],[-15.4189,11.6118],[-15.4231,11.6026],[-15.4259,11.5924],[-15.4271,11.5815],[-15.4263,11.5702],[-15.4352,11.5745],[-15.4387,11.577],[-15.4387,11.5571],[-15.4491,11.5638],[-15.453,11.5727],[-15.4558,11.5833],[-15.4632,11.5947],[-15.4689,11.6058],[-15.4646,11.6136],[-15.453,11.6217],[-15.4481,11.6369],[-15.4379,11.6523],[-15.4285,11.6705],[-15.4263,11.6937],[-15.4589,11.663],[-15.4761,11.6544],[-15.494,11.6664],[-15.4892,11.675],[-15.4893,11.6961],[-15.4878,11.708],[-15.5009,11.7086],[-15.5089,11.7045],[-15.5148,11.6987],[-15.5213,11.6937],[-15.5216,11.6904],[-15.5292,11.6816],[-15.5381,11.6762],[-15.5423,11.6834],[-15.5458,11.7001],[-15.5513,11.7164],[-15.5514,11.7331],[-15.5329,11.7603],[-15.5248,11.7825],[-15.5179,11.7927],[-15.4803,11.8303],[-15.4693,11.8377],[-15.4631,11.84],[-15.4604,11.8435],[-15.4598,11.8547],[-15.4574,11.8647],[-15.4515,11.8734],[-15.4387,11.8854],[-15.4325,11.8854],[-15.4298,11.879],[-15.4267,11.8762],[-15.4231,11.8744],[-15.4189,11.8712],[-15.415,11.8805],[-15.4101,11.8842],[-15.4042,11.8832],[-15.3978,11.8854],[-15.3747,11.8848],[-15.3346,11.8739],[-15.3127,11.8712],[-15.1892,11.8712],[-15.184,11.8747],[-15.1672,11.8896],[-15.1619,11.893],[-15.1356,11.8992],[-15.119,11.9135],[-15.1058,11.9293],[-15.0899,11.9401],[-15.067,11.9401],[-15.0629,11.925],[-15.0697,11.9047],[-15.0797,11.8892],[-15.0871,11.8703],[-15.0864,11.8454],[-15.0797,11.8209],[-15.0694,11.8036],[-15.0501,11.795],[-15.0248,11.7908],[-15.0026,11.7835],[-14.993,11.7657],[-14.9824,11.7541],[-14.9591,11.7489],[-14.9359,11.753],[-14.9254,11.7694],[-14.9514,11.7606],[-14.9695,11.7764],[-14.9833,11.799],[-14.9968,11.8104],[-15.0264,11.8139],[-15.0353,11.8166],[-15.0467,11.8235],[-15.0525,11.8305],[-15.0574,11.8383],[-15.0657,11.8479],[-15.0702,11.8607],[-15.0612,11.8727],[-15.0486,11.8843],[-15.0421,11.8961],[-15.0238,11.9449],[-15.0231,11.9511],[-15.0187,11.9538],[-15.0039,11.9544],[-14.9938,11.9572],[-14.994,11.9637],[-15.0002,11.9706],[-15.0073,11.9748],[-15.0072,11.9783],[-15.0176,11.9815],[-15.0289,11.9822],[-15.0387,11.978],[-15.0466,11.9765],[-15.0688,11.9853],[-15.0797,11.9879],[-15.0939,11.9837],[-15.1247,11.9654],[-15.1408,11.9612],[-15.1494,11.9545],[-15.1778,11.9234],[-15.1923,11.9134],[-15.2151,11.9096],[-15.234,11.9132],[-15.2742,11.9265],[-15.3131,11.9328],[-15.3254,11.9386],[-15.3398,11.951],[-15.3585,11.9632],[-15.381,11.9682],[-15.4044,11.9672],[-15.4263,11.9612],[-15.4337,11.9565],[-15.4501,11.9429],[-15.4565,11.9401],[-15.478,11.9412],[-15.4891,11.9406],[-15.4974,11.937],[-15.5287,11.906],[-15.5347,11.9024],[-15.5492,11.8966],[-15.5554,11.893],[-15.5849,11.8513],[-15.5933,11.8445],[-15.6133,11.839],[-15.6577,11.8127],[-15.6768,11.8048],[-15.6796,11.8036],[-15.7443,11.7919],[-15.754,11.7862],[-15.7636,11.7777],[-15.8113,11.7532],[-15.8304,11.7484],[-15.8099,11.8295],[-15.7915,11.8632],[-15.7672,11.8647],[-15.7616,11.861],[-15.754,11.8586],[-15.7448,11.8576],[-15.7342,11.8581],[-15.7342,11.865],[-15.753,11.8661],[-15.7764,11.8857],[-15.7956,11.8854],[-15.8116,11.8737],[-15.8158,11.8565],[-15.8178,11.8376],[-15.8502,11.7753],[-15.8605,11.7694],[-15.88,11.7744],[-15.8841,11.7871],[-15.8776,11.824],[-15.8943,11.8162],[-15.8983,11.8],[-15.8988,11.7802],[-15.9055,11.7619],[-15.9116,11.7587],[-15.9337,11.7509],[-15.943,11.7449],[-15.9531,11.7363],[-15.959,11.7348],[-15.963,11.7393],[-15.9669,11.7484],[-15.9696,11.7683],[-15.9638,11.7883],[-15.9464,11.824],[-15.932,11.8796],[-15.9259,11.893],[-15.9219,11.8969],[-15.9156,11.9012],[-15.9084,11.9045],[-15.9017,11.906],[-15.8978,11.9096],[-15.8912,11.9339],[-15.8653,11.9722],[-15.8571,11.9811],[-15.8429,11.9894],[-15.8218,11.9979],[-15.7995,12.0034],[-15.782,12.0028],[-15.7766,11.997],[-15.7728,11.9875],[-15.7676,11.9787],[-15.7578,11.9748],[-15.7379,11.9737],[-15.7292,11.9714],[-15.7205,11.9674],[-15.7174,11.9816],[-15.7101,11.996],[-15.7063,12.0083],[-15.7137,12.0158],[-15.7195,12.012],[-15.7289,12.0028],[-15.7428,11.9949],[-15.7615,11.9953],[-15.7674,11.9993],[-15.7742,12.0109],[-15.782,12.0158],[-15.7908,12.0184],[-15.7949,12.0181],[-15.7992,12.0167],[-15.8371,12.0139],[-15.85,12.0175],[-15.8571,12.0295],[-15.8639,12.0295],[-15.871,12.013],[-15.8896,12.0026],[-15.9125,11.9971],[-15.9328,11.9953],[-15.9303,11.9882],[-15.9288,11.9852],[-15.9259,11.9811],[-15.9294,11.9802],[-15.9317,11.9803],[-15.933,11.9792],[-15.9328,11.9748],[-15.9408,11.9792],[-15.9464,11.9836],[-15.9462,11.979],[-15.9429,11.9655],[-15.9447,11.9531],[-15.9533,11.9401],[-15.9679,11.927],[-15.9816,11.9213],[-16.0557,11.9202],[-16.0653,11.917],[-16.0853,11.9079],[-16.0933,11.906],[-16.0985,11.9027],[-16.1049,11.8953],[-16.1133,11.8883],[-16.1246,11.8854],[-16.1343,11.8889],[-16.1431,11.8961],[-16.1588,11.9134],[-16.1832,11.9079],[-16.2152,11.9138],[-16.243,11.9254],[-16.2549,11.937],[-16.2754,11.9811],[-16.285,11.9866],[-16.3118,11.9906],[-16.3232,11.9953],[-16.3318,12.0046],[-16.338,12.017],[-16.3418,12.0312],[-16.3453,12.0618],[-16.3551,12.0873],[-16.3573,12.1011],[-16.3301,12.1592],[-16.3196,12.1717],[-16.308,12.1812],[-16.2957,12.1884],[-16.2828,12.194],[-16.2823,12.1821],[-16.2775,12.1733],[-16.2699,12.1713],[-16.2611,12.1803],[-16.2602,12.1886],[-16.269,12.2034],[-16.2686,12.2144],[-16.2574,12.2302],[-16.2403,12.2405],[-16.2218,12.2482],[-16.1484,12.2907],[-16.132,12.3039],[-16.1243,12.3132],[-16.113,12.3302],[-16.1041,12.338],[-16.0951,12.3419],[-16.0731,12.3472],[-16.0631,12.351],[-16.0898,12.352],[-16.1075,12.3447],[-16.1212,12.3312],[-16.1351,12.3138],[-16.1554,12.3],[-16.2068,12.2895],[-16.2276,12.2827],[-16.2621,12.2609],[-16.272,12.2523],[-16.3058,12.2144],[-16.3246,12.2222],[-16.3231,12.2407],[-16.3157,12.2632],[-16.3164,12.2827],[-16.3215,12.2679],[-16.3343,12.2481],[-16.3404,12.2117],[-16.3502,12.1972],[-16.3653,12.1923],[-16.3846,12.2008],[-16.3915,12.194],[-16.3944,12.1983],[-16.4058,12.2077],[-16.4078,12.1944],[-16.4157,12.1885],[-16.4281,12.187],[-16.4433,12.1872],[-16.4457,12.1834],[-16.4516,12.1763],[-16.4576,12.1719],[-16.4604,12.1766],[-16.4621,12.1806],[-16.4663,12.1839],[-16.4719,12.1863],[-16.4912,12.1898],[-16.5006,12.1966],[-16.5063,12.2065],[-16.5082,12.2178],[-16.5144,12.223],[-16.5383,12.2498],[-16.5389,12.256],[-16.5459,12.2598],[-16.567,12.2773],[-16.5764,12.2827],[-16.5811,12.2817],[-16.5962,12.2761],[-16.6037,12.2765],[-16.6096,12.2813],[-16.6189,12.2969],[-16.6243,12.3039],[-16.6615,12.3323],[-16.6727,12.338],[-16.6876,12.338],[-16.6989,12.3332],[-16.7092,12.3274],[-16.7211,12.3237],[-16.7284,12.3325],[-16.7056,12.348],[-16.6689,12.3567],[-16.5333,12.3478],[-16.5149,12.3485],[-16.4627,12.3613],[-16.4123,12.3617],[-16.382,12.3738],[-16.3019,12.4162],[-16.2329,12.4529],[-16.2224,12.4551],[-16.2117,12.4531],[-16.1901,12.4448],[-16.1819,12.4434],[-16.1772,12.4452],[-16.1728,12.4485],[-16.1661,12.4514],[-16.0905,12.4643],[-16.055,12.4612],[-15.9925,12.4407],[-15.9733,12.4372],[-15.8939,12.4428],[-15.884,12.4422],[-15.7115,12.4322],[-15.677,12.4393],[-15.4246,12.555],[-15.4217,12.5571],[-15.3686,12.5954],[-15.3078,12.6227],[-15.2497,12.6636],[-15.2238,12.6752],[-15.1951,12.6794],[-15.1462,12.6792],[-14.8722,12.6781],[-14.7917,12.6778],[-14.4373,12.6763],[-14.3431,12.6759],[-14.0828,12.6748],[-13.7283,12.6734]]],[[[-15.9464,11.2003],[-15.927,11.1859],[-15.9117,11.1663],[-15.9016,11.1423],[-15.8948,11.0989],[-15.8878,11.0893],[-15.8808,11.0822],[-15.8776,11.0736],[-15.8827,11.0606],[-15.8946,11.0543],[-15.9083,11.0534],[-15.9184,11.0562],[-15.9264,11.0514],[-15.9369,11.0519],[-15.9632,11.0562],[-15.9656,11.0539],[-15.9718,11.0498],[-15.9782,11.0481],[-15.9812,11.0529],[-15.9814,11.0609],[-15.981,11.0662],[-15.9779,11.069],[-15.9703,11.0699],[-15.9599,11.0726],[-15.9319,11.0855],[-15.9259,11.0904],[-15.9305,11.1016],[-15.9418,11.1054],[-15.9519,11.0999],[-15.9533,11.0836],[-15.9606,11.0903],[-15.9669,11.0978],[-15.9581,11.1127],[-15.9535,11.1245],[-15.9524,11.1364],[-15.9533,11.1518],[-15.9586,11.1743],[-15.9571,11.1872],[-15.9464,11.2003]]],[[[-15.9738,11.1592],[-15.9717,11.1299],[-15.9745,11.1162],[-15.9843,11.1013],[-16.0055,11.0758],[-16.0171,11.0687],[-16.0221,11.0805],[-16.0255,11.0963],[-16.0314,11.1086],[-16.0325,11.1215],[-16.0221,11.1388],[-16.045,11.1387],[-16.0561,11.1486],[-16.057,11.1636],[-16.0489,11.1791],[-16.0345,11.1905],[-15.9812,11.2071],[-15.9771,11.1988],[-15.9749,11.1854],[-15.9738,11.1592]]],[[[-16.0489,11.1183],[-16.0631,11.1183],[-16.0631,11.1108],[-16.0533,11.0915],[-16.0573,11.0733],[-16.0622,11.0584],[-16.0557,11.0495],[-16.0762,11.0361],[-16.0939,11.0353],[-16.1116,11.0366],[-16.132,11.029],[-16.1354,11.0377],[-16.1366,11.0458],[-16.1355,11.0542],[-16.132,11.0637],[-16.1383,11.0637],[-16.1513,11.0425],[-16.145,11.029],[-16.1576,11.0327],[-16.1609,11.0355],[-16.1655,11.0425],[-16.1885,11.0396],[-16.2131,11.0556],[-16.2347,11.0806],[-16.248,11.1047],[-16.235,11.1179],[-16.2186,11.1296],[-16.2017,11.1356],[-16.1867,11.132],[-16.2003,11.1263],[-16.2065,11.1251],[-16.2056,11.1208],[-16.2046,11.1176],[-16.2028,11.1147],[-16.1997,11.1108],[-16.1908,11.1196],[-16.1794,11.1247],[-16.1697,11.1323],[-16.1619,11.1662],[-16.1534,11.1722],[-16.1443,11.1758],[-16.1383,11.1866],[-16.1332,11.1814],[-16.1177,11.1729],[-16.1151,11.1975],[-16.1,11.2082],[-16.08,11.2062],[-16.0631,11.1928],[-16.0566,11.1852],[-16.0596,11.1795],[-16.0658,11.1729],[-16.0694,11.1627],[-16.0677,11.1479],[-16.0633,11.1386],[-16.0489,11.1183]]],[[[-15.8571,11.3027],[-15.8312,11.303],[-15.8258,11.2927],[-15.8365,11.2555],[-15.8376,11.214],[-15.8465,11.201],[-15.8713,11.2003],[-15.8961,11.2182],[-15.8965,11.2487],[-15.8808,11.2806],[-15.8571,11.3027]]],[[[-15.6584,11.3027],[-15.6615,11.2846],[-15.6565,11.2517],[-15.6584,11.2338],[-15.6634,11.2299],[-15.6695,11.2412],[-15.6788,11.2541],[-15.6932,11.2555],[-15.6932,11.248],[-15.6857,11.248],[-15.6857,11.2412],[-15.6933,11.2277],[-15.6986,11.2209],[-15.7062,11.2145],[-15.7118,11.2224],[-15.7145,11.2249],[-15.7268,11.2208],[-15.7213,11.2102],[-15.7203,11.1956],[-15.7225,11.18],[-15.7268,11.1661],[-15.7288,11.1704],[-15.732,11.1751],[-15.7342,11.1791],[-15.7402,11.1786],[-15.7425,11.1779],[-15.7442,11.1779],[-15.7479,11.1791],[-15.754,11.1791],[-15.7638,11.1679],[-15.7733,11.1731],[-15.78,11.1866],[-15.782,11.2003],[-15.775,11.2067],[-15.7635,11.2145],[-15.7595,11.2219],[-15.7751,11.2275],[-15.7751,11.2338],[-15.754,11.2555],[-15.7531,11.2598],[-15.755,11.2717],[-15.754,11.2759],[-15.7493,11.2771],[-15.7425,11.2759],[-15.7367,11.2755],[-15.7342,11.279],[-15.7235,11.299],[-15.6995,11.3058],[-15.6739,11.305],[-15.6584,11.3027]]],[[[-16.173,11.2208],[-16.2385,11.2153],[-16.2515,11.2177],[-16.2782,11.2304],[-16.2828,11.2307],[-16.2816,11.2426],[-16.2779,11.2524],[-16.2711,11.2592],[-16.2611,11.2617],[-16.2625,11.2786],[-16.2487,11.2944],[-16.2293,11.3041],[-16.214,11.3027],[-16.2065,11.3101],[-16.1975,11.2984],[-16.1862,11.2973],[-16.1732,11.2991],[-16.1588,11.2965],[-16.1544,11.2892],[-16.1515,11.2762],[-16.1504,11.2631],[-16.1513,11.2555],[-16.1631,11.2507],[-16.1728,11.2446],[-16.1773,11.2352],[-16.173,11.2208]]],[[[-15.6653,11.4945],[-15.6632,11.4922],[-15.6614,11.4894],[-15.658,11.4877],[-15.6516,11.4882],[-15.6523,11.4835],[-15.6534,11.4805],[-15.6584,11.4739],[-15.6527,11.4661],[-15.6576,11.458],[-15.6796,11.4404],[-15.6844,11.4498],[-15.6857,11.4535],[-15.6932,11.4535],[-15.7047,11.4427],[-15.7209,11.4427],[-15.7351,11.4499],[-15.7404,11.4604],[-15.7355,11.4694],[-15.7273,11.4704],[-15.7189,11.4682],[-15.7137,11.4678],[-15.7062,11.4752],[-15.7005,11.4834],[-15.6963,11.4923],[-15.6932,11.5019],[-15.6857,11.4945],[-15.6805,11.4987],[-15.6653,11.5087],[-15.6603,11.5047],[-15.6601,11.5019],[-15.6653,11.4945]]],[[[-16.2549,11.4473],[-16.2759,11.447],[-16.2878,11.4487],[-16.3021,11.4535],[-16.29,11.4616],[-16.2718,11.4709],[-16.2554,11.4827],[-16.248,11.4982],[-16.2367,11.508],[-16.211,11.5154],[-16.1831,11.5185],[-16.1655,11.5156],[-16.1606,11.5056],[-16.1642,11.4961],[-16.1938,11.465],[-16.1997,11.4604],[-16.2031,11.456],[-16.2056,11.4503],[-16.2086,11.4446],[-16.214,11.4404],[-16.2225,11.4401],[-16.2549,11.4473]]],[[[-16.2755,11.4955],[-16.2817,11.4931],[-16.292,11.4931],[-16.3021,11.4882],[-16.3067,11.4866],[-16.31,11.4827],[-16.3138,11.4805],[-16.3198,11.4845],[-16.3328,11.4992],[-16.3368,11.5019],[-16.3391,11.5013],[-16.3915,11.5019],[-16.4005,11.494],[-16.4085,11.4892],[-16.4194,11.4882],[-16.4163,11.4951],[-16.412,11.5019],[-16.4183,11.5144],[-16.417,11.5172],[-16.412,11.5224],[-16.4219,11.528],[-16.4263,11.5292],[-16.3892,11.5477],[-16.3479,11.5485],[-16.31,11.5535],[-16.2828,11.5838],[-16.2781,11.5824],[-16.2773,11.5819],[-16.2773,11.5806],[-16.2754,11.577],[-16.2679,11.5769],[-16.2605,11.5779],[-16.2538,11.5802],[-16.248,11.5838],[-16.2444,11.5809],[-16.2426,11.5778],[-16.2413,11.5702],[-16.2445,11.5522],[-16.2522,11.5373],[-16.2686,11.5156],[-16.2726,11.5068],[-16.2735,11.5009],[-16.2755,11.4955]]],[[[-16.0221,11.5122],[-16.0191,11.5288],[-16.0114,11.5503],[-16.0013,11.569],[-15.9911,11.577],[-15.9749,11.5834],[-15.9523,11.6068],[-15.9396,11.6049],[-15.9384,11.5891],[-15.9309,11.5787],[-15.9224,11.578],[-15.9184,11.5913],[-15.9061,11.5784],[-15.9093,11.5517],[-15.898,11.5429],[-15.9104,11.5227],[-15.9134,11.4984],[-15.9088,11.4739],[-15.898,11.4535],[-15.9178,11.4466],[-15.9437,11.4321],[-15.9657,11.4267],[-15.9738,11.4473],[-15.9812,11.4473],[-15.9825,11.4426],[-15.9855,11.4376],[-15.9874,11.433],[-15.9906,11.4367],[-15.9979,11.4435],[-16.0011,11.4473],[-16.0069,11.4363],[-16.0159,11.4283],[-16.0259,11.4229],[-16.0352,11.42],[-16.0448,11.4331],[-16.0792,11.457],[-16.0836,11.4678],[-16.0489,11.4882],[-16.0263,11.5123],[-16.0221,11.5122]]],[[[-15.4735,11.6323],[-15.4739,11.6186],[-15.4849,11.6071],[-15.4878,11.5947],[-15.482,11.5836],[-15.4726,11.5734],[-15.4717,11.5661],[-15.4908,11.5634],[-15.5034,11.5652],[-15.5121,11.5715],[-15.5213,11.5702],[-15.5228,11.5674],[-15.5423,11.5497],[-15.5474,11.5485],[-15.5697,11.5497],[-15.5697,11.5429],[-15.5484,11.5351],[-15.5522,11.5195],[-15.5663,11.5105],[-15.5758,11.5224],[-15.5871,11.5194],[-15.6007,11.5207],[-15.612,11.5239],[-15.6169,11.5258],[-15.6217,11.5224],[-15.6303,11.529],[-15.633,11.5382],[-15.6206,11.5429],[-15.6074,11.5501],[-15.5983,11.5652],[-15.5857,11.5775],[-15.5622,11.577],[-15.5603,11.5922],[-15.5503,11.6032],[-15.5379,11.613],[-15.5287,11.6248],[-15.5118,11.6204],[-15.4967,11.6249],[-15.4839,11.6311],[-15.4735,11.6323]]],[[[-16.1655,11.8712],[-16.1481,11.8773],[-16.1287,11.8766],[-16.0933,11.8712],[-16.0799,11.8732],[-16.0651,11.8784],[-16.0352,11.893],[-16.0391,11.897],[-16.0389,11.8977],[-16.037,11.8992],[-16.0226,11.8996],[-16.0094,11.9003],[-15.9949,11.8991],[-15.9875,11.8904],[-15.9856,11.8874],[-15.9891,11.8615],[-15.9969,11.8493],[-16.0069,11.838],[-16.0147,11.824],[-16.0235,11.7852],[-16.0294,11.7692],[-16.0414,11.7551],[-16.0517,11.7622],[-16.0634,11.7607],[-16.0746,11.7564],[-16.0836,11.7551],[-16.0963,11.7629],[-16.1212,11.7998],[-16.1328,11.8055],[-16.145,11.8055],[-16.1548,11.8078],[-16.1588,11.8203],[-16.1592,11.8481],[-16.1611,11.8612],[-16.1655,11.8712]]]]}},{"type":"Feature","properties":{"ADM0_A3":"MRT","NAME":"Mauritania"},"geometry":{"type":"MultiPolygon","coordinates":[[[[-8.6824,27.2854],[-8.4844,27.169],[-8.2864,27.0527],[-8.0886,26.9362],[-7.8908,26.8199],[-7.6928,26.7035],[-7.4949,26.5872],[-7.297,26.4707],[-7.0991,26.3544],[-6.9012,26.2379],[-6.7033,26.1216],[-6.5054,26.0052],[-6.3075,25.8888],[-6.1399,25.7902],[-5.9723,25.6916],[-5.8046,25.593],[-5.6615,25.5089],[-5.637,25.4945],[-5.516,25.4233],[-5.3423,25.3162],[-5.1688,25.2092],[-4.9952,25.1021],[-4.8216,24.9951],[-5.0431,24.9949],[-5.2645,24.9948],[-5.4859,24.9947],[-5.7073,24.9946],[-5.9288,24.9944],[-6.1502,24.9943],[-6.3717,24.9942],[-6.5931,24.9941],[-6.5834,24.9144],[-6.5738,24.8349],[-6.5642,24.7552],[-6.5545,24.6755],[-6.5448,24.596],[-6.5352,24.5164],[-6.5255,24.4367],[-6.5159,24.3571],[-6.5063,24.276],[-6.5057,24.2703],[-6.4984,24.2084],[-6.4826,24.0723],[-6.4666,23.9362],[-6.4594,23.8744],[-6.4453,23.7537],[-6.4312,23.633],[-6.417,23.5123],[-6.4029,23.3917],[-6.3888,23.271],[-6.3747,23.1503],[-6.3716,23.124],[-6.3606,23.0297],[-6.3465,22.909],[-6.3323,22.7883],[-6.3182,22.6677],[-6.3041,22.547],[-6.29,22.4263],[-6.2759,22.3056],[-6.2617,22.185],[-6.2476,22.0642],[-6.2335,21.9436],[-6.2194,21.8229],[-6.2052,21.7022],[-6.1911,21.5816],[-6.177,21.4609],[-6.1629,21.3402],[-6.1487,21.2195],[-6.1346,21.0989],[-6.1205,20.9782],[-6.1137,20.9196],[-6.0986,20.7907],[-6.0836,20.6619],[-6.0768,20.6033],[-6.0641,20.4954],[-6.0497,20.3705],[-6.0354,20.2455],[-6.0209,20.1205],[-6.0066,19.9955],[-5.9922,19.8706],[-5.9778,19.7456],[-5.9635,19.6206],[-5.9491,19.4956],[-5.9491,19.4955],[-5.934,19.3579],[-5.9276,19.2995],[-5.9212,19.2412],[-5.9148,19.1829],[-5.9084,19.1246],[-5.8982,19.0318],[-5.888,18.9391],[-5.8778,18.8463],[-5.8677,18.7536],[-5.8575,18.6608],[-5.8474,18.5681],[-5.8371,18.4753],[-5.827,18.3825],[-5.8168,18.2899],[-5.8065,18.1971],[-5.7964,18.1044],[-5.7862,18.0117],[-5.7764,17.9214],[-5.7664,17.8313],[-5.7565,17.741],[-5.7466,17.6508],[-5.7367,17.5606],[-5.7268,17.4704],[-5.7169,17.3802],[-5.707,17.29],[-5.697,17.1997],[-5.6872,17.1095],[-5.6773,17.0193],[-5.6673,16.9291],[-5.6575,16.8388],[-5.6476,16.7486],[-5.6376,16.6584],[-5.6277,16.5681],[-5.6233,16.5278],[-5.6146,16.5119],[-5.6059,16.4959],[-5.5665,16.4695],[-5.5297,16.445],[-5.4854,16.4154],[-5.4459,16.389],[-5.405,16.3617],[-5.3649,16.3349],[-5.3601,16.3299],[-5.3553,16.3248],[-5.3543,16.3184],[-5.3533,16.312],[-5.3589,16.2824],[-5.3772,16.1878],[-5.3955,16.0932],[-5.4138,15.9986],[-5.432,15.9039],[-5.4508,15.8068],[-5.4696,15.7098],[-5.4884,15.6127],[-5.5071,15.5155],[-5.5081,15.5107],[-5.5088,15.5069],[-5.509,15.5057],[-5.5099,15.5008],[-5.511,15.4959],[-5.511,15.4957],[-5.511,15.4954],[-5.511,15.4953],[-5.511,15.4951],[-5.511,15.4948],[-5.511,15.4947],[-5.511,15.4945],[-5.511,15.4943],[-5.511,15.4942],[-5.5111,15.494],[-5.5113,15.494],[-5.5113,15.4939],[-5.5114,15.4937],[-5.5115,15.4937],[-5.5116,15.4935],[-5.5117,15.4934],[-5.5119,15.4934],[-5.5122,15.4934],[-5.5123,15.4934],[-5.5126,15.4934],[-5.5128,15.4934],[-5.513,15.4934],[-5.5131,15.4934],[-5.5134,15.4934],[-5.5137,15.4935],[-5.5141,15.4936],[-5.5144,15.4937],[-5.5147,15.4938],[-5.515,15.4939],[-5.5153,15.494],[-5.5156,15.4941],[-5.516,15.4942],[-5.6732,15.4943],[-5.8073,15.4944],[-5.8703,15.4944],[-5.9382,15.4944],[-6.0108,15.4944],[-6.0878,15.4945],[-6.2216,15.4945],[-6.3201,15.4945],[-6.3647,15.4946],[-6.516,15.4946],[-6.6739,15.4947],[-6.8372,15.4947],[-7.0045,15.4948],[-7.1745,15.4948],[-7.3459,15.4949],[-7.5172,15.495],[-7.6872,15.495],[-7.8545,15.4951],[-8.0178,15.4951],[-8.1758,15.4952],[-8.327,15.4953],[-8.4702,15.4953],[-8.6039,15.4954],[-8.6893,15.4954],[-8.7693,15.4954],[-8.8434,15.4954],[-8.9112,15.4954],[-9.0032,15.4955],[-9.0186,15.4955],[-9.1414,15.4956],[-9.1758,15.4956],[-9.3492,15.4956],[-9.343,15.5869],[-9.3293,15.6552],[-9.3324,15.6876],[-9.3565,15.6979],[-9.3759,15.6859],[-9.437,15.6149],[-9.4517,15.5883],[-9.4518,15.5592],[-9.4359,15.4959],[-9.4239,15.4405],[-9.6721,15.4307],[-9.7208,15.4209],[-9.7407,15.4126],[-9.7974,15.3803],[-9.8356,15.3711],[-9.9514,15.3812],[-10.0676,15.3647],[-10.1083,15.3659],[-10.1316,15.3726],[-10.168,15.3952],[-10.1884,15.4047],[-10.1961,15.4053],[-10.2145,15.402],[-10.2232,15.402],[-10.3087,15.4352],[-10.3226,15.4371],[-10.3708,15.4335],[-10.3984,15.4387],[-10.5004,15.4404],[-10.5155,15.4377],[-10.535,15.4417],[-10.5515,15.4392],[-10.5847,15.4281],[-10.5874,15.4273],[-10.6071,15.4244],[-10.6489,15.4249],[-10.7092,15.4339],[-10.7254,15.4331],[-10.7364,15.4226],[-10.7401,15.4036],[-10.7389,15.3622],[-10.7468,15.3411],[-10.7545,15.3336],[-10.7707,15.3247],[-10.7817,15.3084],[-10.7901,15.3068],[-10.8002,15.3068],[-10.811,15.3031],[-10.8272,15.2877],[-10.8344,15.2714],[-10.8441,15.2345],[-10.8553,15.2177],[-10.8823,15.1928],[-10.8909,15.1767],[-10.9062,15.1198],[-10.9152,15.1029],[-10.948,15.152],[-10.9852,15.1875],[-11.0127,15.2396],[-11.0454,15.2702],[-11.2982,15.451],[-11.3169,15.4717],[-11.4096,15.6022],[-11.4348,15.6234],[-11.4582,15.6329],[-11.5154,15.6444],[-11.5244,15.6435],[-11.5273,15.6426],[-11.5256,15.6383],[-11.523,15.6352],[-11.5196,15.6327],[-11.5154,15.6303],[-11.5131,15.6253],[-11.5123,15.6202],[-11.5131,15.615],[-11.5154,15.6101],[-11.5243,15.6003],[-11.536,15.5949],[-11.5626,15.5872],[-11.5792,15.578],[-11.6149,15.5412],[-11.6441,15.5264],[-11.6708,15.5284],[-11.6975,15.5368],[-11.7017,15.5374],[-11.7271,15.5412],[-11.7271,15.507],[-11.7294,15.4961],[-11.7549,15.4691],[-11.7677,15.4372],[-11.7835,15.3659],[-11.8169,15.2961],[-11.8211,15.2801],[-11.8268,15.2326],[-11.8457,15.1791],[-11.8482,15.1581],[-11.8473,15.1487],[-11.8442,15.1348],[-11.8451,15.1246],[-11.8568,15.0842],[-11.8591,15.0541],[-11.8609,15.049],[-11.851,15.042],[-11.8445,15.0443],[-11.8392,15.049],[-11.8328,15.049],[-11.8212,15.0398],[-11.8138,15.0285],[-11.8111,15.0143],[-11.8132,14.9961],[-11.8132,14.9959],[-11.8206,14.9803],[-11.8258,14.9625],[-11.8309,14.9264],[-11.8301,14.9203],[-11.8274,14.9156],[-11.8204,14.9064],[-11.8204,14.9],[-11.8261,14.8966],[-11.8331,14.8947],[-11.8371,14.8931],[-11.8405,14.8885],[-11.8456,14.8832],[-11.8508,14.8765],[-11.8547,14.8673],[-11.8626,14.8541],[-11.8775,14.8415],[-11.8957,14.8321],[-11.936,14.8236],[-11.9503,14.8116],[-11.974,14.7798],[-11.9915,14.768],[-12.0111,14.7627],[-12.0311,14.7628],[-12.0497,14.7672],[-12.0571,14.7619],[-12.0623,14.7463],[-12.0704,14.7344],[-12.0815,14.74],[-12.1237,14.7766],[-12.1389,14.7845],[-12.1602,14.781],[-12.2033,14.7662],[-12.2248,14.7634],[-12.2468,14.767],[-12.2641,14.7749],[-12.3196,14.8172],[-12.3825,14.846],[-12.4001,14.8604],[-12.4338,14.8994],[-12.4476,14.9074],[-12.4482,14.9182],[-12.4715,14.998],[-12.4763,15.0077],[-12.4849,15.0173],[-12.4956,15.023],[-12.519,15.0283],[-12.5296,15.0344],[-12.5471,15.0472],[-12.6021,15.0788],[-12.6151,15.0946],[-12.6229,15.1023],[-12.6323,15.1054],[-12.6476,15.1032],[-12.6793,15.0938],[-12.6896,15.0925],[-12.6903,15.0924],[-12.717,15.1034],[-12.7466,15.1311],[-12.7546,15.1386],[-12.7798,15.1464],[-12.7809,15.1491],[-12.784,15.1581],[-12.7847,15.166],[-12.7793,15.1914],[-12.7795,15.1996],[-12.782,15.2073],[-12.7872,15.2142],[-12.7963,15.2203],[-12.8064,15.2231],[-12.817,15.2231],[-12.8383,15.2188],[-12.8479,15.2189],[-12.8568,15.222],[-12.8655,15.2287],[-12.8884,15.2509],[-12.8944,15.2634],[-12.8842,15.2708],[-12.85,15.2674],[-12.8334,15.27],[-12.828,15.2839],[-12.8345,15.3002],[-12.8473,15.3133],[-12.9068,15.3527],[-12.919,15.3654],[-12.9272,15.3807],[-12.931,15.397],[-12.9312,15.4305],[-12.9331,15.4383],[-12.9376,15.4458],[-12.9476,15.4586],[-12.9509,15.4654],[-12.9549,15.4931],[-12.958,15.5017],[-12.9643,15.5092],[-12.9802,15.5163],[-12.9958,15.5142],[-13.0105,15.5063],[-13.0238,15.496],[-13.0389,15.4869],[-13.0532,15.4851],[-13.0838,15.4927],[-13.0896,15.497],[-13.0931,15.5062],[-13.095,15.5147],[-13.0951,15.5234],[-13.0895,15.561],[-13.0918,15.5751],[-13.099,15.5869],[-13.1097,15.5964],[-13.1222,15.6035],[-13.1452,15.6095],[-13.1526,15.6124],[-13.1711,15.6254],[-13.1782,15.6282],[-13.1928,15.629],[-13.2228,15.6239],[-13.2378,15.6234],[-13.2473,15.6483],[-13.2487,15.6567],[-13.2477,15.6656],[-13.244,15.6737],[-13.2289,15.6966],[-13.2271,15.704],[-13.2283,15.7113],[-13.2325,15.7196],[-13.2439,15.7358],[-13.2507,15.7428],[-13.2587,15.7488],[-13.274,15.7575],[-13.281,15.7628],[-13.2861,15.7696],[-13.2875,15.7782],[-13.2852,15.7866],[-13.2819,15.7951],[-13.2797,15.8035],[-13.28,15.8229],[-13.2848,15.8399],[-13.2937,15.8553],[-13.3118,15.8758],[-13.316,15.8818],[-13.3182,15.8885],[-13.3182,15.8967],[-13.3144,15.9136],[-13.3137,15.9221],[-13.3159,15.9305],[-13.3218,15.9382],[-13.347,15.9568],[-13.3558,15.9655],[-13.3633,15.9751],[-13.3698,15.9855],[-13.3837,16.0192],[-13.385,16.0269],[-13.3861,16.0444],[-13.3886,16.0521],[-13.3946,16.0593],[-13.4221,16.0772],[-13.427,16.0831],[-13.4351,16.0965],[-13.44,16.1019],[-13.4551,16.1022],[-13.4915,16.0884],[-13.5017,16.0951],[-13.4999,16.1106],[-13.4831,16.141],[-13.4849,16.155],[-13.4915,16.1563],[-13.4973,16.1561],[-13.5028,16.1544],[-13.5164,16.149],[-13.5691,16.1382],[-13.5994,16.1255],[-13.607,16.1233],[-13.6105,16.1229],[-13.6293,16.1228],[-13.635,16.1216],[-13.6624,16.1074],[-13.669,16.1057],[-13.6759,16.1069],[-13.6781,16.1082],[-13.6847,16.1138],[-13.6875,16.1152],[-13.6936,16.1175],[-13.696,16.1189],[-13.6973,16.1204],[-13.6988,16.1239],[-13.7,16.1256],[-13.7045,16.1288],[-13.7148,16.1328],[-13.7196,16.1356],[-13.7228,16.1461],[-13.7183,16.1593],[-13.7126,16.1761],[-13.7106,16.1889],[-13.7201,16.19],[-13.7294,16.1895],[-13.7382,16.1871],[-13.7467,16.1824],[-13.7542,16.1753],[-13.772,16.1504],[-13.7788,16.1432],[-13.7949,16.1312],[-13.8113,16.1221],[-13.8192,16.1193],[-13.8273,16.1185],[-13.8358,16.1206],[-13.8448,16.126],[-13.8528,16.1335],[-13.8591,16.1423],[-13.8638,16.1518],[-13.8723,16.1788],[-13.8772,16.1869],[-13.8838,16.1937],[-13.8996,16.2053],[-13.9078,16.21],[-13.9471,16.2211],[-13.9641,16.2301],[-13.9678,16.246],[-13.9627,16.264],[-13.963,16.2724],[-13.9674,16.2814],[-13.9773,16.2938],[-13.9793,16.3004],[-13.9775,16.3088],[-13.9712,16.3242],[-13.9719,16.3312],[-13.9779,16.338],[-13.987,16.3429],[-14.0067,16.3503],[-14.0156,16.3559],[-14.0331,16.3761],[-14.0398,16.3821],[-14.073,16.4007],[-14.1324,16.4526],[-14.1664,16.4909],[-14.1901,16.5071],[-14.1972,16.5135],[-14.2142,16.535],[-14.2223,16.5396],[-14.2337,16.5416],[-14.2577,16.5432],[-14.2681,16.5479],[-14.2733,16.5556],[-14.2746,16.5735],[-14.278,16.5813],[-14.2876,16.5857],[-14.326,16.5824],[-14.3353,16.5865],[-14.337,16.5941],[-14.3318,16.6131],[-14.3313,16.6241],[-14.3355,16.6315],[-14.3433,16.6367],[-14.4066,16.6608],[-14.4262,16.6596],[-14.4358,16.656],[-14.4621,16.6408],[-14.472,16.6364],[-14.4824,16.6337],[-14.4931,16.6325],[-14.5039,16.6327],[-14.5445,16.6408],[-14.5551,16.6406],[-14.597,16.6292],[-14.6081,16.6288],[-14.6191,16.6307],[-14.6472,16.6435],[-14.656,16.6459],[-14.6659,16.6457],[-14.6997,16.6371],[-14.7112,16.6358],[-14.882,16.6477],[-14.9125,16.6406],[-14.9309,16.6434],[-14.9413,16.656],[-14.9489,16.6706],[-14.9499,16.6723],[-14.9629,16.6858],[-14.9743,16.6914],[-14.9966,16.6824],[-15.0069,16.6758],[-15.0134,16.6666],[-15.0165,16.6526],[-15.0187,16.6461],[-15.0237,16.64],[-15.0299,16.6355],[-15.0369,16.6326],[-15.0444,16.6319],[-15.0516,16.6342],[-15.062,16.6438],[-15.0699,16.6553],[-15.0789,16.665],[-15.0933,16.6692],[-15.1076,16.6654],[-15.1163,16.6555],[-15.1183,16.6426],[-15.1123,16.6292],[-15.0962,16.614],[-15.0928,16.6076],[-15.0932,16.6002],[-15.0975,16.5945],[-15.104,16.5904],[-15.1251,16.5827],[-15.2325,16.5664],[-15.2486,16.5658],[-15.2959,16.573],[-15.328,16.572],[-15.3436,16.5687],[-15.3857,16.5518],[-15.3998,16.5483],[-15.4145,16.548],[-15.4269,16.5532],[-15.4337,16.5625],[-15.4394,16.5727],[-15.4488,16.5802],[-15.464,16.5815],[-15.4785,16.5752],[-15.4909,16.5645],[-15.5152,16.5309],[-15.5248,16.5222],[-15.5367,16.5165],[-15.5515,16.5151],[-15.5944,16.5236],[-15.6097,16.5213],[-15.6215,16.5142],[-15.6436,16.4947],[-15.6574,16.4862],[-15.6722,16.4814],[-15.6875,16.4805],[-15.7032,16.4844],[-15.7268,16.4953],[-15.7353,16.4977],[-15.7677,16.4995],[-15.813,16.5138],[-15.8289,16.5145],[-15.8536,16.5103],[-15.862,16.5103],[-15.8969,16.5184],[-15.911,16.5169],[-15.9507,16.4998],[-15.9581,16.4984],[-15.9644,16.499],[-15.9773,16.504],[-15.9856,16.5059],[-15.9931,16.5046],[-16.0002,16.5011],[-16.0073,16.4962],[-16.0312,16.4929],[-16.0538,16.4954],[-16.074,16.5049],[-16.091,16.5222],[-16.1031,16.5396],[-16.1105,16.5469],[-16.1197,16.5524],[-16.1323,16.5548],[-16.1443,16.5527],[-16.1558,16.5475],[-16.1852,16.5273],[-16.1954,16.5227],[-16.2067,16.5207],[-16.2179,16.5215],[-16.251,16.5276],[-16.2738,16.5232],[-16.2951,16.5106],[-16.3135,16.4933],[-16.3274,16.4746],[-16.3349,16.4558],[-16.3402,16.4159],[-16.3811,16.2467],[-16.3854,16.2349],[-16.3917,16.2247],[-16.4073,16.2148],[-16.4442,16.2063],[-16.4588,16.1942],[-16.466,16.1741],[-16.4704,16.1064],[-16.4878,16.066],[-16.5016,16.0219],[-16.5075,16.0104],[-16.5099,15.9015],[-16.5197,15.8464],[-16.5423,15.8088],[-16.5273,15.9774],[-16.5293,16.0658],[-16.5392,16.2672],[-16.5293,16.3327],[-16.5222,16.3505],[-16.4945,16.4016],[-16.4862,16.4517],[-16.4777,16.4665],[-16.4672,16.4929],[-16.4672,16.6002],[-16.4592,16.6439],[-16.3791,16.841],[-16.3578,16.8747],[-16.3431,16.9423],[-16.326,16.9752],[-16.2781,17.0407],[-16.1925,17.2193],[-16.1867,17.2438],[-16.1726,17.2624],[-16.079,17.5448],[-16.049,17.6672],[-16.0414,17.8],[-16.0242,17.9601],[-16.0352,18.1414],[-16.0694,18.484],[-16.0806,18.5197],[-16.132,18.6286],[-16.1557,18.7525],[-16.173,18.7931],[-16.164,18.8168],[-16.1656,18.8442],[-16.2046,18.9827],[-16.2104,18.9959],[-16.2389,19.061],[-16.2828,19.1304],[-16.3419,19.1957],[-16.3607,19.2125],[-16.3647,19.2146],[-16.3683,19.2215],[-16.3766,19.2236],[-16.3865,19.2246],[-16.3949,19.2285],[-16.4119,19.2392],[-16.4509,19.2502],[-16.4672,19.2593],[-16.4746,19.2708],[-16.4913,19.3131],[-16.4945,19.331],[-16.5048,19.35],[-16.5241,19.3659],[-16.5355,19.3808],[-16.5218,19.3964],[-16.4637,19.3815],[-16.4078,19.3892],[-16.3592,19.4158],[-16.3232,19.4579],[-16.2995,19.4966],[-16.2939,19.5161],[-16.2849,19.5293],[-16.2828,19.5361],[-16.2859,19.5427],[-16.2926,19.5466],[-16.2991,19.547],[-16.3021,19.5432],[-16.3073,19.5436],[-16.3629,19.4858],[-16.3915,19.4641],[-16.3505,19.5466],[-16.3647,19.5393],[-16.4052,19.5071],[-16.4194,19.492],[-16.4263,19.4825],[-16.4322,19.4714],[-16.4342,19.4595],[-16.4294,19.4479],[-16.4289,19.4417],[-16.4375,19.4228],[-16.4399,19.4132],[-16.4425,19.4103],[-16.4484,19.4086],[-16.4551,19.4083],[-16.4604,19.4095],[-16.4651,19.4125],[-16.4657,19.4145],[-16.4654,19.4173],[-16.4672,19.4232],[-16.4689,19.4312],[-16.4685,19.4557],[-16.4672,19.4641],[-16.4578,19.4797],[-16.4316,19.5059],[-16.4263,19.523],[-16.4225,19.5438],[-16.4128,19.5542],[-16.3995,19.5618],[-16.3846,19.5739],[-16.2891,19.7111],[-16.2831,19.7164],[-16.2764,19.7204],[-16.2708,19.7259],[-16.2686,19.7353],[-16.2674,19.7553],[-16.2643,19.7628],[-16.258,19.7657],[-16.256,19.7695],[-16.2384,19.7877],[-16.2338,19.7936],[-16.2335,19.8043],[-16.236,19.8133],[-16.241,19.821],[-16.248,19.8278],[-16.2402,19.8345],[-16.2352,19.8424],[-16.2331,19.8516],[-16.2338,19.862],[-16.2496,19.8535],[-16.2549,19.8483],[-16.2578,19.8642],[-16.2435,19.8887],[-16.248,19.9029],[-16.2665,19.9137],[-16.2792,19.9052],[-16.2865,19.8904],[-16.2891,19.8825],[-16.3056,19.873],[-16.3127,19.8776],[-16.3133,19.8897],[-16.3096,19.9029],[-16.304,19.914],[-16.298,19.9225],[-16.2391,19.9792],[-16.2225,20.0036],[-16.214,20.0333],[-16.2184,20.0579],[-16.2486,20.1085],[-16.2611,20.1357],[-16.2532,20.1352],[-16.2461,20.1357],[-16.2396,20.1381],[-16.2338,20.1431],[-16.2117,20.1756],[-16.2031,20.1955],[-16.1997,20.2152],[-16.2023,20.2333],[-16.209,20.2484],[-16.2376,20.29],[-16.2437,20.2931],[-16.258,20.2939],[-16.2675,20.2982],[-16.2721,20.3076],[-16.2751,20.317],[-16.2792,20.3212],[-16.2951,20.3306],[-16.3232,20.3964],[-16.3324,20.4055],[-16.3412,20.4113],[-16.3479,20.4175],[-16.3505,20.4274],[-16.3477,20.4309],[-16.342,20.4328],[-16.338,20.4355],[-16.34,20.4411],[-16.3428,20.4451],[-16.3492,20.4574],[-16.3535,20.4764],[-16.3912,20.5695],[-16.401,20.5832],[-16.4157,20.5888],[-16.4239,20.6013],[-16.4252,20.6261],[-16.4296,20.6442],[-16.4467,20.6365],[-16.4672,20.6496],[-16.4672,20.6571],[-16.4219,20.6691],[-16.4087,20.675],[-16.4294,20.6776],[-16.4647,20.6719],[-16.4808,20.6751],[-16.4945,20.6911],[-16.487,20.698],[-16.5013,20.726],[-16.508,20.7306],[-16.5293,20.739],[-16.5363,20.6954],[-16.5284,20.5986],[-16.5423,20.5609],[-16.5525,20.5764],[-16.5655,20.5873],[-16.5907,20.6024],[-16.599,20.6111],[-16.6118,20.6345],[-16.6212,20.6465],[-16.6337,20.655],[-16.665,20.6706],[-16.6727,20.6776],[-16.6735,20.689],[-16.6687,20.6937],[-16.6623,20.6954],[-16.659,20.698],[-16.6593,20.7065],[-16.665,20.7147],[-16.6664,20.7222],[-16.6711,20.7371],[-16.6825,20.7492],[-16.7102,20.77],[-16.714,20.7777],[-16.7137,20.7962],[-16.7174,20.8041],[-16.7341,20.8215],[-16.7454,20.8686],[-16.7515,20.8799],[-16.762,20.892],[-16.769,20.9068],[-16.7731,20.9226],[-16.7751,20.9376],[-16.7794,20.9328],[-16.7858,20.928],[-16.7887,20.924],[-16.8032,20.9374],[-16.809,20.9526],[-16.8116,20.9689],[-16.8166,20.986],[-16.823,20.9931],[-16.8321,21.0001],[-16.8404,21.0095],[-16.844,21.0239],[-16.8494,21.0336],[-16.8733,21.0646],[-16.8787,21.0785],[-16.8808,21.0926],[-16.8858,21.1086],[-16.8985,21.1369],[-16.9176,21.1592],[-16.9312,21.1515],[-16.9573,21.1059],[-17.0001,21.051],[-17.0101,21.043],[-17.0159,21.0312],[-17.0084,21.0134],[-16.9972,21.0185],[-16.996,21.0014],[-17.0023,20.9649],[-17.0044,20.9324],[-17.0084,20.924],[-17.0181,20.9179],[-17.0412,20.9114],[-17.0494,20.9035],[-17.0501,20.8948],[-17.0455,20.8872],[-17.0358,20.8768],[-17.0286,20.8608],[-17.0279,20.8542],[-17.0289,20.842],[-17.0384,20.7998],[-17.0469,20.7778],[-17.0569,20.7669],[-17.0812,20.8747],[-17.0774,20.9045],[-17.054,20.9955],[-17.0474,21.0274],[-17.0049,21.1419],[-16.9857,21.2378],[-16.9683,21.3246],[-16.9588,21.3329],[-16.8428,21.3329],[-16.8014,21.3329],[-16.6846,21.3329],[-16.5031,21.3329],[-16.2677,21.3329],[-15.989,21.333],[-15.6781,21.3331],[-15.3455,21.3331],[-15.0023,21.3332],[-14.659,21.3332],[-14.3265,21.3332],[-14.2956,21.3332],[-14.0155,21.3333],[-13.7369,21.3333],[-13.5014,21.3334],[-13.3199,21.3334],[-13.2031,21.3334],[-13.1617,21.3334],[-13.0152,21.3334],[-13.0262,21.4953],[-13.0321,21.5819],[-13.0603,21.9954],[-13.0768,22.2454],[-13.0933,22.4955],[-13.1064,22.5602],[-13.155,22.6888],[-13.1655,22.7527],[-13.1523,22.82],[-13.1199,22.8835],[-13.0343,22.9952],[-13.0152,23.018],[-12.9151,23.0821],[-12.7899,23.1619],[-12.6822,23.2308],[-12.6194,23.2708],[-12.5584,23.2903],[-12.3899,23.3125],[-12.3539,23.3225],[-12.1346,23.4193],[-12.0327,23.445],[-12.0193,23.461],[-12.0153,23.4952],[-12.0153,23.5759],[-12.0153,23.6515],[-12.0153,23.7271],[-12.0153,23.8027],[-12.0153,23.8783],[-12.0153,23.9539],[-12.0153,24.0295],[-12.0153,24.1051],[-12.0153,24.1807],[-12.0153,24.2563],[-12.0153,24.3319],[-12.0153,24.4075],[-12.0153,24.4831],[-12.0153,24.5586],[-12.0153,24.6343],[-12.0153,24.7099],[-12.0153,24.7855],[-12.0153,24.861],[-12.0153,24.9366],[-12.0153,25.0122],[-12.0153,25.0878],[-12.0153,25.1633],[-12.0153,25.2389],[-12.0153,25.3146],[-12.0153,25.3902],[-12.0153,25.4657],[-12.0153,25.5413],[-12.0153,25.6169],[-12.0153,25.6925],[-12.0153,25.7681],[-12.0153,25.8437],[-12.0153,25.9192],[-12.0153,25.9949],[-11.9146,25.995],[-11.8138,25.995],[-11.7132,25.995],[-11.6124,25.995],[-11.5117,25.995],[-11.411,25.995],[-11.3102,25.995],[-11.2095,25.995],[-11.1087,25.995],[-11.0081,25.995],[-10.9073,25.995],[-10.8066,25.995],[-10.7059,25.995],[-10.6052,25.995],[-10.5044,25.995],[-10.4037,25.995],[-10.303,25.995],[-10.2023,25.995],[-10.1015,25.995],[-10.0008,25.995],[-9.9,25.995],[-9.7994,25.995],[-9.6987,25.995],[-9.5979,25.995],[-9.4972,25.995],[-9.3964,25.995],[-9.2957,25.995],[-9.195,25.995],[-9.0942,25.995],[-8.9936,25.995],[-8.8929,25.995],[-8.792,25.995],[-8.7072,25.995],[-8.6877,26.0],[-8.6808,26.0131],[-8.6808,26.0584],[-8.6809,26.0722],[-8.6809,26.1111],[-8.6809,26.1716],[-8.681,26.2502],[-8.6811,26.343],[-8.6813,26.4466],[-8.6815,26.5574],[-8.6816,26.6719],[-8.6817,26.7863],[-8.6818,26.8972],[-8.6819,27.0008],[-8.6821,27.0937],[-8.6822,27.1721],[-8.6822,27.2327],[-8.6823,27.2717],[-8.6824,27.2854]]],[[[-16.3778,19.8135],[-16.3584,19.8532],[-16.3459,19.8684],[-16.3368,19.8557],[-16.3671,19.7211],[-16.3923,19.6584],[-16.4325,19.6013],[-16.4497,19.6228],[-16.453,19.6292],[-16.4527,19.6373],[-16.4503,19.6465],[-16.4502,19.6565],[-16.4567,19.6667],[-16.464,19.6846],[-16.4571,19.7034],[-16.4283,19.7446],[-16.4263,19.749],[-16.4274,19.778],[-16.4263,19.7869],[-16.4182,19.8056],[-16.4054,19.8211],[-16.3909,19.8261],[-16.3778,19.8135]]],[[[-16.3209,19.7285],[-16.3096,19.7308],[-16.3016,19.7226],[-16.3134,19.7047],[-16.3298,19.6899],[-16.3422,19.6764],[-16.3587,19.6479],[-16.3945,19.5999],[-16.3977,19.5999],[-16.3927,19.6171],[-16.3586,19.6774],[-16.3209,19.7285]]],[[[-16.4772,19.7315],[-16.4696,19.73],[-16.469,19.7197],[-16.4715,19.6997],[-16.4779,19.6855],[-16.4842,19.6777],[-16.4919,19.6841],[-16.4969,19.7055],[-16.4911,19.7251],[-16.4772,19.7315]]],[[[-16.4593,20.6147],[-16.4507,20.6125],[-16.4464,20.6073],[-16.4481,20.5745],[-16.4542,20.5711],[-16.4673,20.5762],[-16.4742,20.5942],[-16.4691,20.6091],[-16.4593,20.6147]]]]}},{"type":"Feature","properties":{"ADM0_A3":"GNQ","NAME":"Eq. Guinea"},"geometry":{"type":"MultiPolygon","coordinates":[[[[9.7996,2.3417],[9.8111,2.3249],[9.8119,2.3062],[9.8087,2.2855],[9.8109,2.2649],[9.8237,2.249],[9.8468,2.2285],[9.8721,2.2112],[9.8901,2.2046],[9.9075,2.2005],[9.9707,2.1689],[9.991,2.1656],[10.1256,2.1656],[10.19,2.1656],[10.4097,2.1657],[10.4247,2.1657],[10.7238,2.1657],[11.023,2.1657],[11.3221,2.1658],[11.3297,2.1274],[11.3301,2.0471],[11.3317,1.7851],[11.332,1.7326],[11.3332,1.5231],[11.3348,1.2612],[11.3363,0.9992],[11.0368,1.0002],[10.9638,1.0004],[10.7374,1.0011],[10.4381,1.0022],[10.415,1.0022],[10.1386,1.0031],[10.0294,1.0035],[10.0004,0.9997],[9.9808,0.9972],[9.9755,0.9826],[9.9754,0.953],[9.9718,0.9398],[9.96,0.9284],[9.9441,0.9249],[9.9263,0.9275],[9.9086,0.9351],[9.8921,0.9479],[9.8661,0.9776],[9.8496,0.9892],[9.8341,0.9949],[9.8044,0.9984],[9.8059,1.0036],[9.8045,1.0207],[9.7969,1.0463],[9.7991,1.0582],[9.8068,1.0644],[9.8198,1.0689],[9.8347,1.0716],[9.8475,1.0725],[9.8415,1.0777],[9.8293,1.0819],[9.8148,1.0845],[9.8025,1.0855],[9.7922,1.0887],[9.7673,1.1029],[9.7551,1.1059],[9.7141,1.0971],[9.7035,1.0998],[9.6994,1.1098],[9.7038,1.1206],[9.7116,1.1293],[9.7178,1.1333],[9.6992,1.1255],[9.6764,1.1054],[9.6571,1.0832],[9.6489,1.0688],[9.6421,1.0616],[9.6091,1.0535],[9.5843,1.043],[9.5754,1.0548],[9.5597,1.1028],[9.5516,1.1154],[9.5408,1.1251],[9.5247,1.1333],[9.5065,1.1376],[9.4935,1.1346],[9.4818,1.1293],[9.45,1.1233],[9.4204,1.1092],[9.4053,1.1059],[9.3965,1.1115],[9.3731,1.1377],[9.3602,1.147],[9.3622,1.157],[9.3596,1.1649],[9.3467,1.1817],[9.3623,1.1881],[9.374,1.1999],[9.3825,1.2145],[9.3988,1.2657],[9.4076,1.2838],[9.419,1.2916],[9.4343,1.2997],[9.4483,1.3191],[9.459,1.3417],[9.464,1.3598],[9.4614,1.3981],[9.4653,1.4145],[9.4928,1.4266],[9.5322,1.4623],[9.5496,1.4848],[9.5527,1.4865],[9.5549,1.4918],[9.5596,1.4967],[9.5642,1.5034],[9.5664,1.5141],[9.5781,1.5427],[9.5942,1.5722],[9.6148,1.588],[9.6278,1.5837],[9.6403,1.572],[9.6592,1.5653],[9.6859,1.5688],[9.7048,1.5777],[9.7222,1.589],[9.7445,1.6],[9.7243,1.599],[9.6834,1.5714],[9.6657,1.5756],[9.6223,1.6168],[9.6073,1.6444],[9.6175,1.6715],[9.6763,1.7297],[9.679,1.7335],[9.6848,1.7446],[9.6898,1.7502],[9.7103,1.7639],[9.7181,1.7718],[9.7224,1.7789],[9.731,1.7987],[9.7352,1.8048],[9.7398,1.809],[9.743,1.8157],[9.7468,1.8399],[9.7513,1.8466],[9.756,1.8515],[9.7581,1.8567],[9.7637,1.8661],[9.7991,1.9011],[9.8097,1.935],[9.8058,1.9764],[9.7781,2.0581],[9.7686,2.0768],[9.7655,2.0854],[9.7644,2.0963],[9.7666,2.1069],[9.7713,2.1136],[9.7759,2.1186],[9.7781,2.124],[9.7864,2.2481],[9.7835,2.2707],[9.7749,2.2881],[9.7669,2.3105],[9.7798,2.3279],[9.7996,2.3417]]],[[[5.6262,-1.4562],[5.62,-1.4446],[5.6187,-1.433],[5.6228,-1.4229],[5.6331,-1.4158],[5.6463,-1.4384],[5.6428,-1.4628],[5.6289,-1.4757],[5.612,-1.4636],[5.617,-1.4621],[5.6213,-1.4583],[5.6262,-1.4562]]],[[[8.9227,3.7507],[8.9492,3.7179],[8.9592,3.7008],[8.9631,3.6797],[8.9616,3.6605],[8.9575,3.643],[8.9512,3.6274],[8.9431,3.6142],[8.907,3.5821],[8.8967,3.5544],[8.8635,3.5151],[8.8607,3.5118],[8.8407,3.4581],[8.8234,3.4444],[8.8187,3.4209],[8.8159,3.4155],[8.8137,3.4122],[8.7849,3.3951],[8.7814,3.379],[8.7809,3.3329],[8.7747,3.3166],[8.7297,3.2648],[8.6955,3.2086],[8.6862,3.1973],[8.6766,3.2038],[8.6537,3.2136],[8.6484,3.22],[8.6421,3.2174],[8.6276,3.2226],[8.5999,3.238],[8.5926,3.2355],[8.5697,3.2304],[8.5596,3.2306],[8.5488,3.2353],[8.5277,3.2488],[8.5147,3.2517],[8.4932,3.2524],[8.4694,3.258],[8.4502,3.2729],[8.4422,3.3023],[8.4377,3.3131],[8.4286,3.3262],[8.422,3.3393],[8.4253,3.3504],[8.4292,3.3596],[8.4354,3.4019],[8.4421,3.4213],[8.4553,3.4465],[8.4739,3.4631],[8.4976,3.4565],[8.5103,3.4638],[8.5271,3.463],[8.5628,3.4565],[8.5796,3.4633],[8.5851,3.4793],[8.5823,3.4977],[8.5733,3.5118],[8.5857,3.5185],[8.6014,3.5297],[8.6152,3.5431],[8.6211,3.5559],[8.6279,3.6483],[8.641,3.6835],[8.6672,3.7263],[8.7024,3.7609],[8.7434,3.7724],[8.7412,3.7686],[8.7372,3.7582],[8.7682,3.7517],[8.7819,3.751],[8.7918,3.7582],[8.8143,3.7513],[8.8467,3.7464],[8.8806,3.7473],[8.9085,3.7582],[8.9115,3.7538],[8.9146,3.7521],[8.9227,3.7507]]]]}},{"type":"Feature","properties":{"ADM0_A3":"GMB","NAME":"Gambia"},"geometry":{"type":"Polygon","coordinates":[[[-16.7537,13.065],[-16.7689,13.0778],[-16.7843,13.083],[-16.7867,13.0901],[-16.7825,13.0983],[-16.7755,13.1127],[-16.7773,13.1278],[-16.7967,13.1772],[-16.7975,13.1891],[-16.795,13.2359],[-16.7974,13.2489],[-16.803,13.2622],[-16.8201,13.2813],[-16.8245,13.2946],[-16.8166,13.3106],[-16.8203,13.3158],[-16.8297,13.3385],[-16.8207,13.3491],[-16.81,13.3799],[-16.7995,13.3863],[-16.7873,13.3891],[-16.7743,13.3962],[-16.7629,13.405],[-16.7045,13.4754],[-16.6788,13.4962],[-16.6767,13.4859],[-16.6711,13.4787],[-16.6625,13.4731],[-16.6523,13.4682],[-16.6346,13.4774],[-16.6169,13.4782],[-16.6014,13.4722],[-16.5907,13.4614],[-16.5853,13.4433],[-16.5963,13.4403],[-16.6128,13.4392],[-16.6243,13.4272],[-16.6087,13.4137],[-16.5955,13.3851],[-16.5884,13.3553],[-16.5907,13.3385],[-16.5539,13.2958],[-16.5458,13.2901],[-16.4952,13.2879],[-16.4808,13.2839],[-16.4678,13.2759],[-16.4599,13.2689],[-16.4497,13.2641],[-16.4294,13.2622],[-16.4197,13.2556],[-16.4139,13.24],[-16.4135,13.2221],[-16.4194,13.2082],[-16.3998,13.2243],[-16.3909,13.2248],[-16.3778,13.215],[-16.3837,13.2252],[-16.4019,13.2434],[-16.4058,13.246],[-16.4083,13.2587],[-16.4153,13.267],[-16.426,13.2707],[-16.4399,13.2696],[-16.4399,13.2764],[-16.4105,13.2759],[-16.3968,13.2779],[-16.3846,13.2839],[-16.3747,13.2639],[-16.3633,13.2683],[-16.3497,13.2822],[-16.3334,13.2901],[-16.3148,13.2956],[-16.2779,13.3195],[-16.258,13.3249],[-16.2301,13.3164],[-16.2259,13.2966],[-16.2302,13.2736],[-16.2276,13.256],[-16.2097,13.2512],[-16.1855,13.2583],[-16.1513,13.2764],[-16.1513,13.2839],[-16.1623,13.2827],[-16.1725,13.2793],[-16.1818,13.2737],[-16.1898,13.2659],[-16.1993,13.2591],[-16.2035,13.265],[-16.2081,13.2924],[-16.2086,13.3035],[-16.2108,13.3133],[-16.217,13.3174],[-16.222,13.3198],[-16.2252,13.3258],[-16.2271,13.3337],[-16.2276,13.3419],[-16.2244,13.3603],[-16.2162,13.3727],[-16.1762,13.4054],[-16.1687,13.4133],[-16.1655,13.4238],[-16.1612,13.4287],[-16.1514,13.4269],[-16.1351,13.4205],[-15.9949,13.413],[-15.9413,13.4254],[-15.9222,13.4272],[-15.9113,13.4267],[-15.9056,13.4258],[-15.9006,13.4255],[-15.8912,13.4272],[-15.8838,13.4304],[-15.8784,13.4348],[-15.8744,13.4389],[-15.8713,13.4409],[-15.8495,13.4422],[-15.785,13.4348],[-15.7645,13.4369],[-15.7062,13.4546],[-15.6968,13.4599],[-15.678,13.473],[-15.6687,13.4757],[-15.6589,13.4724],[-15.6447,13.4579],[-15.6349,13.4546],[-15.6208,13.4548],[-15.6104,13.4564],[-15.6009,13.4604],[-15.5896,13.4682],[-15.5809,13.4782],[-15.5651,13.5025],[-15.5554,13.5092],[-15.5434,13.5097],[-15.531,13.5058],[-15.5196,13.4997],[-15.5107,13.4927],[-15.5004,13.4882],[-15.4897,13.4899],[-15.4794,13.494],[-15.47,13.4962],[-15.4511,13.4909],[-15.4389,13.4786],[-15.4294,13.4647],[-15.4189,13.4546],[-15.3844,13.4435],[-15.3406,13.4408],[-15.3048,13.4553],[-15.2947,13.4962],[-15.3,13.4962],[-15.3019,13.4962],[-15.3022,13.4962],[-15.3041,13.4811],[-15.3114,13.4678],[-15.3218,13.4582],[-15.3329,13.4546],[-15.3517,13.4567],[-15.386,13.4661],[-15.4015,13.4682],[-15.4158,13.4732],[-15.4322,13.4848],[-15.4565,13.5061],[-15.4652,13.5102],[-15.4741,13.5085],[-15.4828,13.505],[-15.4908,13.503],[-15.4999,13.5051],[-15.5076,13.5098],[-15.5136,13.5146],[-15.5179,13.5167],[-15.5317,13.5198],[-15.543,13.5255],[-15.5561,13.5283],[-15.5758,13.5229],[-15.586,13.515],[-15.6007,13.4955],[-15.6107,13.4893],[-15.6278,13.4885],[-15.6547,13.501],[-15.6721,13.503],[-15.6902,13.499],[-15.7342,13.4757],[-15.7699,13.4651],[-16.0902,13.4405],[-16.1219,13.4516],[-16.1416,13.4546],[-16.1604,13.4506],[-16.1785,13.441],[-16.2065,13.4205],[-16.2484,13.379],[-16.258,13.372],[-16.2656,13.3687],[-16.273,13.3626],[-16.2806,13.3598],[-16.2891,13.3659],[-16.2897,13.3732],[-16.2867,13.3836],[-16.2849,13.3953],[-16.2891,13.4068],[-16.306,13.3917],[-16.3081,13.3834],[-16.3021,13.372],[-16.3121,13.3669],[-16.3164,13.3659],[-16.3164,13.359],[-16.3116,13.3576],[-16.307,13.3546],[-16.3021,13.3528],[-16.3219,13.3428],[-16.3559,13.338],[-16.3905,13.3369],[-16.412,13.3385],[-16.4895,13.3571],[-16.5218,13.359],[-16.5158,13.3679],[-16.5035,13.3926],[-16.5013,13.4031],[-16.5035,13.4169],[-16.5134,13.4368],[-16.5157,13.4443],[-16.5198,13.4513],[-16.5382,13.4648],[-16.5445,13.4759],[-16.5544,13.4818],[-16.5565,13.4856],[-16.5565,13.5061],[-16.548,13.5481],[-16.5491,13.5639],[-16.5548,13.5771],[-16.5614,13.5869],[-16.4988,13.5867],[-16.4366,13.5865],[-16.3746,13.5862],[-16.3125,13.586],[-16.2503,13.5857],[-16.1882,13.5855],[-16.1261,13.5853],[-16.0854,13.5852],[-16.0641,13.5851],[-16.0019,13.5849],[-15.9398,13.5846],[-15.8777,13.5844],[-15.8156,13.5842],[-15.7534,13.584],[-15.6914,13.5837],[-15.6292,13.5835],[-15.5671,13.5833],[-15.5182,13.5831],[-15.5025,13.5883],[-15.5005,13.628],[-15.498,13.6415],[-15.4968,13.6483],[-15.4889,13.6703],[-15.4786,13.6913],[-15.4675,13.7083],[-15.4363,13.7412],[-15.3941,13.7715],[-15.3478,13.7886],[-15.3045,13.7819],[-15.2951,13.7732],[-15.2757,13.7481],[-15.2673,13.7418],[-15.246,13.7467],[-15.1706,13.7938],[-15.0977,13.82],[-15.0763,13.819],[-15.0168,13.7969],[-14.9158,13.7924],[-14.8793,13.7806],[-14.8603,13.7656],[-14.844,13.7527],[-14.8313,13.7356],[-14.8224,13.7172],[-14.8029,13.6523],[-14.796,13.6447],[-14.7549,13.6204],[-14.7409,13.6154],[-14.7286,13.6193],[-14.6672,13.6529],[-14.6267,13.6635],[-14.5855,13.6605],[-14.5426,13.6408],[-14.5232,13.6257],[-14.5097,13.6091],[-14.5002,13.59],[-14.4869,13.5465],[-14.4804,13.5331],[-14.4703,13.5224],[-14.4621,13.5167],[-14.3896,13.4659],[-14.3656,13.4548],[-14.3473,13.4524],[-14.3299,13.4564],[-14.2712,13.477],[-14.2158,13.5108],[-14.1968,13.5188],[-14.1391,13.5316],[-14.0929,13.5547],[-14.0726,13.5597],[-14.0618,13.5601],[-14.0445,13.5586],[-14.034,13.5602],[-14.0223,13.5653],[-14.0019,13.577],[-13.9885,13.5791],[-13.9675,13.5756],[-13.9421,13.5669],[-13.9181,13.555],[-13.9013,13.5416],[-13.8962,13.5329],[-13.8898,13.514],[-13.8846,13.5055],[-13.8825,13.5038],[-13.8755,13.4979],[-13.8528,13.4848],[-13.8427,13.4766],[-13.8187,13.4294],[-13.8226,13.3782],[-13.851,13.3358],[-13.9006,13.3146],[-13.9761,13.3082],[-14.0163,13.2976],[-14.0566,13.2972],[-14.0995,13.282],[-14.1168,13.2822],[-14.1318,13.2756],[-14.1798,13.2401],[-14.2017,13.2296],[-14.2306,13.2286],[-14.2849,13.2385],[-14.3418,13.2336],[-14.3688,13.2357],[-14.395,13.243],[-14.4314,13.2614],[-14.442,13.2685],[-14.4515,13.2769],[-14.4591,13.2869],[-14.4703,13.2983],[-14.4836,13.3019],[-14.5151,13.3032],[-14.5296,13.3073],[-14.5429,13.3147],[-14.5521,13.3231],[-14.5807,13.3492],[-14.5922,13.3531],[-14.6246,13.3452],[-14.6616,13.3409],[-14.6981,13.3452],[-14.7316,13.359],[-14.7595,13.3834],[-14.7796,13.4109],[-14.7903,13.4173],[-14.8108,13.4212],[-14.8291,13.427],[-14.8626,13.4471],[-14.8776,13.4514],[-14.9159,13.4544],[-14.9497,13.4631],[-15.0151,13.4957],[-15.0152,13.4958],[-15.0154,13.496],[-15.0156,13.4961],[-15.0653,13.5313],[-15.1102,13.5725],[-15.1377,13.59],[-15.1605,13.581],[-15.1813,13.5598],[-15.204,13.5369],[-15.218,13.5147],[-15.2217,13.4528],[-15.2278,13.4252],[-15.2483,13.399],[-15.2771,13.3803],[-15.3098,13.3684],[-15.3424,13.3626],[-15.3792,13.3625],[-15.4883,13.3853],[-15.5195,13.3866],[-15.5429,13.378],[-15.566,13.3657],[-15.5961,13.3558],[-15.6125,13.3542],[-15.6799,13.3607],[-15.6925,13.3603],[-15.7374,13.3463],[-15.8071,13.3398],[-15.8187,13.3335],[-15.8227,13.3194],[-15.8244,13.2485],[-15.8247,13.2329],[-15.8266,13.1617],[-15.8333,13.1568],[-15.8708,13.1572],[-15.8974,13.1574],[-15.9617,13.158],[-16.0921,13.1591],[-16.3133,13.1611],[-16.4652,13.1624],[-16.63,13.1639],[-16.6735,13.1643],[-16.7084,13.1567],[-16.7232,13.1322],[-16.7263,13.1226],[-16.7422,13.1074],[-16.7485,13.0992],[-16.7521,13.088],[-16.7537,13.065]]]}}]}