polygon_id,code,Name,n_pixels,centroid_lon,centroid_lat,A00,A01,A02,A03,A04,A05,A06,A07,A08,A09,A10,A11,A12,A13,A14,A15,A16,A17,A18,A19,A20,A21,A22,A23,A24,A25,A26,A27,A28,A29,A30,A31,A32,A33,A34,A35,A36,A37,A38,A39,A40,A41,A42,A43,A44,A45,A46,A47,A48,A49,A50,A51,A52,A53,A54,A55,A56,A57,A58,A59,A60,A61,A62,A63
00000000000000000000_00000000000000000000,23,cashew,46,-2.6092171616987367,7.964003141121993,0.15877104123831967,-0.01477023887133708,0.12142888186817775,-0.01488524480550955,-0.0580445647994918,-0.04879728532504216,-0.09725222740417562,0.11863263293382141,-0.13602126272503884,-0.011739966233722808,-0.04147702388713367,0.11368202865118764,-0.16415358641325237,-0.06907443625361478,-0.1067896962706651,0.0099052204001805,0.06410511007472039,-0.021427210270297346,-0.14118048242314823,0.21101850458853616,-0.2020747872891697,0.07137589221536864,0.29813148788927335,0.08777092422646805,-0.06899687411196358,0.03326212326362766,0.17871654714741816,-0.03054744830583551,-0.20292930812563725,0.2963783160322953,-0.037439780686358046,-0.03261086872941841,0.011756013573374765,-0.04636745064607253,0.11013289203149289,-0.07863463885127789,-0.17672400247396483,-0.1043999799408254,0.061600387810708215,-0.10547247714089894,0.12792404259231396,-0.05639035153703421,-0.156757100111997,0.3501716731023185,-0.030124868361666873,-0.10648479681727761,-0.13448740450997104,0.024377246209651773,-0.020005683432793374,-0.11612791066980924,0.042723367266770264,-0.11877304715577618,-0.08118215402102866,0.06821456630392989,0.06260067198234788,0.04137405345770016,0.06414656570215466,0.005177941594370035,-0.10703843003527069,0.07119535964428392,-0.2367985557394313,-0.10695284422379349,0.055847416545475766,0.19635925981645852
00000000000000000001_00000000000000000001,23,cashew,51,-1.547178753592688,8.134882464217377,0.15737536844803277,0.02853442491952563,0.18075219938032877,0.001953999592916739,-0.08865730375195056,-0.022217699075016355,-0.028187047214118213,0.10669682098137216,-0.15353732727231606,-0.04051533723831704,-0.060020354162426175,0.12741886604699548,-0.14392533791678913,0.00563644450475306,-0.112200586501421,0.07288177247061835,0.0427503750442891,0.0386095845489291,-0.056799873351878194,0.20675004334682737,-0.3266484233062698,0.1762772990780318,0.26786560221935757,0.07839398119878474,-0.09267747698848855,0.0530474704299251,0.188793752025993,-0.033070840023821865,-0.19599219003249124,0.31516566026641335,-0.077573783838795,0.005357818636874174,-0.024925556535570742,0.00746982683884776,0.07383585498790055,-0.08423185652577059,-0.14482876118536606,-0.0414139358165411,0.07807917015325926,-0.054408033109437495,0.15989385681223658,-0.08184363480109455,-0.1713331976389171,0.2541888112415285,-0.06075250092347585,-0.04245245041499871,-0.1274562573972303,-0.004116667043595584,-0.015882880641683774,-0.03937188562468427,-0.0018755983746824318,-0.13888233032544042,-0.10500938553045207,0.026044884697439093,0.0493252218226775,0.014352247627232308,0.07558721758599629,0.003237367226783045,-0.18076908579656387,0.01529788693639697,-0.24733413242267302,-0.04427135867803479,0.028651423660582986,0.20508311282990704
00000000000000000002_00000000000000000002,23,cashew,2,-2.1149769749549296,7.215305144059146,0.1273663975394079,-0.02276047673971545,0.1248135332564398,0.02466743560169165,0.0007074202229911497,0.0027066512879661483,0.01368704344482885,0.2033986928104575,-0.1036524413687043,-0.08196847366397535,-0.03278738946559015,0.1417916186082276,-0.13302575932333716,0.08027681660899649,-0.12773548635140325,-0.040138408304498205,-0.0015993848519800001,0.16956555171088034,-0.03131103421760855,0.18614379084967314,-0.2762014609765475,0.2141330257593233,0.15726259131103415,0.08888888888888885,-0.10875816993464049,0.0089811610918877,0.18614379084967314,-0.028112264513648552,-0.2559323337178008,0.2761399461745483,-0.11653979238754325,-0.07876970396001534,-0.12195309496347555,0.10608227604767395,0.0984236831987697,-0.0512110726643598,-0.1085736255286428,-0.0112264513648596,0.06572856593617835,-0.050103806228373654,0.09940792003075735,-0.11915417147251055,-0.1273663975394079,0.2639292579777009,-0.18272971933871585,-0.07323337178008454,-0.11398692810457514,-0.11429450211457129,-0.14471357170319105,0.014086889657823851,0.006889657823913851,-0.10595924644367549,-0.1568935024990388,0.0244213763936947,0.11915417147251055,0.1196462898885044,-0.0172856593617839,0.0458285274894271,-0.1137408688965782,0.09636293733179545,-0.21419454056132256,-0.00858131487889275,0.10906574394463665,0.10632833525567086
00000000000000000003_00000000000000000003,23,cashew,54,-1.7261160491075354,7.649687314357983,0.09983966280775197,0.045809161718427346,0.1466695145741666,0.005024847992937171,-0.039415039799507265,-0.04693921141441321,-0.06110356415623617,0.17811383086277355,-0.07704273285203692,-0.12968003759237898,-0.04036624090449537,0.0561880758112976,-0.11994133310550072,-0.03256297435459292,-0.0982129380437723,0.008905976333888647,0.06512025289418595,0.03277144118359031,-0.06387059108320157,0.16897318695088778,-0.3113435003631082,0.16585415865692676,0.22455294972019307,0.08762213963290469,-0.10506272516268668,0.0529403220983382,0.1914215330286072,-0.033253307132584294,-0.22626511170917166,0.2929334871203383,-0.07834935281302059,-0.021298930610733707,-0.01657140416079281,0.03791134463952606,0.10453643185669327,-0.11257550514759276,-0.18404773092969937,0.029696840246628754,0.07118971335811008,-0.07052785965511836,0.14375895310920297,-0.0866766343429165,-0.1125891751035926,0.28425078673444687,-0.07401483759807477,-0.0858518803309268,-0.16453500790294326,0.008450311133894358,0.004906375040938655,-0.029757215885628,-0.023588648240705095,-0.09736198328278294,-0.1525259515570934,0.12577954348042772,0.06697936691016272,0.09688125649678894,0.05083400971136453,-0.03478206387856518,-0.11325786378458425,0.10000939809474986,-0.2722474262035969,-0.06293647742321325,0.06461902117419223,0.20247597078046906
00000000000000000004_00000000000000000004,23,cashew,22,-2.540338086948321,7.4025288393078394,0.17351088742092197,0.037236028101079954,0.1057719059103142,-0.03160183146342311,0.009285938974520236,-0.053654887980147455,-0.06421586103247,0.1758148963685295,-0.13600363496557263,-0.012179930795847704,-0.02748872811156544,0.12245080563419662,-0.11238195099786791,-0.045037223445527894,-0.15248680577400298,-0.012669253084477942,0.028716228024186472,0.002284436056062368,-0.04807941001712624,0.18614938310440038,-0.2883590227534864,0.11050015728216418,0.25536751599035334,0.07465660060815767,-0.1356820803187585,0.04918947258047599,0.19860333438188107,0.0030729439725979257,-0.22215231903813218,0.26541120548040964,-0.06081856628569427,-0.06990038796267166,-0.013354304288560291,0.045000873789801075,0.15247562126454858,-0.08570969207647404,-0.09065044912795774,-0.09865296564258498,0.019438677431756972,-0.04700569710950329,0.1424794659396735,-0.05186816259480614,-0.09492293173954071,0.31016322393485024,-0.09223026108839254,-0.14560553633217987,-0.198421586103247,-0.05568208031875848,-0.06491768900073394,-0.022229212540631173,0.00822061444898811,-0.1271399112229562,-0.08572087658592843,0.03966027052532237,0.09339904232637793,0.055947712418300606,0.06098913005487396,0.002477368844150841,-0.125590856663521,0.14427737583446923,-0.22761035965188212,-0.13278249624270383,0.04439131802453595,0.2031666142392786
00000000000000000005_00000000000000000005,23,cashew,21,-2.8190600271224504,7.570936108019312,0.189998718441625,0.06688709470716388,0.09904468977133335,-0.07001263250398194,-0.0041302795628055,-0.03214587795902671,-0.07838450412844872,0.1376554804928507,-0.13625235715201112,-0.0042503798905183104,-0.02461470862854941,0.16176049504769224,-0.11176067812746011,-0.07481371633620765,-0.133563281521759,-0.007525310777905904,0.05607806521301326,-0.019406455392614527,-0.08798667179290012,0.19795756210981125,-0.267727064682082,0.07300049431537317,0.22121015726552057,0.10496475714468792,-0.12215375038904447,0.022022299115724668,0.1739697186063968,-0.013213965324691938,-0.20973032350194978,0.29332601014261905,-0.07761117518902981,-0.03542080884641433,0.028674685560498674,0.04182420680690571,0.16884934365903218,-0.08861939547060652,-0.05252778235477193,-0.19030043389904977,0.019221910986616825,-0.027939437212793572,0.13107632595521865,-0.03361930393072257,-0.11101957122718366,0.29249995423005803,-0.062100657256366563,-0.1511037879203969,-0.12536716647443288,-0.05315171820362129,-0.034524450302996966,-0.019388879734900465,0.027075300708518654,-0.1627740246425367,-0.09650500723165079,0.01781878764577723,0.0976972226799216,0.00865015287160611,0.08559931162007282,-0.008503689057322229,-0.13382398711118432,0.14547664817561007,-0.2653953607586826,-0.12915179143552843,0.018551106717196633,0.19561121180498342
00000000000000000006_00000000000000000006,23,cashew,20,-2.6624223129605324,7.742099496439119,0.21674432910419067,0.04577623990772774,0.12052902729719335,-0.07181545559400228,-0.0027866205305651444,-0.07236908881199536,-0.08535178777393307,0.10765090349865433,-0.14473202614379083,0.030114571318723526,-0.021588619761630103,0.14220069204152247,-0.13684890426758936,-0.11804690503652437,-0.10576547481737793,-0.051706266820453615,0.04774163783160318,-0.035518646674355975,-0.09903883121876199,0.19569703960015378,-0.24729565551710878,0.05345021145713182,0.25277662437524023,0.131358708189158,-0.1085982314494425,0.030157631680122986,0.16767089580930403,-0.008879661668588949,-0.18851518646674353,0.2623606305267205,-0.04579777008842747,-0.06648827374086887,0.01694117647058818,0.012918108419838476,0.1764582852748942,-0.0764444444444444,-0.09592925797770087,-0.15729027297193382,0.03651211072664355,-0.06641138023836982,0.1290703575547866,-0.0075693963860053405,-0.13596001537870048,0.30928412149173395,-0.04842137639369468,-0.13592310649750092,-0.16735409457900802,-0.020967320261437855,-0.031720107650903454,-0.06774317570165318,0.06165936178392924,-0.125997693194925,-0.08136255286428293,0.01441291810841978,0.08431218762014606,0.01244752018454435,0.10338485198000766,-0.002869665513264098,-0.11916032295271047,0.10754632833525565,-0.26554094579008075,-0.12963014225297959,0.006357554786620497,0.21381007304882735
00000000000000000007_00000000000000000007,23,cashew,64,-1.7606599990862344,7.436439473831558,0.13465013456362934,0.06757400999615529,0.054608804306036096,0.01045943867743171,-0.06951941560938098,0.029215686274509767,0.01136678200692039,0.188816801230296,-0.10268454440599767,-0.10900711264898114,-0.06869088811995382,0.17109188773548628,-0.09535563244905801,-0.037464436755094144,-0.09827470203767778,0.03860822760476734,0.0779613610149942,0.12887351018838905,-0.010729527104959603,0.18021049596309108,-0.28824394463667824,0.15357747020376775,0.1978066128412149,0.13110822760476737,-0.1708439061899269,0.006633986928104566,0.2195453671664744,-0.04642541330257588,-0.21359669357939254,0.308279507881584,-0.11478469819300267,-0.019770280661284077,0.047623990772779665,0.06257112648981157,0.08658208381391769,-0.029849096501345596,-0.09571030372933484,-0.12228950403690886,0.06237312572087655,-0.043267012687427865,0.1432698961937716,-0.1261620530565167,-0.16456266820453666,0.2206055363321799,-0.07306997308727409,-0.06709438677431753,-0.07592945021145708,-0.05273452518262202,-0.05271049596309107,-0.019929834678969586,-0.024842368319876927,-0.2096482122260669,-0.20900519031141868,0.09841599384851976,0.062220299884659706,0.028619761630142206,0.07167051134179157,0.009776047673971515,-0.1163619761630142,0.0695299884659746,-0.2488177623990773,-0.05541522491349478,0.08740965013456359,0.10202806612841211
00000000000000000008_00000000000000000008,23,cashew,6,-2.334984012153623,7.393809602718193,0.13799820581827502,0.00920671536588485,-0.010067922593874117,0.033464052287581654,-0.008499295142893713,-0.06507240804818656,-0.0118826092528514,0.22271434063821605,-0.1321337946943483,-0.06962450339612965,-0.03870306292451616,0.13113930539536076,-0.09850570293476864,-0.014958349352812967,-0.11201845444059975,0.010560041009867953,0.053230808663334565,0.06825067281814683,-0.039789824426502564,0.2255030116621812,-0.22908112264513647,0.11394591823657567,0.23418685121107263,0.08747404844290656,-0.10979366910162756,0.08460335768294243,0.23780597206202744,-0.030952197872613052,-0.2507445854158657,0.2859925669614251,-0.10259643726771754,-0.07123414071510953,-0.004685377418941417,0.028132769447648313,0.1312213251313597,-0.07344867358708185,-0.11029603998462129,-0.08899141355888757,0.10124311162373444,-0.06182237600922719,0.1400692041522491,-0.15513007817506083,-0.16848904267589382,0.2679584775086506,-0.10359092656670509,-0.16353710111495576,-0.057403562732282414,-0.007176726899910249,-0.11458157119056771,-0.0034345764449570334,0.0476842240164039,-0.13022683583237213,-0.1685710624118928,0.0734999359220812,0.13826476996027165,0.04716134819941043,0.040835576060489515,0.02357042163270533,-0.13688068691528896,0.13069844931436625,-0.1741176470588235,-0.08597718826092525,0.055506856337306114,0.1500140971421248
00000000000000000009_00000000000000000009,23,cashew,44,-2.777641135814936,7.892067183027652,0.16569850756701965,0.04037607913040434,0.1196379015064136,-0.05045472021250563,-0.022247387368494582,-0.09240781517598125,-0.10134423823005134,0.12235154311278876,-0.1212302960399846,-0.008013701024081638,-0.04804445842508121,0.11712418300653592,-0.13102652825836214,-0.10536227325154658,-0.14114012093250847,-0.007914438502673789,0.059839921708433774,-0.031852084862465435,-0.08369088811995383,0.1236139946174548,-0.26699521163188983,0.07380797595330464,0.28273740868896574,0.08161895774352518,-0.1028108070322603,0.055538079759533,0.15998601936318194,0.017832302261367974,-0.19731571773094264,0.23952465834818773,-0.02077662437524026,-0.029325783789451578,0.03984341686763827,-0.019908426828842026,0.12940058019642794,-0.11813358498479604,-0.12627590786760334,-0.13878857781971965,0.02134144210268775,-0.021702142532592342,0.16746426199713393,-0.016002236901890857,-0.09292090454720209,0.30808709936737616,-0.018748033972947418,-0.16396211247422315,-0.2087113348013002,-0.010586138198594925,-0.013316556569151676,-0.08693020167068606,0.028941316276956376,-0.10268498130089823,-0.07017720457166819,0.05382125755828175,0.03327251756317496,0.0046597462514417435,0.13792317640068502,0.01074411939463839,-0.15212191115305299,0.11441333752752435,-0.24748523295236097,-0.1293362692670651,-0.05402677291950644,0.24689385201495925
0000000000000000000a_0000000000000000000a,23,cashew,21,-2.5393832640083653,8.13268241372001,0.21491807180388495,0.025402683949396702,0.12418666813130477,-0.03559070687098364,-0.07890884458358502,-0.10142033283901791,-0.07771369985902854,0.11504439684370478,-0.13594478314201494,-0.01828161329891429,-0.08068984456527704,0.1348492338111715,-0.13020633089837239,-0.06543710294575342,-0.1102784643269072,-0.005580271324215928,0.04933194192709758,0.010478021273868985,-0.05319858662419211,0.26261547756357445,-0.27894912213251316,0.13937789494882916,0.21491807180388495,0.13820032588198675,-0.06572710129803552,0.014124970249537667,0.14317423701506743,-0.010975998242434172,-0.16515259698650697,0.3312806429761447,-0.1283052305889676,-0.026747221764522763,-0.06635982497574189,-0.056338770802438584,0.0971875286062137,-0.05629483165815342,-0.23188444005053,-0.08310063894838977,0.13378297724318483,-0.04709104556855418,0.11839255963823435,-0.02704600794566189,-0.1903385144907636,0.2745874297431391,-0.10720565350323133,-0.043288844949744554,-0.11240511891030922,0.006450266381062196,-0.029245894436205802,-0.08969151059116454,0.03527727430841613,-0.09432269639882093,-0.09347906482854576,-0.006403397960491348,0.020686549129455657,0.03694110323868105,0.05689533329671734,-0.009666611742736256,-0.15973929441057463,0.028654180626498927,-0.2325288808333791,-0.015739001482946047,0.013281338679262506,0.1912963878361802
0000000000000000000b_0000000000000000000b,23,cashew,60,-1.8853840301646632,7.576147716425179,0.16559067025503005,0.009570677944380355,0.17633730616429577,-0.022652825836216802,-0.005671664744329087,-0.03746148917083169,-0.009168781237985344,0.16745661924900676,-0.12530462642573367,-0.07434678969627062,-0.07594412405485065,0.14270101243111621,-0.12513853646033574,-0.0015686274509803721,-0.140156350121748,-0.007112136357811047,0.06512059464308595,0.0918692810457516,-0.04620991926182232,0.15287966166858896,-0.28959733435858,0.17834473920287064,0.21548019992310646,0.09209893630654872,-0.16628271177752144,0.02767345892605405,0.16715212097911053,0.03700320389593743,-0.21167755991285403,0.26089247725233883,-0.06896834550813785,-0.0899561707035755,-0.014231449442522071,0.05075278738946554,0.07812892477252335,-0.06887299756503905,-0.10701935153146222,-0.046881455850313954,0.08645495322311929,-0.031271049596309074,0.14827527873894653,-0.07084249647571443,-0.12989978213507622,0.28783596052800203,-0.12307163911316159,-0.1053502499038831,-0.18829885941304622,-0.027937972574650752,-0.07238139177239519,-0.05107163911316155,-0.048265538895296625,-0.13040010252467,-0.11904959630911184,0.05403767781622448,0.059459182365756716,0.06372215814430343,0.030612841214917294,0.029877739331026484,-0.165674740484429,0.14319210560041007,-0.2388578751762143,-0.09777675253107776,0.023281302063308952,0.14650570293476864
0000000000000000000c_0000000000000000000c,23,cashew,30,-2.5060136224188256,7.99912099842654,0.1402865564526464,0.055500704857106196,0.14012046648724846,0.02374471357170315,-0.04711623734461099,0.07223888248109697,-0.015958990132000455,0.1359723183391003,-0.05363475586312952,-0.0632843778034089,-0.05031295655517103,0.14691170062796355,-0.13805151864667434,-0.0015337690631808166,-0.022151480199923065,0.04001537870049973,0.07067025503011658,0.14911188004613607,-0.1005336409073433,0.2200548506984493,-0.23217326669229782,0.14287222863001406,0.09892605408176339,0.20476227092144048,-0.08152351659618091,0.018378572343970247,0.1674822504165064,-0.08741663462770724,-0.24276201460976546,0.3162865564526464,-0.1553781878764577,-0.05883685761886449,-0.09499525823401253,0.001636293733179535,0.0846197616301422,0.07404331667307443,-0.11114289375881067,-0.05621837754709723,0.08424657183134689,-0.041079584775086456,0.08816506471869791,-0.10645956683326922,-0.19384339356657693,0.24051467384339356,-0.13431346917852105,-0.009405613225682424,-0.06688094322696395,-0.028120466487248454,-0.16293220556196328,-0.0851733948481353,0.05720466487248489,-0.1047822632320902,-0.1355909265667051,0.057920287069075954,0.1503811354607202,0.10997001153402534,0.01660899653979235,0.050021786492374674,-0.1720199923106497,-0.009864923747276664,-0.2504390618992695,0.07946072023580669,0.1251826220684352,0.1390603613994617
0000000000000000000d_0000000000000000000d,23,cashew,15,-2.64351499694578,7.862360211137102,0.21033551198257078,-0.07755376137383055,0.1342211969755222,-0.037126233499935886,-0.023305907984108625,-0.06523029603998459,-0.08588286556452643,0.13815404331667303,-0.1542668204536716,0.043597590670254996,-0.0605961809560425,0.1429809047802127,-0.1574286812764321,-0.057368704344482845,-0.13403665256952452,-0.04993361527617577,0.029748558246828104,0.004244521337946933,-0.10526412918108415,0.2677493271818532,-0.17067486864026649,0.06713725490196075,0.26113853646033575,0.08496834550813785,-0.06030911188004609,0.022981930026912685,0.11529104190695884,0.007759067025502973,-0.19548993976675633,0.32207099833397407,-0.04151839036268097,-0.09354760989363062,-0.05608919646289885,-0.054210944508522325,0.09221889017044724,-0.049101114955786195,-0.11068153274381645,-0.15134691785210813,0.11896142509291296,-0.04331872356785846,0.11049288735101882,-0.04785851595540172,-0.15469742406766626,0.32498679994873764,-0.08644059976931945,-0.13587799564270148,-0.12021222606689733,-0.013561963347430452,-0.043359733435857944,-0.08834755863129562,0.033747020376778125,-0.13608304498269894,-0.10188081507112647,0.036076380879149,0.06677636806356527,0.0026410354991669733,0.029842880943226926,0.023424836601307144,-0.17678533897219012,0.12492425990003841,-0.1920410098679995,-0.08831885172369597,0.0007135717031910999,0.166717416378316
0000000000000000000e_0000000000000000000e,23,cashew,14,-2.590638120458206,7.785350673710515,0.16050530015927936,0.054053935299609994,0.1895227110452024,-0.05565771406601851,-0.00170044488383587,-0.06673477234030864,-0.054976657329598465,0.142296918767507,-0.09827868402262863,-0.027949689679793447,-0.02287032460042837,0.10299335420442682,-0.12110067556434337,-0.09576097105508866,-0.09532597352666553,-0.0022189267864008142,0.0613741967375185,-0.016147635524798084,-0.11131103421760857,0.08166529356840771,-0.29596089416158616,0.09066842423243804,0.22895809304113804,0.11186906135003016,-0.10671499972538033,0.06383478881748775,0.15783380018674129,0.025168341846542507,-0.2257065963640358,0.20751139671554894,-0.02070412478716972,-0.05366727082990055,-0.014293403635964128,0.03980447080793096,0.1604877245015653,-0.08959191519745148,-0.0815027187345526,-0.08916131158345689,-0.0025528642829680996,-0.03690888119953858,0.18657878837809633,0.003409677596528795,-0.09576975888394569,0.311467018179821,-0.015879606744658593,-0.14173889163508535,-0.26453122425440767,0.02071291261602675,-0.042458395122754934,-0.09533476135552256,-0.007078596144340028,-0.06997748118855383,-0.050257593233371735,0.07332125006865488,0.05687922227714611,0.06373812270006038,0.1422793431097929,0.0148997638270994,-0.1423584335695062,0.11970341077607512,-0.2844883835887296,-0.10827044543307517,-0.03146042730817812,0.24750041192947766
0000000000000000000f_0000000000000000000f,23,cashew,15,-2.7054297752911918,7.810734217522365,0.18185825964372673,0.06068640266564138,0.09740663847238239,-0.054961425092912936,-0.0034407279251569604,-0.05396488530052539,-0.1291113674227861,0.11450775342816863,-0.08983211585287705,0.012368576188645319,-0.007225938741509635,0.13383160322952706,-0.139035755478662,-0.11293297449698832,-0.09113622965526076,0.0028296808919646334,0.08895040369088808,-0.06275330001281554,-0.13301550685633728,0.13284736639753938,-0.2315745226195053,0.009444572600281932,0.269684992951429,0.08922516980648464,-0.10604331667307441,0.023896450083301258,0.1764203511469947,0.021411252082532313,-0.19810636934512366,0.2345108291682686,-0.014607714981417353,-0.011462258105856667,0.08212226066897342,-0.03592874535435083,0.15951608355760602,-0.09709086248878633,-0.11561501986415479,-0.1675581186723055,0.034329360502370856,-0.006061258490324192,0.16238267333077017,-0.017047802127386855,-0.12317313853646031,0.3054784057413815,0.008534153530693278,-0.20748942714340635,-0.1360871459694989,0.04374932718185308,0.0014148404459822937,-0.084636165577342,0.05866871716006661,-0.15359425861848,-0.07375624759707801,0.058332436242470795,0.07411713443547348,0.022469306676919095,0.13126438549275918,-0.01144175317185692,-0.1352136357811098,0.12147943098808149,-0.2543103934384211,-0.1583596052800205,0.005204152249134907,0.2220233243624247
00000000000000000010_00000000000000000010,23,cashew,12,-2.554777956743212,8.029930405076362,0.2184134307317698,-0.01943867743175699,0.1256132256824298,-0.06031013712674609,-0.017721389209278442,-0.049980776624375195,-0.0854594386774317,0.10991157247212609,-0.14928104575163398,0.03906189926951165,-0.05615276175829804,0.1528950403690888,-0.1312213251313597,-0.07770344739202867,-0.08514673843393561,-0.004690503652441352,0.05871587850826601,-0.0022145328719722986,-0.09250800973984362,0.2235806740997052,-0.24482378572343969,0.07404331667307443,0.2614174035627323,0.13210303729334869,-0.12098936306548762,0.03599128540305007,0.18667179290016658,0.010037165192874491,-0.16268102012046645,0.28750993207740605,-0.027435601691657013,-0.09536844803280786,0.029916698705625983,-0.03623221837754706,0.11450467768806866,-0.07889785979751372,-0.113438421120082,-0.12250672818146863,0.09353838267333074,-0.06568242983467892,0.12540305010893243,-0.010924003588363393,-0.15953351275150582,0.3226195053184672,-0.04713571703191075,-0.1289093938228886,-0.19212097911059844,-0.012574650775342797,-0.07292067153658846,-0.09253364090734328,-0.004828911956939621,-0.14779956427015248,-0.10317570165321027,0.04793540945790075,0.06380110214020245,0.04073305139049079,0.07489427143406378,-0.015542739971805658,-0.12556196334743044,0.05732154299628344,-0.23651416122004357,-0.07735998974753296,0.014937844418813242,0.19036268102012044
00000000000000000011_00000000000000000011,23,cashew,43,-2.65822624078438,7.916324668820989,0.20774263923535669,0.006938297434796967,0.18634121044678698,-0.0525536689824128,-0.014433089241168352,-0.08185188165553495,-0.10894843664780092,0.13934104056579305,-0.1415198090179984,0.01513121071502012,-0.06375222409985422,0.1439918457122931,-0.12490222901746197,-0.08335970959291146,-0.16496267088686817,0.004424774013572578,0.03915059503053383,0.024710352905412,-0.05846338170471102,0.15402448074533048,-0.2357204295306814,0.07763311069982025,0.29933817941221175,0.10153661829528891,-0.11261071323194118,0.0017710540668615783,0.12670189462013712,0.06494961687365321,-0.17885357152436893,0.2570188567903221,-0.031878973203508444,-0.10859794533408436,-0.021544486467637614,-0.02808222240104428,0.09003621147501405,-0.0960918430299616,-0.08713214058993407,-0.11753761969904238,0.04989422672853907,-0.03559990343606658,0.1381951485564586,-0.01050043364358965,-0.12734994590631507,0.30957395634952567,-0.06422860617115059,-0.115171445687258,-0.2660629632609998,-0.006523430165499833,-0.042551076061979685,-0.10449791225199609,-0.03716924617544231,-0.09763686596389577,-0.035104923866491375,0.039978898992337426,0.02624250064823007,0.041638368069525984,0.07307243189113306,0.03576155861341339,-0.14774424863424618,0.12858167252309038,-0.22249331652405605,-0.11031034575252807,-0.0178235562350795,0.2126280589755282
00000000000000000012_00000000000000000012,23,cashew,38,-2.6446238786473173,7.799317478341458,0.21572917299014546,0.015325279750703127,0.15094437362148158,-0.08204617657176384,0.023725287844756016,-0.08964001699751104,-0.071690645298367,0.11900038446751247,-0.14241324187053558,0.029588619761630103,-0.04143507557821885,0.13855237863979436,-0.1718043667415366,-0.056891478985815126,-0.13821890366053538,-0.0548258766871041,0.022418907707561823,0.008424290252736782,-0.13046803860863226,0.15548351848479328,-0.291963819583561,0.1235492421942977,0.18392440154596404,0.10919848641210866,-0.06849673202614376,0.02432748538011691,0.10454278718711425,0.044876666869017943,-0.17117626823691287,0.21935207106578442,-0.04171512980837325,-0.05201885914324445,-0.05820271555474612,0.030605232805196343,0.1391141059106821,-0.10670551812056091,-0.08005180193852564,-0.14161031182338774,0.08974847730629916,-0.023522936522390136,0.13192011169792991,0.03628078269491486,-0.09759161456120113,0.3551039074040348,-0.053226491835124096,-0.1443056314373014,-0.21782877031101394,-0.01180436674153661,-0.07780327404439584,-0.07458507861348869,0.016863149800683885,-0.06624982294259289,0.003925615653898273,-0.02166454197778177,0.09500961168781234,0.003051457941277627,0.08006151480199919,-0.014702037677816176,-0.17048341730913205,0.13865922013800355,-0.26827414557154133,-0.10365729780044111,-0.030878811793035022,0.21500394585078614
00000000000000000013_00000000000000000013,23,cashew,41,-2.554264379076575,7.97397665145787,0.19366059958177434,0.05276619686612087,0.17792631351919053,-0.05203702140827632,-0.038199191680498075,-0.07156271977944689,-0.11294267683161258,0.12550069860560195,-0.1528612822460404,0.013695295430462908,-0.04795904014403461,0.09038924991326033,-0.12291707692163426,-0.08848229105128419,-0.13029135135642012,0.022061308502358337,0.08954754737858793,-0.011708817434195098,-0.0704359486501439,0.16581239860841512,-0.26851961253176543,0.08349659136729772,0.2118914863889123,0.10964338293901969,-0.07978469819300264,0.1298907549629129,0.11475361258802898,0.034487298506203024,-0.16791140368151083,0.2427449104940876,-0.03736799167299626,-0.04717135060623958,0.010263969767725348,-0.029085998818465637,0.15667069888691965,-0.08864132931986755,-0.10102530921502982,-0.06008345758198062,0.07416884687878017,-0.028026743935259377,0.16805543833985045,-0.01753621965285392,-0.15369248225354223,0.3205446310518469,-0.04297784154312127,-0.1608612072279892,-0.2107452105662925,0.07061149088999537,-0.02708751793400282,-0.079850714078075,-0.03329451149182767,-0.110521094138277,-0.05672714997046159,0.11837698446188613,0.05880965107228922,0.014846072336155836,0.12080456859931919,0.003419322774542623,-0.17915510919815078,0.10605151864667432,-0.22261906771316847,-0.07716056676137692,-0.030506840708545445,0.23840736677262966
00000000000000000014_00000000000000000014,22,cocoa,5,-2.602351506349028,6.694211484531341,0.14772164552095346,0.007566320645905419,0.15140023068050745,0.033390234525182576,0.03453440984236828,-0.08979930795847746,-0.0391726259131103,0.1550542099192618,-0.11060361399461745,-0.11617685505574778,-0.03412841214917334,0.1279261822376009,-0.1527412533640907,0.007750865051903059,-0.12680661284121492,-0.041276432141484,0.05250903498654358,0.10049058054594384,-0.04245751633986924,0.1821084198385236,-0.3017916186082276,0.2112541330257593,0.1874479046520569,0.08438600538254513,-0.1347666282199154,0.04035371011149548,0.1754279123414071,0.0057085736255286,-0.19432525951557092,0.2745528642829681,-0.12802460592079967,-0.056888888888888836,-0.07116032295271046,0.07577393310265278,0.06958554402153014,-0.12683121876201459,-0.11588158400615142,-0.09859592464436752,-0.010346789696270623,-0.07836985774702035,0.09716878123798536,-0.08081814686658971,-0.10041676278354476,0.3136147635524798,-0.11167397154940406,-0.10248366013071894,-0.16143944636678195,-0.07458054594386769,-0.10771241830065356,-0.02012764321414836,-0.00054133025759324,-0.11381468665897727,-0.1304605920799692,-0.009374855824682782,0.13359784698193,0.04569319492502878,-0.0008735101883890602,-0.009965397923875399,-0.0975501730103806,0.14414148404459817,-0.23343637062668204,-0.04900269127258742,0.07385467128027676,0.1552264513648596
00000000000000000015_00000000000000000015,22,cocoa,2,-0.27437442177262306,6.3794276078726035,0.0797231833910034,-0.0271280276816609,0.1273663975394079,0.05723952326028445,0.075355632449058,-0.08196847366397535,-0.1085121107266436,0.1301653210303729,-0.03850826605151855,-0.0775394079200307,-0.0448442906574394,0.048289119569396355,-0.24805843906189926,-0.0003383314109958,-0.0935640138408304,-0.021437908496732,0.0,0.004921184159938448,-0.17279507881584,0.14471357170319105,-0.2364628988850442,0.1663360246059207,0.2326797385620915,0.0448442906574394,-0.06499038831218759,0.0984236831987697,0.2069357939254133,-0.014794309880815,-0.2069357939254133,0.24030757400999614,-0.1358861976163014,0.02845059592464435,-0.0449058054594386,-0.010457516339869199,0.186082276047674,-0.19638600538254514,-0.1301653210303729,-0.001845444059976888,0.08196847366397535,-0.16316801230296035,0.0669896193771626,-0.1085121107266436,-0.1245674740484429,0.2844444444444444,-0.0326028450595924,-0.1507420222991157,-0.13302575932333716,0.05736255286428295,-0.09599384851980006,0.02352941176470585,0.0222683583237216,-0.04321414840445975,-0.0888273740868896,0.049980776624375195,0.1998615916955017,0.08196847366397535,0.02352941176470585,-0.04653594771241825,-0.1111264898116109,0.1245674740484429,-0.2141330257593233,-0.1273663975394079,0.16,0.11641676278354475
00000000000000000016_00000000000000000016,22,cocoa,23,-1.8966299350743392,5.005822188313107,0.1566461060127375,0.0787122009929291,0.14341507446968552,-0.1127860521872858,0.010551125821172404,0.009350249903883083,0.11299199304615279,0.18351470170335824,-0.1094936730020226,-0.015862795245975603,0.026951506945489152,0.202693947144075,-0.005220734500108631,0.042506728181468605,-0.09506978921150724,-0.040425923139929425,0.041878207378432994,0.0729859752937833,-0.11916486969894517,0.19663340186884642,-0.2849338883038296,0.20375039700449657,0.028080169834344606,0.052279558029520376,-0.15366397539407917,0.06329070758738274,0.11848820687695365,0.04335456262641455,-0.2372492185279909,0.15835782224228134,-0.04903532086321309,-0.07245908764187683,-0.13083663473914714,0.1324948598365177,0.09381542216204465,-0.05674874212259495,0.03192618223760088,-0.10103672500543266,-0.05026829145980637,0.09808668906607823,0.1857024890092439,-0.037510656436487586,0.03360580378784075,0.27795597011182993,-0.09291944569814282,-0.1332811794794644,-0.06984337127860518,-0.1266830483258947,-0.024030891128829997,0.04236230212460086,-0.05488457616635737,-0.131708540193571,-0.12055296457884089,0.084580178192334,0.18240476071076336,0.09485047556959694,0.024391956270999417,0.007429918258863624,-0.05139695434866183,0.33285659361783926,-0.20644902462263676,-0.037815555889875084,0.03546729518746966,0.11284756698928503
00000000000000000017_00000000000000000017,22,cocoa,12,-1.1240210867833365,5.660488073652556,0.12555171088043057,0.13737793156478276,0.14185313341022682,-0.06979879533512749,0.007730360117903325,-0.04838139177239519,0.014409842368319823,0.1502755350506215,-0.0677175445341535,-0.049037549660386974,0.0016198897859797418,0.1447545815711905,-0.041927463795975846,-0.025631167499679582,-0.10771241830065358,0.01709598872228624,0.004557221581443001,0.09487120338331408,-0.07647827758554397,0.14280661284121487,-0.3639882096629501,0.1929514289375881,0.09418428809432267,0.08016916570549783,-0.13688068691528896,0.11689350249903879,0.15706779443803662,0.011477636806356451,-0.19934384211200817,0.21057541971036778,-0.0615660643342304,-0.025610662565679815,-0.05371267461232853,0.15660130718954243,0.1833192361912085,-0.07506343713956166,-0.020663847238241658,-0.07576060489555296,-0.06831731385364599,0.03372036396257845,0.18778931180315264,-0.02431372549019602,0.0336383442265795,0.25725490196078427,-0.07025503011662178,-0.1601230296039984,-0.20222991157247208,-0.0589721901832628,-0.038641548122516925,0.015773420479302767,-0.008530052543893317,-0.12331154684095857,-0.10982955273612711,0.05697295911828779,0.15333077021658334,0.06742534922465715,0.09243111623734457,-0.026102780981673675,-0.04461361014994228,0.20941689093938223,-0.3064923747276689,-0.008576188645392757,0.043265410739459116,0.1906343713956171
00000000000000000018_00000000000000000018,22,cocoa,11,-2.0830046947965,5.920246804075699,0.14018104924679317,0.051230645555905036,0.12405298661354021,-0.031199189123064498,0.053780713711509505,-0.08605361574219703,0.018297857467407582,0.18517633078186704,-0.13865436370626677,-0.07462863933452164,-0.0369815805109922,0.09365348991646566,-0.09228338750830095,0.01635175282234102,-0.15001223305721567,-0.06023976792142878,0.04055503128167482,0.12096606200412427,-0.12259900038446749,0.19114885883051969,-0.30102547971060073,0.23720666876376217,0.09224983397993776,0.0515773653489916,-0.08793820558526438,0.054233686344412946,0.1471881444199783,0.04317779874873295,-0.22214113452867776,0.24492957254202927,-0.0927587291601132,-0.05749397085037218,-0.10670022019502987,0.12200622138338399,0.07385690818216765,-0.11998182517213657,-0.093166963755199,-0.052729369822795386,-0.03666282199154165,-0.027155988955296848,0.16520638915102578,-0.06851071266296177,0.001398063681800711,0.2913620635419943,-0.07310754604872248,-0.12463458110516931,-0.15379818950753202,-0.05423368634441295,-0.045056796337073116,-0.033229177589039156,-0.022134144210268738,-0.09405054000209705,-0.09143336478976613,0.0275810003145643,0.14892733564013838,0.1071308238090245,0.007655796721540609,-0.003914578309041938,-0.029174792911817096,0.2471049596309112,-0.2769396386005383,-0.031741637831603164,0.0849910873440285,0.18670301632239353
00000000000000000019_00000000000000000019,22,cocoa,4,-1.8355298519194343,7.056632747947138,0.17136485966935794,0.0006920415224913501,0.16639753940792001,-0.009381007304882675,0.023775470972702772,-0.10891195693963858,-0.058177623990772726,0.12332179930795845,-0.1022222222222222,-0.06866589773164163,-0.0117031910803537,0.13464052287581696,-0.1600307574009996,-0.01130334486735865,-0.12879661668589004,-0.04578239138792765,0.022991157247212575,0.1220146097654748,-0.11261822376009226,0.16322952710495958,-0.35769319492502877,0.18791234140715107,0.14809688581314875,0.0218838908112264,-0.09477893118031523,-0.008596693579392495,0.13594771241830061,0.03856978085351785,-0.24033833141099578,0.2824298346789696,-0.13031910803537097,-0.00552095347943095,-0.04747404844290652,0.06954248366013069,-0.015040369088811926,-0.10866589773164165,-0.13597846981930023,-0.1492502883506343,-0.00023068050749712465,-0.033356401384083,0.09499423298731255,-0.05464052287581695,-0.07026528258362165,0.30359092656670517,-0.062422145328719675,-0.12067666282199152,-0.18108419838523643,-0.11414071510957323,-0.10623606305267203,-0.0347404844290657,0.00036908881199540435,-0.09259515570934251,-0.08312187620146091,-0.0442137639369473,0.08652056901191844,0.03423298731257205,0.01161091887735485,-9.227220299885494e-05,-0.10225297962322183,0.10352941176470584,-0.27824682814302193,-0.03128027681660895,0.0270203767781622,0.17773164167627828
0000000000000000001a_0000000000000000001a,22,cocoa,19,-0.904025250471369,6.26169226356983,0.11410024484510002,0.04364960845019117,0.09722252574920574,0.04221534227726173,0.046595843703838555,-0.08579372306198017,-0.03348347801452877,0.16039175216010032,-0.11418442299520425,-0.0631238997146846,0.0015993848519800311,0.13964183815941233,-0.10448127238511502,-0.03196179607033727,-0.15258260992735584,-0.03824601873773239,-0.01084279325765389,0.016845342884315738,-0.13270361601813066,0.21381897650701145,-0.17536251239401843,0.16746595439001188,0.2697132681762076,0.08287015115643777,-0.10271676885408444,0.10214047228798638,0.20247435196989008,-0.005244946275723877,-0.19624840648333636,0.21955280357757137,-0.029271332888160376,-0.08606244561808206,-0.0388126024403569,0.03939213662761282,0.17214755458426914,-0.11794330115947306,-0.1561083793682591,-0.04830530767518561,-0.07202735789878383,-0.13017503389384646,0.0791436492037475,-0.10187174973188448,-0.015767215038750226,0.255351180719966,-0.04770634776098257,-0.18436957445516908,-0.16919808170946393,-0.01644064023958391,-0.04733402132782932,-0.03979360165118675,0.029326372447843908,-0.10833404156296157,-0.13756652299722774,0.07777089783281728,0.14723082215342273,0.07213419939699302,0.028763026366377252,-0.02043262712721823,-0.0095477447945122,0.2329112284748781,-0.24745462271595944,-0.14583216981322972,0.14145814362896858,0.17764503531030568
0000000000000000001b_0000000000000000001b,22,cocoa,18,-3.2043275023566684,6.629618534109716,0.19140672390960742,0.07475073689606558,0.13149814174035623,-0.011366568413857862,0.049604852834379896,-0.05242086377034469,-0.0613644324832329,0.14043145798624457,-0.11737024221453285,-0.05642957836729458,0.015932333717800784,0.16712888205391085,-0.07929257977700879,-0.05109146054936131,-0.09653722927079326,-0.027777350591652743,0.03106155752061169,0.0514127045153573,-0.0803007390319962,0.2047417659874407,-0.3424836601307189,0.17354692639583058,0.1263548207954205,0.09327010978683409,-0.11886368490751417,0.014780639924815177,0.15148019992310646,0.02205647400572425,-0.20779700115340252,0.29101969328036215,-0.13987782476825147,-0.05728736810628386,-0.050606177111367376,0.10265795206971676,0.06177453116322778,-0.0737733350420778,-0.1114545687556068,-0.1344542697253193,-0.015563244905805415,0.0030347302319620553,0.1334461104703319,-0.0036293733179546105,-0.06488444615318892,0.2943244051433209,-0.07637404417104528,-0.1252373018924345,-0.1491733948481353,-0.11737024221453285,-0.052988166944337604,-0.02069973087274121,0.0134102268358323,-0.11853218847451832,-0.11702507582553714,-0.027309154598658594,0.12399333589645006,0.04612243154342341,0.04166602588747913,-0.008800034174889941,-0.10844717843564439,0.1206612841214917,-0.30529112734418384,-0.021724977572728392,0.0429168268614635,0.20182664787047713
0000000000000000001c_0000000000000000001c,22,cocoa,1,-2.07504323056081,6.5328818881502055,0.1476970396001538,0.1137408688965782,0.17279507881584,-0.0157477893118031,0.0177777777777777,-0.0797231833910034,-0.0246059207996924,0.16,-0.1245674740484429,-0.1085121107266436,-0.0222068435217224,0.1537870049980776,-0.1034063821607074,-0.0297731641676278,-0.1537870049980776,0.0120569011918492,0.0482276047673971,0.0888273740868896,-0.0669896193771626,0.1190926566705113,-0.3553094963475586,0.186082276047674,0.1417301038062283,0.075355632449058,-0.1358861976163014,0.0553633217993079,0.1417301038062283,0.0415840061514801,-0.2141330257593233,0.2441522491349481,-0.1190926566705113,-0.0384467512495194,-0.0553633217993079,0.1358861976163014,0.0935640138408304,-0.1034063821607074,-0.0711111111111111,-0.0888273740868896,-0.0629911572472126,-0.0074432910419069,0.1417301038062283,-0.0629911572472126,-0.0448442906574394,0.2679584775086506,-0.0553633217993079,-0.1190926566705113,-0.1929104190695886,-0.0711111111111111,-0.0517339484813533,-0.0199307958477508,-0.0199307958477508,-0.1085121107266436,-0.1085121107266436,0.0015378700499807,0.1034063821607074,0.035432525951557,0.0517339484813533,-0.0039369473279507,-0.1190926566705113,0.17279507881584,-0.3014225297962323,-0.0797231833910034,0.035432525951557,0.1929104190695886
0000000000000000001d_0000000000000000001d,22,cocoa,7,-2.3746129366882087,7.1221923502182545,0.10344153347613554,0.06796506838029326,0.13522711045202393,0.05232273301477448,0.047111550502553896,-0.07621683967704725,-0.07852803866644693,0.13020047234580104,-0.0950755204042401,-0.10519909924754213,0.0029351348382490425,0.09721096281649912,-0.139243148239688,-0.033499203603009786,-0.12491898720272421,0.0023199868182567003,0.03472071181413737,0.023727137913989085,-0.10948755972977424,0.1609402976877025,-0.27507661888284723,0.15483275663206456,0.2333959466139397,0.06313176250892509,-0.11157027516889105,0.08517163728236388,0.2080342725325424,-0.02765529741308284,-0.23322019003679903,0.27502389190970505,-0.09569945625308943,-0.056294831658153424,-0.038631295655517074,0.0601263250398198,0.1063590926566705,-0.1286713901246773,-0.14554402153018065,-0.040309770967210355,-0.033964958532432525,-0.11011149557862358,0.12065689020706319,-0.09318613719997801,-0.05593453067501506,0.3163794145109024,-0.06309661119349697,-0.11998022738507166,-0.16482451804251105,0.0016521118251221713,-0.08038227055528088,-0.037251606524962885,0.016556269566650128,-0.11158785082660513,-0.09759762728620856,0.036979183830394856,0.13846103147141206,0.05078486296479372,0.0192892843411874,-0.010202669303015272,-0.0881770747514692,0.13135167792607236,-0.2738375350140056,-0.09596309111880043,0.10250123578843297,0.20697094524084142
0000000000000000001e_0000000000000000001e,22,cocoa,14,-2.258554854109842,5.319596156574792,0.1677904102817597,0.07083868841654306,0.0957697588839457,-0.07633986928104572,0.06830779370571755,-0.06067556434338437,0.04320096666117422,0.11092876366232765,-0.10280880979842914,-0.056141044653155336,0.00946888559345303,0.2509803921568627,-0.08722359532048109,-0.02910528917449327,-0.0862964793760641,-0.13305212280990825,0.03500192233756242,0.027158785082660484,-0.21177349371120993,0.25037842588015596,-0.2971736145438567,0.10512440270225734,0.027817872246937936,-0.013032350194979907,-0.08784313725490192,0.061185258417092284,0.1417740429505135,0.01583566760037345,-0.26634591091338494,0.24591420882078321,-0.026886362388092465,0.03929917064865158,-0.023784258801559786,0.11531389026198711,0.024315922447410303,-0.02048882298017243,-0.038991596638655424,-0.20151809743505242,-0.04806063601911347,0.0991267095073323,0.13688801010600318,-0.07427472949964296,0.048737298841105024,0.28451474707530067,-0.029443620585489043,-0.13083758993793596,-0.033380567913439844,-0.14823749107486126,-0.061655407260943554,-0.006494205525347379,0.019864887131323068,-0.15603229527104956,-0.11495358927884877,-0.023371230845279256,0.15604987092876363,0.014653704619102528,0.0022496841874004433,-0.007047838743340429,-0.0341670785961443,0.24942055253473935,-0.2716317899708903,-0.015396276157521791,-0.03200966661174268,0.10127533366287689
0000000000000000001f_0000000000000000001f,22,cocoa,20,-1.8254950991370595,5.455217488533538,0.1477400999615532,0.09010995770857358,0.12252825836216837,-0.01074663590926562,0.027780084582852728,0.07730565167243364,0.05908189158016144,0.06892118415993845,-0.0768442906574394,0.023181853133410167,0.13309034986543636,0.16323567858515947,-0.03889888504421372,-0.03215378700499804,-0.016153787004998015,-0.06786928104575159,-0.02251441753171853,0.007098808150711266,-0.1690672818146866,0.22489811610918875,-0.28757862360630526,0.13275816993464049,-0.0029711649365628647,0.15284582852748937,-0.09593540945790077,0.14361860822760472,0.15590618992695116,-0.03848981161091883,-0.14225913110342173,0.1785805459438677,-0.0545328719723183,0.003312572087658565,-0.18405536332179925,0.238880430603614,0.1531072664359861,0.023477124183006494,-0.05676893502499035,-0.07108650519031137,-0.06867204921184156,-0.0030726643598615834,0.151037293348712,0.04420146097654744,0.006951172625913075,0.27294117647058824,-0.04204536716647438,-0.1090780469050365,-0.043767781622452845,-0.15365474817377928,-0.13039292579777007,-0.01818992695117257,-0.025716262975778514,-0.13697193387158782,-0.08766474432910415,0.07434678969627063,0.20844290657439446,0.06219454056132253,-0.021081122645136435,-0.061788542868127606,0.07687197231833906,0.16385697808535174,-0.32070742022299115,0.008781237985390194,0.17936178392925792,0.14845982314494421
00000000000000000020_00000000000000000020,22,cocoa,43,-2.7322962673901823,6.2713995584569995,0.13912645404719112,0.06364350026376256,0.10200584748263188,-0.016959487853508884,0.028402671602156558,-0.0852323346119113,-0.04032080684530989,0.1752027395545541,-0.11184249349534614,-0.10486127875682874,-0.005254508552166858,0.0947471008467226,-0.11855619037400639,0.008414652682778521,-0.13160591185858747,-0.011491823359530738,0.03661561295744924,0.047251951396153485,-0.0679223554446858,0.17998086603542462,-0.34404084296737386,0.19803903686417568,0.16155932870184092,0.09318634156809094,-0.09062847026635548,0.05652351957654922,0.18128269091494323,-0.025265416700195765,-0.21899412569405327,0.26529903525477677,-0.13527391074989042,-0.02442566812406674,-0.0983292651305848,0.09172286151122551,0.15353951521329,-0.14185170283343612,-0.13842976315013006,-0.02289208980445801,0.027726008780165002,-0.039871605733036435,0.12324419051706408,-0.05634040574734221,-0.055831120409860206,0.28800658065323703,-0.09414053628747437,-0.10299151489141026,-0.15480557567304162,-0.057906887333136585,-0.04637786897704813,0.023178205162593946,0.016205573884820634,-0.06868485287411816,-0.13392916856665144,0.007247302021583812,0.1434596711461602,0.0863510456622229,0.047270548894432336,-0.04982555904258644,-0.09876416047495146,0.15500299527015543,-0.26092290085208725,-0.029733108017488755,0.06289244744865566,0.18913512691898463
00000000000000000021_00000000000000000021,22,cocoa,3,-0.5396544296483746,6.051748058259011,0.1663360246059207,0.009616814045879734,0.1929104190695886,-0.0088991413558887,0.043757529155452966,-0.06303216711521208,-0.026369345123670368,0.14371908240420347,-0.1034473920287069,-0.04271177752146607,-0.0394925028835063,0.17498910675381255,-0.1358861976163014,-0.0186594899397667,-0.1476970396001538,-0.060448545431244366,0.042670767653466536,0.08728950403690883,-0.09198513392285013,0.1816532103037293,-0.3278123798539023,0.17498910675381255,0.1793771626297577,0.09198513392285013,-0.12274253492246572,0.04078431372549013,0.13397923875432524,0.0088991413558887,-0.18835832372164552,0.24675637575291554,-0.09198513392285013,-0.0629911572472126,-0.0517339484813533,0.0629911572472126,0.10008458285274892,-0.12460848391644237,-0.036437267717544464,-0.12643342304241956,0.009924388055875866,-0.036437267717544464,0.10510829168268614,-0.043757529155452966,-0.06040753556324487,0.30146353966423173,-0.059115724721261,-0.13978213507625267,-0.20221965910547224,-0.1034473920287069,-0.09846469306676915,0.012179930795847666,-0.022247853389721867,-0.1102550301166218,-0.1102550301166218,-0.009391259771882534,0.16422401640394713,0.06040753556324487,0.04275278738946553,0.0027886710239651002,-0.11909265667051132,0.2069357939254133,-0.2364628988850442,-0.06303216711521208,0.0459720620274253,0.15585800333205171
00000000000000000022_00000000000000000022,22,cocoa,10,-2.356647903065695,6.255719232223006,0.09561860822760473,0.04657900807381772,0.11988004613610148,-0.0099592464436755,0.011601691657054911,0.00489042675893885,-0.04026143790849668,0.1070234525182622,-0.13947866205305648,-0.08299577085736251,0.04315878508266047,0.11372241445597844,-0.14652825836216837,0.04209457900807377,-0.07981545559400226,-0.00677277970011531,0.0951572472126105,0.01820838139177237,-0.15490042291426373,0.16667435601691655,-0.27379623221837757,0.18012149173394845,0.18121030372933483,0.08856901191849284,-0.13111880046136098,0.07144329104190691,0.19524183006535945,-0.006452902729719319,-0.2778131487889274,0.21812533640907344,-0.060868896578239094,0.005597846981930044,-0.01266589773164164,0.087277201076509,0.1191910803537101,-0.06778931180315259,-0.18961937716262972,-0.04199000384467508,-0.01671357170319104,-0.06122568242983464,0.12527489427143404,-0.09666435986159166,-0.1054302191464821,0.2756293733179546,-0.051051134179161815,-0.1607320261437908,-0.038680507497116455,-0.06849673202614376,-0.1325397923875432,-0.028862745098039166,0.028456747404844256,-0.11993540945790078,-0.1710049980776624,0.0314279123414071,0.19951095732410606,0.10078585159554014,0.04159015763168007,-0.00776931949250288,-0.08591772395232598,0.19167397154940405,-0.20627758554402148,-0.06471972318339096,0.15369473279507875,0.18346174548250666
00000000000000000023_00000000000000000023,22,cocoa,9,-1.434469238085098,5.536820687205151,0.15727967875603394,0.14712973642616087,0.14507240804818655,-0.047516767055405994,0.02042974924174458,0.010942799777863188,0.039868426673501586,0.15313768208808576,-0.097357426630783,-0.0258293818616771,0.023614848989704767,0.14911871502413598,-0.011995386389849977,0.0036362082959545444,-0.06611474219317354,-0.0004716134819941003,0.031208509547609856,0.05812465291127341,-0.08339356657695754,0.2062317911914221,-0.32884446153188945,0.16854372249989313,0.05914306463326066,0.11380921867657737,-0.14246144645221923,0.13736255286428292,0.1699380580118757,-0.014599513007817443,-0.17505745653381172,0.20949891067538126,-0.08699559998291251,-0.023047545815711876,-0.0879661668589004,0.14708872655816135,0.15462770729206712,-0.0692861719851339,-0.057290785595283826,-0.04898628732538762,-0.047851680977401806,-0.013943355119825647,0.15723866888803448,-0.051453714383356774,-0.02503652441368701,0.2789491221325131,-0.03357341193558029,-0.12159425861848004,-0.11090435302661368,-0.07592977060105083,-0.06960741595112986,0.03130419923960867,-0.032370455807595316,-0.18088085778973895,-0.15863300440001707,0.06888974326113885,0.19678585159554018,0.04237002862147031,0.03640309282754492,-0.037230125165534554,-0.024954504677688012,0.2223349993592208,-0.303363663548208,-0.007805544875902388,0.11863471314451705,0.1720910760818488
00000000000000000024_00000000000000000024,22,cocoa,4,-2.1918944166656793,6.8483081822918646,0.1663360246059207,0.0449058054594386,0.1569242599000384,-0.022299115724721225,0.0022914263744713502,-0.08199923106497495,-0.045813148788927296,0.14026912725874657,-0.14471357170319105,-0.0425221068819684,-0.021699346405228723,0.15226451364859664,-0.13159554017685504,-0.01885428681276425,-0.13019607843137254,-0.00313725490196075,0.05539407920030752,0.0809073433294886,-0.07011149557862358,0.1600307574009996,-0.3742560553633218,0.18949634755863132,0.186082276047674,0.06302191464821219,-0.11249519415609377,0.015224913494809625,0.1600307574009996,0.022237600922722,-0.2016301422529796,0.270003844675125,-0.1287658592848904,-0.02554402153018065,-0.04659746251441747,0.0797231833910034,0.049980776624375195,-0.10595924644367549,-0.10343713956170703,-0.13019607843137254,-0.0070434448289118995,-0.0259900038446751,0.14026912725874657,-0.01310265282583615,-0.07217224144559782,0.2971472510572857,-0.045690119184928824,-0.09004229142637443,-0.16956555171088034,-0.09359477124183002,-0.07547866205305648,-0.0037216455209534436,-0.013871587850826525,-0.11246443675509418,-0.0984544405997693,-0.05264129181084195,0.116478277585544,0.0228066128412149,0.0474432910419069,0.006828143021914625,-0.13445597846981927,0.1273663975394079,-0.2619454056132257,-0.0659900038446751,0.0363398692810457,0.2051672433679354
00000000000000000025_00000000000000000025,22,cocoa,77,-2.397255189145839,5.874360114889483,0.08170443935149814,0.074480844031017,0.11811001762558854,-0.04074516794239972,-0.012156762883406455,-0.14049421551151653,-0.022710146447170624,0.17587721006406123,-0.15281475156907678,-0.09529361833860099,-0.057064166129910034,0.026210897906399588,-0.1270040993224384,0.040018973721395824,-0.13298142073228575,-0.011496876825596495,0.037794854127034,0.09446037238424779,-0.11546408224608913,0.1861318074466863,-0.2881073712907623,0.24701148908761364,0.09229137644362555,0.0917633078186711,-0.025334511701293656,0.10558736150431648,0.13662277745322726,-0.00447380378176225,-0.2660563120078691,0.2705237246413717,-0.12342026293583384,-0.0588297208366412,-0.11823464501665192,0.0865944666636708,0.09124242923550878,-0.10666107441193945,-0.13114476450116586,0.031401309186776284,0.03615712238549604,-0.02669422849353642,0.12985055697858464,-0.10555380797595326,-0.04326887261143312,0.2886833735276642,-0.12303279957259194,-0.11487130324500563,-0.10311558491489284,0.02145029134648508,-0.053319752143281524,-0.009913469844265669,0.02929782251581555,-0.024414186351902574,-0.05166444474402948,0.04417641566430489,0.17261293109043968,0.11217823314709124,-0.014583002541480006,-0.007956180689744666,-0.08578039415409655,0.18923231324615403,-0.23543312512170642,0.0011056686489212344,0.07644692101439503,0.20754774637127577
00000000000000000026_00000000000000000026,22,cocoa,14,-2.759836222468175,6.948923653370804,0.11925083758993793,0.04483550282858236,0.09993518976217937,0.02752347998022735,0.05334212116219032,-0.09347174163783158,-0.10866150381721314,0.13803482177184595,-0.13431317625089248,-0.06474432910419066,-0.0068764760806282865,0.04706761135826875,-0.12898335804910196,-0.05309166803976489,-0.13074092382050856,-0.0078387433404734,0.041355522601197285,-0.02294502114571315,-0.12825396825396823,0.1885648376997858,-0.26038336903388803,0.13136925358378643,0.22858461031471414,0.047893667270829846,-0.08375679683638157,0.11078815840061514,0.1895842258472016,-0.005198000768935,-0.2126083374526281,0.23874773438787278,-0.08958312736859445,-0.03578843302026687,-0.0020431702092601573,0.03422419948371499,0.1447838743340473,-0.15854122040973248,-0.1710550887021475,-0.03865765914208815,-0.016828692261218164,-0.13067940901850933,0.10856483769978577,-0.08063711759213485,-0.08200362497940349,0.3221046850112594,-0.039655077717361376,-0.1552238150162025,-0.164806942384797,0.047779425495688435,-0.049312901631240684,-0.05540286702916457,0.030660734882188106,-0.09573460756851758,-0.08665238644477394,0.054651507661888234,0.14901960784313723,0.04434777832701703,0.05119789092107425,-0.04815290822211233,-0.06408524193991319,0.1286713901246773,-0.26877135167792604,-0.13847860712912613,0.08018454440599765,0.22678749931345088
00000000000000000027_00000000000000000027,22,cocoa,6,-2.941285211742423,6.5078410615287,0.18057670126874278,0.05641932590029471,0.14276560297321542,-0.026933230808663302,0.048268614635396605,-0.06442650262719464,-0.029434832756632032,0.1255414584134307,-0.09131872356785847,-0.048289119569396334,-0.011667307445854118,0.17068307061386642,-0.10176598744072791,-0.05010380622837365,-0.10683070613866459,-0.05310777905933611,0.016424452133794634,0.0557734204793028,-0.12274253492246572,0.17832115852877095,-0.31897475330001285,0.17498910675381255,0.13339484813533253,0.09684480328078941,-0.09441496860181979,0.012774573881840232,0.13980264001025244,0.006705113417916117,-0.19177239523260284,0.28029219530949634,-0.09686530821478916,-0.028061002178649198,-0.0875560681789055,0.09623990772779696,0.09929514289375878,-0.07768294245802893,-0.11923619120850953,-0.10788671023965139,-0.024954504677688016,0.0010149942329873004,0.1321337946943483,-0.004203511469947429,-0.014353453799820531,0.3218864539279764,-0.06319620658721001,-0.13789568114827627,-0.1707650903498654,-0.12574650775342816,-0.040784313725490136,-0.03739074714853257,0.018515955401768484,-0.10091503267973854,-0.1129104190695886,-0.016814045879789765,0.10433935665769574,0.07327438164808403,0.039051646802511816,-0.03702165833653718,-0.06705113417916182,0.1987030629245162,-0.32632577213892094,-0.023478149429706465,0.06446751249519411,0.19754453415353068
00000000000000000028_00000000000000000028,22,cocoa,48,-2.3468512352476973,6.541362175689298,0.10229655260797127,0.02233756247597074,0.1661155965654235,0.012540048699218211,0.020003844675124914,-0.06407022939894909,-0.01615019864154808,0.16500961168781234,-0.13553889529668073,-0.10107907215173649,-0.0007625272331154669,0.05472510572856589,-0.13054722542611813,0.051491733948481305,-0.12299243880558756,0.0028207099833397263,0.042937331795463225,0.08177752146610275,-0.10520312700243493,0.15303985646546198,-0.33745482506728175,0.21660130718954249,0.18113546072023579,0.03147891836473147,-0.09607202358067407,0.06740997052415734,0.185915673458926,0.010517749583493483,-0.27212226066897344,0.24111239266948611,-0.09171088043060359,-0.04140843265410734,-0.09837242086377031,0.07016788414712286,0.059837242086376995,-0.10403562732282452,-0.1464295783672946,0.01732795078815835,-0.007450980392156851,-0.04940151223888244,0.14016788414712286,-0.10047161348199407,-0.08225041650647184,0.28572728437780337,-0.0890529283608868,-0.10845956683326922,-0.16241701909521974,-0.02760348583877992,-0.09982570806100215,-0.029300269127258693,-0.033669101627579086,-0.07170190952197868,-0.08658849160579261,0.044535435089068265,0.14326412918108417,0.1191810841983852,0.009257977700884218,0.0040228117390746975,-0.09282711777521463,0.16719338715878504,-0.21228886325772137,-0.05515442778418553,0.10928489042675892,0.2090311418685121
00000000000000000029_00000000000000000029,22,cocoa,11,-2.0709778410631916,5.5576856807963,0.1158882947118241,0.07129565551710876,0.12271084547901155,-0.0612519660270525,0.009814407046240899,-0.0065205690119184805,0.03383314109957703,0.1566782006920415,-0.10435706546433189,-0.05568767257348568,0.03203802733214494,0.11310335185767709,-0.031736045576875996,0.0139358987801894,-0.09657264688406554,-0.03586872182027887,0.08201600782915658,0.0167320261437908,-0.13915207437698784,0.18016567054629332,-0.347765544720562,0.17770507846632408,0.09231694103666417,0.016810317709971646,-0.11353395547167172,0.10552025444759007,0.1800985634895669,-0.004490580545943846,-0.23097130474293104,0.23099367376183985,-0.04528607878088841,-0.033743665023941806,-0.1028471566879871,0.12827513893257836,0.10348467372688824,-0.08734542658418087,-0.11062598301352623,-0.013052322533291345,-0.04332878962636743,0.006705113417916146,0.21489916465695014,-0.05536891405403513,0.013695431826919654,0.29910174408444307,-0.008119953863898483,-0.13698227954283312,-0.10403830694488131,-0.05855090699381353,-0.006319247841739175,9.50683303624395e-05,-0.012124008248575681,-0.14666806473034844,-0.1317702981370801,0.0972772709796931,0.18314634231589244,0.08079689629862635,0.02749711649365624,-0.04514627241270835,-0.014450386215092037,0.24984516444724056,-0.24416343364440252,-0.05059312851700392,0.10529656425850197,0.21494390269476774
0000000000000000002a_0000000000000000002a,22,cocoa,16,-2.1555137087148624,5.058360841929918,0.1395271049596309,0.15052672049211838,0.11286043829296422,-0.06536332179930793,0.045816993464052234,-0.08839677047289499,0.1011572472126105,0.15265667051134177,-0.06990003844675122,-0.05688581314878889,-0.004186851211072639,0.1451018838908112,-0.03733179546328331,-0.04205305651672428,-0.08479430988081503,-0.052948865820838104,0.049957708573625484,0.11274509803921566,-0.10193002691272585,0.11067666282199153,-0.32461361014994233,0.2142714340638216,0.0017185697808535189,0.056720492118415955,-0.09821222606689732,0.1561399461745482,0.11423683198769702,0.028169934640522813,-0.1869973087274125,0.2266013071895425,-0.040999615532487446,0.010934256055363294,-0.06635909265667046,0.18895040369088809,0.13425221068819682,-0.08421760861207224,-0.052464436755094164,-0.10332179930795846,-0.04775470972702802,0.04276047673971544,0.21293733179546326,-0.08947327950788156,0.005793925413302533,0.2947058823529412,-0.055640138408304445,-0.17326028450595918,-0.11303344867358704,-0.02730488273740867,-0.04744713571703186,-0.0469165705497885,0.012556708958093032,-0.10417147251057282,-0.1157823913879277,0.015301806997308662,0.16255286428296803,0.0233410226835832,0.06081122645136482,0.03090349865436367,-0.017124183006535912,0.21144175317185696,-0.322237600922722,-0.0213802383698577,-0.013506343713956164,0.1729873125720876
0000000000000000002b_0000000000000000002b,22,cocoa,13,-1.2089951912809203,5.414335247571014,0.14199509064560964,0.09749149735308901,0.15544790465205688,-0.060081033921864334,-0.0037098157513382078,-0.009596309111880023,0.07224203708632772,0.1523674326442492,-0.0735906308224647,-0.10653417324697599,-0.0031893058882678173,0.17646230739656338,-0.07775470972702801,0.0451282051282051,-0.14959926655428382,0.002276047673971542,0.011295064028627984,0.1186478573329784,-0.06289651909029068,0.15062135864904028,-0.28387188359506693,0.19740573152337856,0.15083902640996064,0.07564901073551587,-0.16563570224469876,0.09292993818945373,0.1506118948333481,0.0021104308993582306,-0.228607931860527,0.19074793718392333,-0.04937745837399812,-0.02840091089226034,-0.04512820512820508,0.12782775855440212,0.1474557123000029,-0.07395971963446007,-0.05064087776890539,-0.1146351994794901,-0.05167716558720014,-0.0015662614970573382,0.13420163842309168,-0.10891905480140772,-0.0032129654274982845,0.24256706000650635,-0.08798036258243867,-0.16595274007038707,-0.15020968266643003,-0.0851790731375506,-0.09056871617425248,0.025689527696448076,-0.017025404430248685,-0.14650933073078398,-0.18004436163605708,0.07290923609262706,0.17357584361044565,0.06932718185313337,0.0656504894567178,0.0018927631384378593,-0.05722296158282313,0.27559577677224734,-0.23794871794871794,-0.050759175465057774,0.06826250258776208,0.12429775530121548
0000000000000000002c_0000000000000000002c,22,cocoa,23,-0.5245092987553984,6.324549484882713,0.1245380539257476,0.039235745449074724,0.23453721812680742,0.04474533206291888,0.09972619226718818,-0.05358206709793888,-0.14007187870885776,0.10335556558514282,-0.09394914999247778,-0.0845454089564214,0.02843856041990536,0.12928271734951438,-0.23090249569563545,0.04258429032311982,-0.19495912943182384,-0.10092439362786887,-0.029783862394062437,0.008061113618507946,-0.29612423315447234,0.1957641709710312,-0.30683583237216455,0.0385938518629958,0.09153402537485579,-0.020043127225314636,-0.07269979773665644,-0.06949300436287043,0.15025391571803484,-0.018240476071076296,-0.320775621416512,0.16158601206893666,0.012706818447754174,0.06248834060478406,-0.03625361483041635,0.05626999648964441,-0.04321816023937278,-0.02123597947277801,-0.08874713738862976,-0.19327683332497533,-0.0967146415258345,-0.0019176570884108166,-0.007165137154606066,-0.06009193788342272,-0.04203333166173541,0.2896865753974224,0.014092238771041217,0.007066178560085562,-0.14973505173595433,0.0027333968540527876,-0.2109850726309279,-0.0012436688230279386,-0.014340972535646788,-0.12049144977684165,0.0361867509151998,-0.08265717199070588,0.1295287765575113,0.039564715911940176,0.011631646691071968,-0.02807482072112728,-0.07918292295605366,0.1337331795463283,-0.19107834779265498,-0.03906457382612033,0.06477508650519027,0.06487404509971077
0000000000000000002d_0000000000000000002d,22,cocoa,6,-1.939978070018113,5.244662282683107,0.12404459823144942,0.09040625400486986,0.11336152761758296,-0.06311418685121102,0.049847494553376864,-0.0496526976803793,-0.03367935409457895,0.17034473920287066,-0.07901576316801225,-0.02663590926566703,0.03944124054850693,0.14893758810713822,-0.034150967576573064,0.011954376521850532,-0.13980264001025244,-0.03300269127258742,0.05823401255927204,0.035268486479559116,-0.2094168909393823,0.10655388952966804,-0.3130898372420864,0.1293348712033833,0.07164423939510439,0.014620017941817184,-0.13889017044726384,0.07479174676406507,0.1539715494040753,0.06208894015122385,-0.21690119184928872,0.19992310649750097,-0.0296911444316288,-0.053948481353325604,-0.08982186338587718,0.12479302832244005,0.11562732282455464,-0.08133282070998331,-0.05303601179033699,-0.020781750608740168,-0.03527873894655895,0.072956555171088,0.22025374855824684,-0.03412021017557345,0.0775804177880302,0.2629347686787133,-0.011287966166858864,-0.19876457772651543,-0.09852620786876841,0.025333845956683334,0.01796232218377543,-0.04494681532743811,-0.007648340381904351,-0.15811354607202352,-0.07564270152505444,0.07470972702806608,0.14989106753812634,0.08221453287197228,0.040497244649493745,-0.0620684352172241,0.022278610790721482,0.3249416890939382,-0.264318851723696,-0.07333589645008325,0.13306676919133664,0.1952684864795591
0000000000000000002e_0000000000000000002e,22,cocoa,2,-2.8273592871138353,6.707476839437415,0.13594771241830061,0.0776624375240292,0.14471357170319105,-0.0120569011918492,0.0158093041138023,-0.0018762014609765,-0.06905036524413685,0.13880815071126484,-0.0984236831987697,-0.06905036524413685,0.009996155324875002,0.1218300653594771,-0.0842137639369473,-0.059115724721261,-0.040015378700499746,-0.0018762014609765,0.0449058054594386,0.0007074202229911497,-0.1218300653594771,0.1793771626297577,-0.3460207612456747,0.13302575932333716,0.1537870049980776,0.08652056901191844,-0.1358861976163014,0.09362552864282964,0.1998615916955017,-0.040015378700499746,-0.2033986928104575,0.2639292579777009,-0.1218300653594771,-0.01134948096885805,-0.0159938485198,0.09599384851980006,0.1246289888504421,-0.08196847366397535,-0.11641676278354475,-0.09848519800076891,-0.0415840061514801,-0.08209150326797379,0.1137408688965782,-0.040015378700499746,-0.11641676278354475,0.3014225297962323,-0.02586697424067665,-0.1190926566705113,-0.1476970396001538,-0.0519800076893502,-0.09119569396386,-0.0063667820069204,0.0297731641676278,-0.1218300653594771,-0.1417301038062283,0.00815071126489805,0.1728565936178392,0.0669896193771626,0.0842137639369473,-0.04653594771241825,-0.0935640138408304,0.10595924644367549,-0.3014225297962323,-0.0842137639369473,0.09599384851980006,0.19638600538254514
0000000000000000002f_0000000000000000002f,22,cocoa,75,-2.6709476250855833,6.479736356988749,0.145758093041138,0.012811482763039844,0.14217711136742273,0.023803767781622413,0.043411405869537296,-0.05046100217864919,-0.04181694220171724,0.15627056260412656,-0.14355914391900548,-0.08045397923875429,-0.0015190055107010098,0.14261509675765727,-0.12859300269127255,0.0018585672177367737,-0.12048863257721386,-0.04893051390490833,0.021345636293733133,0.05207597078046901,-0.14699823144944246,0.22164685377418938,-0.304636883250032,0.16469645008330125,0.16409114443162884,0.05319964116365497,-0.10342524669998716,0.010307420222991139,0.19892246571831346,0.0035744200948353076,-0.23823042419582213,0.27457008842752784,-0.121677098551839,-0.05903370498526203,-0.07512679738562088,0.07823534537998202,0.06380397283096241,-0.08503560169165703,-0.10424708445469688,-0.10240082019735995,-0.036013225682429796,-0.058552249134948046,0.07027040881712159,-0.045134640522875774,-0.051190977829040064,0.299595950275535,-0.08880686915288988,-0.08173512751505826,-0.1549172369601435,-0.1001895681148276,-0.116077611175189,-0.0345081635268486,-0.00849888504421373,-0.10451446879405356,-0.0671405356914007,-0.02999051646802507,0.12813779315647825,0.08917349737280529,-0.004895758041778784,-0.01244403434576441,-0.08079108035371008,0.16847509932077404,-0.2636048699218249,-0.09193592208125076,0.10989168268614631,0.1590592336280917
00000000000000000030_00000000000000000030,22,cocoa,7,-2.0038775944481415,6.740387984160455,0.09320371285769206,-0.028674685560498684,0.14023617290053272,0.00032514966771020077,0.014376888010105929,-0.1302180480035151,-0.06193661778436861,0.16729389795133734,-0.14856703465700005,-0.08952161256659522,-0.061453287197231796,0.07064535618168834,-0.08244741033668365,-0.03811281375295213,-0.13185258417092324,0.0031636183885318694,0.0653111440654693,0.12312627011588947,-0.046136101499423224,0.16092272202998845,-0.3329796232218377,0.2322095897182402,0.18169714944801446,0.023129565551710828,-0.11316966002087106,0.0587378480804086,0.16915691766902835,0.06481023782061841,-0.26696545284780576,0.24087438897127478,-0.07057505355083207,-0.08430164222551761,-0.05374636128961383,0.07552260119734164,-0.004552095347943071,-0.10649969791838301,-0.1426528258362168,-0.012074476849563318,-0.010457516339869228,-0.0403273466249244,0.19888614269237107,-0.06943263579941776,-0.0799340912835722,0.2977580051628495,-0.08305377052781893,-0.12799472730268574,-0.20115340253748554,-0.0140429505135387,-0.06602295820288896,-0.04648761465370455,-0.02584500466853406,-0.08900313066403027,-0.11167572911517545,0.05130334486735866,0.08759707804690499,0.1247080793101554,0.025212280990827642,0.006098753226780845,-0.10342395781842148,0.1452100840336134,-0.17845444059976925,-0.06000329543582135,0.00922722029988467,0.22467842038776295
00000000000000000031_00000000000000000031,22,cocoa,53,-0.7473391886764255,6.113225570368477,0.1542280545218457,0.09564391054238931,0.1622133722153308,-0.04680580038156582,0.033949206763726536,-0.05421543238086945,0.01226349807403536,0.14502288669814944,-0.09998128441165585,-0.05654603091699125,0.009660145227162246,0.14083988016220172,-0.0912345759613501,0.026160040042654098,-0.12332092881547732,-0.011641386114194081,0.017352977446990582,0.08394797356604496,-0.09646797675785072,0.16538312550325343,-0.3436065954313653,0.20269591521403232,0.11446163667094655,0.08897825945028397,-0.12596838661472726,0.10560814780962327,0.14847700086323834,0.011611209041515188,-0.19630533974596126,0.2190344787563564,-0.07037525480040328,-0.03817283628212658,-0.08121230586204141,0.1316045352658266,0.17263606885595517,-0.09678367536433734,-0.04510543840177576,-0.039463486467468924,-0.03437284643787218,0.0013718961502470017,0.1364769718468223,-0.05678628684178069,-0.005701145423023074,0.27047245979412854,-0.09458074905877997,-0.16467164298201706,-0.18012926813344646,-0.08375646522019829,-0.06363532168324225,0.01092758227967469,-0.016212051968401066,-0.10243143058185165,-0.09997780244173138,0.04846786069218656,0.15613617404046334,0.06569432656525426,0.050398032686992625,-0.039454201214336966,-0.055052265819387276,0.2270650620588598,-0.26919921945840863,-0.026704388007515227,0.06718228837965075,0.19674290729980484
00000000000000000032_00000000000000000032,22,cocoa,2,-2.0444078583534777,7.026264605900398,0.1358861976163014,0.075355632449058,0.18272971933871585,0.01307189542483655,0.0007689350249903882,-0.017131872356785798,-0.04321414840445975,0.1218300653594771,-0.09848519800076891,-0.1137408688965782,0.0248519800076893,0.13594771241830061,-0.1358861976163014,-0.00815071126489805,-0.1476970396001538,0.0026143790849673123,0.0341099577085736,0.06305267204921179,-0.08196847366397535,0.13302575932333716,-0.3647212610534409,0.18949634755863132,0.18949634755863132,0.02119184928873505,-0.1538485198000769,0.01211841599384845,0.18272971933871585,0.03850826605151855,-0.24805843906189926,0.2761399461745483,-0.1190926566705113,-0.0026143790849672997,-0.0415840061514801,0.1273663975394079,0.041830065359477045,-0.09119569396386,-0.1301653210303729,-0.06905036524413685,-0.0669896193771626,-0.040015378700499746,0.1218300653594771,-0.06499038831218759,-0.049980776624375195,0.2844444444444444,-0.040015378700499746,-0.0842137639369473,-0.1663360246059207,-0.1085736255286428,-0.075355632449058,-0.020176855055747747,0.0013840830449826879,-0.1273663975394079,-0.1190926566705113,-0.00692041522491345,0.1034063821607074,-0.0006151480199923015,0.03128027681660895,0.00639753940791995,-0.09848519800076891,0.0842137639369473,-0.2519646289888504,-0.1085121107266436,0.07541714725105725,0.2069357939254133
00000000000000000033_00000000000000000033,22,cocoa,9,-1.832232112803306,5.665367426914315,0.10400102524669998,-0.03402452048357465,0.03692938613353833,0.025248408731684355,0.017524883591780886,-0.116235635866547,-0.0240522875816993,0.1766841812977914,-0.16923405527788452,-0.052779700115340195,-0.01809218676577382,0.19606817890554915,-0.1173087274125336,-0.04365500448545428,-0.21150839420735612,-0.07996924259900035,0.0023033875859711974,0.02070998333974111,-0.16519458327993503,0.25046093382886925,-0.11696697851253789,0.08836259558289544,0.238957665855013,0.07456960997906784,-0.04830962450339608,0.031399888931607466,0.22820624546114743,0.006848647955914389,-0.28291340937246356,0.2434209064889572,-0.00842752787389462,-0.08977743602887774,-0.08225212525097181,0.016677346319791522,0.09043359391686955,-0.07527361271305905,-0.11982399931650217,-0.17814686658977308,-0.11740441710453241,-0.09366653851082914,0.08331838181895851,-0.09934640522875814,0.045753342731428025,0.25136998590285786,-0.030757400999615485,-0.0968379683027895,-0.11865521807851678,-0.07847921739501898,-0.0760049553590499,-0.053996326199325,0.024790465205690088,-0.15364347046007942,-0.0957170319108035,0.0181742065017728,0.12254432056046818,0.06500747575718736,0.0005946430859925673,-0.011318723567858456,0.025050194369686845,0.2505839634328677,-0.1662471698919219,-0.15663719082404196,0.11874407279251566,0.11821777948652223
00000000000000000034_00000000000000000034,22,cocoa,3,-2.4873313326606525,6.9488192141856615,0.12274253492246572,0.05909521978726127,0.16645905420991922,0.021530180699730835,0.040538254517493204,-0.07176726899910287,-0.07189029860310132,0.151757016532103,-0.10514930155068564,-0.08745354350890679,-0.011933871587850767,0.09198513392285013,-0.14773804946815325,-0.014702037677816198,-0.1287914904523901,-0.008550557477893099,0.015481225169806434,0.07988722286300136,-0.0797641932590029,0.13849032423426885,-0.34618480071767266,0.20478277585544022,0.19547353581955654,0.07260797129309236,-0.10510829168268614,0.030777905933615235,0.17498910675381255,0.005905420991926167,-0.24158913238498014,0.2844444444444444,-0.1457900807381776,-0.028173779315647768,-0.075355632449058,0.10244265026271944,0.10681020120466488,-0.13406125849032421,-0.1137818787645777,-0.0375240292195309,-0.041604511085479905,-0.06703062924516207,0.0906523132128668,-0.05177495834935277,-0.057864923747276635,0.29291298218633854,-0.07277201076509034,-0.07256696142509288,-0.19990260156350118,-0.0815891323849801,-0.059279764193258956,-0.0027066512879661644,-0.0029527104959630665,-0.06840445982314493,-0.1034473920287069,-0.04062027425349216,0.11216198897859797,0.05669614250929126,0.025754197103678,-0.0160348583877995,-0.1034473920287069,0.10519031141868511,-0.293036011790337,-0.061699346405228735,0.08275791362296546,0.17507112648981157
00000000000000000035_00000000000000000035,22,cocoa,10,-2.2216261513856876,5.771475989496112,0.12203921568627449,0.021677816224528978,0.10172087658592846,0.01598769703960009,0.04968550557477888,-0.03731487889273351,0.01337331795463279,0.15141253364090732,-0.11118800461361014,-0.05930642060745863,-0.006157631680123003,0.18214532871972317,-0.09169396386005377,0.02958861976163011,-0.17161399461745475,-0.06097347174163779,0.00143329488658206,0.02222529796232215,-0.2060130718954248,0.2329011918492887,-0.2647720107650904,0.16486582083813914,0.09950634371395614,0.020293733179546268,-0.10861053440984234,0.00682814302191465,0.16586236063052667,0.003807766243752378,-0.2553356401384083,0.29974932718185315,-0.10172087658592846,-0.05201691657054973,-0.09331795463283352,0.08394925028835058,0.06216685890042288,-0.05947866205305648,-0.10049058054594384,-0.1380945790080738,-0.08083044982698959,-0.00264513648596695,0.09860207612456744,-0.06141022683583234,0.06242522106881965,0.26474740484429066,-0.05404690503652439,-0.0878861976163014,-0.09919261822376005,-0.12312187620146094,-0.061834678969627035,-0.018602076124567428,-0.02483352556708953,-0.15199692425990002,-0.11393771626297575,-0.01622760476739716,0.12359554017685503,0.08426297577854666,-0.028339869281045697,0.002638985005766982,-0.029619377162629728,0.26797078046905043,-0.28640061514801995,-0.05017762399077273,0.1194617454825067,0.13154325259515567
00000000000000000036_00000000000000000036,22,cocoa,4,-2.1851314096855,6.363450668664557,0.08667435601691653,0.08430603613994612,0.16167627835447898,0.0041214917339484555,0.011856978085351726,-0.04175317185697805,-0.015886197616301397,0.1584467512495194,-0.11243367935409454,-0.11657054978854285,0.0072126105344098,0.13305651672433674,-0.08209150326797379,0.010442137639369426,-0.12602845059592463,0.03601691657054975,0.030557477893117996,0.051534025374855796,-0.09250288350634367,0.14322183775470967,-0.3057900807381777,0.2233756247597078,0.14495963091118796,0.08093810073048822,-0.16332179930795845,0.08670511341791615,0.17136485966935794,0.0319261822376009,-0.2619454056132257,0.2178239138792772,-0.07151095732410608,-0.05882352941176468,-0.07226451364859665,0.14212995001922335,0.11380238369857745,-0.06120722798923487,-0.09611687812379849,0.013210303729334849,-0.06705113417916185,-0.016578239138792725,0.17608612072279883,-0.0846136101499423,-0.006874279123414025,0.2539484813533256,-0.09007304882737405,-0.13445597846981927,-0.15400230680507493,-0.057254901960784275,-0.03640138408304495,0.004444444444444419,-0.0200845828527489,-0.11386389850057667,-0.11778546712802765,0.08367550941945402,0.1259669357939254,0.10468281430219145,0.020161476355247926,-0.017993079584775026,-0.09851595540176852,0.22706651287966167,-0.27009611687812374,-0.07550941945405609,0.09144175317185695,0.2123337178008458
00000000000000000037_00000000000000000037,22,cocoa,51,-2.257615917230767,6.004060638506096,0.05943536045713937,0.06656142810834441,0.02765150658494844,-0.013629750246888422,-0.007725535427550468,-0.06369556203873318,-0.09583161830668444,0.17498066354569505,-0.1248726357132626,-0.1063422062404354,0.0022820785369126705,0.03983746824373727,-0.11860536294487035,-0.019250514507994625,-0.091211977293801,0.015317185697808511,0.09597153432691796,-0.03163428847125158,-0.21154699173017918,0.2054787374388433,-0.23904893291418836,0.0892736579445311,0.15346736926219925,-0.010539536075868224,-0.062278309247574416,0.11486140323103479,0.24925315301053136,-0.0026813216636135274,-0.2781120383562883,0.25745392043784066,-0.04829515043233744,-0.029324467964809867,-0.013435556460184957,0.07403849198272154,0.10326164145012096,-0.11339349119117079,-0.15910501993954057,-0.008449238980482596,-0.05643802157541213,-0.03774717114835166,0.12846823619874706,-0.1105131510505009,-0.026697424067666235,0.3229683907396099,0.001054194842104479,-0.13645430490535312,-0.03441692863227562,0.06013373438571887,-0.01845926529012217,-0.024861629388395066,0.06176809824275727,-0.15427188637854217,-0.08191962367415244,0.08326450611001797,0.199101702964923,0.08672983995597465,0.04537018190590342,-0.010317600319635694,0.02319108035371006,0.22739851188456928,-0.1749408598502838,-0.14348387874950055,0.10494545838327639,0.2065896223925941
00000000000000000038_00000000000000000038,22,cocoa,12,-1.9102013930357389,5.85213084939875,0.16185057029347683,0.010672818146866561,0.08940663847238235,-0.0151326412918108,0.014158656926822959,-0.07349993592208119,-0.011364859669357885,0.159036268102012,-0.17832115852877095,-0.0848853005254389,-0.0117647058823529,0.1873023196206587,-0.09048827374086886,-0.014153530693323023,-0.13432782263232088,-0.03291554530308852,0.04925797770088423,0.03441753171856973,-0.13297962322183773,0.260084582852749,-0.24048186594899398,0.1443649878251954,0.18457003716519285,0.06480071767268995,-0.10405741381519927,0.04155324875048055,0.19155196719210557,0.0177880302447776,-0.25147763680635654,0.27827758554402154,-0.08891964628988847,-0.08201460976547477,-0.03201845444059973,0.05253364090734328,0.0629962834807125,-0.0710444700756119,-0.10556452646418042,-0.15368960656157885,-0.031736511598103256,-0.010103806228373683,0.1157811098295527,-0.08119441240548503,-0.03960015378700496,0.284475201845444,-0.07792387543252592,-0.1288376265538895,-0.09822376009227217,-0.09099064462386258,-0.0740535691400743,-0.027174163783160264,0.015112136357811043,-0.14949634755863125,-0.13744969883378186,-0.00381904395745225,0.14733307702165832,0.05266692297834163,0.020981673715237684,0.0038959374599512723,-0.08926310393438415,0.23855952838651798,-0.23019864154812253,-0.06552864282968086,0.04766371908240414,0.15331026528258357
00000000000000000039_00000000000000000039,22,cocoa,45,-2.0812616652482,5.363072889099582,0.15267290358409155,0.0769727882438378,0.0771887735486351,-0.018961595967362924,0.02212072279892345,-0.055247127173309374,0.0786924687086163,0.16440856080994484,-0.1262639155880217,-0.04464334230424191,0.00011892861719850653,0.15900209321201242,-0.010687171600666347,-0.012506642744243616,-0.08012097911059844,-0.03750215728993117,0.029125208253235897,0.06289820154641373,-0.04504523901063688,0.22765808022555428,-0.2841273014652484,0.21128420692895894,0.1220057242940749,0.07502345251826217,-0.12912230338758593,0.10742261523345718,0.19415985304797298,0.020968345508137844,-0.1855259088384809,0.24298620188816267,-0.05981289247725231,-0.029402708360032427,-0.06744072792515696,0.16108129351958642,0.13089119569396385,-0.05687795292408899,-0.09271374257764103,-0.07209808193429873,-0.07008313041992392,0.04047947370669396,0.2180945790080738,-0.08696826007091285,0.007398180187107475,0.26833030031184596,-0.07482660515186464,-0.12412456747404842,-0.060829937203639585,-0.10692776282626339,0.02306121577171169,0.017451065829381808,-0.007581357597505188,-0.16164176171557942,-0.21110513050536117,0.07416908026827285,0.12687769661241402,0.009981801871075183,0.0070564312871117555,-0.050608911102567336,-0.01563979665940446,0.2190706138664616,-0.29103199624076204,0.022298432226921214,0.08011277713699856,0.17972164552095343
0000000000000000003a_0000000000000000003a,22,cocoa,1,-3.0470946055532853,6.690498331412572,0.0888273740868896,0.059115724721261,0.17279507881584,0.0074432910419069,0.0222068435217224,0.0177777777777777,-0.0517339484813533,0.1417301038062283,-0.0669896193771626,-0.0669896193771626,0.0448442906574394,0.0553633217993079,-0.1137408688965782,0.0005536332179930795,-0.0415840061514801,0.0088581314878892,0.035432525951557,0.075355632449058,-0.1537870049980776,0.1358861976163014,-0.3460207612456747,0.1929104190695886,0.1137408688965782,0.1085121107266436,-0.1085121107266436,0.1537870049980776,0.17279507881584,-0.0448442906574394,-0.2214532871972318,0.2214532871972318,-0.0797231833910034,-0.0517339484813533,-0.1085121107266436,0.1301653210303729,0.1537870049980776,-0.0984236831987697,-0.0888273740868896,0.0120569011918492,-0.0271280276816609,-0.1245674740484429,0.1190926566705113,-0.0415840061514801,-0.0711111111111111,0.3278123798539023,-0.035432525951557,-0.1034063821607074,-0.1793771626297577,0.0157477893118031,-0.1190926566705113,-0.0297731641676278,-0.0088581314878892,-0.0797231833910034,-0.035432525951557,0.0384467512495194,0.2364628988850442,0.0984236831987697,0.035432525951557,-0.0325413302575932,-0.0074432910419069,0.1476970396001538,-0.2679584775086506,-0.0415840061514801,0.1793771626297577,0.16
0000000000000000003b_0000000000000000003b,22,cocoa,7,-1.2735434739314218,5.582109544156833,0.10004064370846374,0.13856648541769648,0.07674410940846922,-0.01286538144669627,0.005096940737079126,-0.021020486626022912,-0.038604932168945956,0.15824243422859335,-0.07974075904871747,-0.12152688526390945,0.036232218377547025,0.14428736200362494,-0.044914593288295675,-0.011819629812709342,-0.09229856648541766,0.025414401054539442,0.055398473114736044,0.003769978579667143,-0.14613280606360185,0.21415060141703737,-0.27528752677541607,0.1342868127643214,0.1514055033778217,0.049941231394518525,-0.13682649530400393,0.11005876860548137,0.21833360795298512,-0.018155654418630127,-0.21943208656011423,0.25656945130993575,-0.057850277365848246,-0.007821167682759356,0.0371900917229636,0.11388147415829075,0.1573724391717471,-0.08191135277640463,-0.1100411929477673,-0.06450266381062224,-0.07296534299994505,-0.0070302630856263855,0.1287241170978195,-0.11722084912396329,0.007768440709617114,0.25540067007195033,-0.044571867962871374,-0.1746932498489591,-0.06924809139342007,-0.002680287801395085,-0.021196243203163583,0.0036205854890976005,0.039501290712363316,-0.193015873015873,-0.16915691766902835,0.07629593013676053,0.18522985664854175,0.03946613939693518,0.07558411599934088,-0.045898830120283354,-0.009886307464162084,0.22256934146207502,-0.28329323886417307,-0.05453726588674681,0.11011149557862358,0.17375295216125658
0000000000000000003c_0000000000000000003c,22,cocoa,13,-2.058934628927432,5.73404668932052,0.08886522934965836,0.06560790228610293,0.10801999231064974,0.023337769496938998,0.037760624611835644,-0.022031762931416878,0.005862833821311298,0.1825096856238724,-0.07870109129624697,-0.07613639724366364,0.0602892378670925,0.12163842309171026,-0.045090349865436315,-0.02300653594771237,-0.13404548546417056,-0.03909975453228044,-0.006000059148848069,0.0196894685476,-0.14958980273859163,0.1591671842190873,-0.2553952621772691,0.1452459113358767,0.14888001656167743,0.06383343684381743,-0.1436512583917428,0.11541596427409573,0.21307307840179812,0.0019116907698222539,-0.2126424747878035,0.1734528140064472,-0.023063318841865504,-0.06970573448082094,-0.08127524916452247,0.15180433561056395,0.15573655103066864,-0.07748025907195455,-0.08662703693845558,-0.051530476443971206,-0.11978824712388723,-0.06079555200662461,0.150507792860734,-0.03897672492828197,0.05909206518203054,0.26057670126874277,-0.004225593706562541,-0.14695886197616298,-0.13550291308076773,-0.0026451364859669054,-0.07828941531363671,-0.03995149794457748,0.0029858338508857414,-0.1421985626829917,-0.10128648744565696,0.09380060923313516,0.1718770886936976,0.09002454677195158,0.027213202022890563,-0.025528642829680846,0.08681158134445327,0.25820128353000327,-0.2949398160470824,-0.13287197231833908,0.2142371277319374,0.16113565788306267
0000000000000000003d_0000000000000000003d,22,cocoa,23,-2.2896701486118585,6.974806035665802,0.11415007605770353,0.06943416411747985,0.12493923741704693,0.04999013757250551,-0.026641258378884335,-0.055855440215301755,-0.04673252762315492,0.13499824482222553,-0.13567490764421708,-0.11652508232619559,-0.03021714056466572,0.12384534376410407,-0.16395299466760271,-0.00561389432158197,-0.0888353977567156,0.04672182939672026,0.07302609364291322,0.08240576366949162,-0.06546244755361648,0.21832940507831436,-0.2874185513932768,0.18104876051017163,0.18825669057051633,0.10123731675108232,-0.04082710663122875,0.07111913478093705,0.1926830817578523,-0.07264363204787452,-0.25441184828577634,0.32049746752921116,-0.16312655667552609,-0.005183290707587374,-0.06261404476539119,0.08250739682062078,0.08234157431088372,-0.09326981261387758,-0.11362318840579706,-0.09138692476137938,-0.01043344533039127,-0.033394513815756435,0.0686104006820119,-0.13328385403607304,-0.1628350300051819,0.2295973120706083,-0.07420022399411595,-0.08469250956989782,-0.03671096401049758,-0.0550316767798338,-0.11584307039098672,0.016929943332831814,0.02598331745315342,-0.10424351837921868,-0.15760092272202994,0.011952593484111427,0.16288852113735516,0.01828326897681488,0.037232502549186704,0.00543737358541026,-0.1456697256907878,0.062068435217224105,-0.2523631379235411,-0.03200106982264341,0.06502916938301319,0.20148504755695967
0000000000000000003e_0000000000000000003e,22,cocoa,51,-2.7988313167905012,6.559644700841027,0.1566733760016886,0.04091337419242972,0.1370996072400509,-0.0008503516746952449,0.017241030976019724,-0.009697627609290538,-0.04760883822964014,0.1275153598540531,-0.13143421459318058,-0.04622777061612799,0.02750917821953845,0.1515785029890464,-0.0794300834520659,-0.05232859156734584,-0.10166346277072917,-0.031479898379959396,0.02153741773526015,0.005754649418398653,-0.10720944433136573,0.20936502551808878,-0.3120838893035107,0.15882277555389704,0.18979246292903934,0.07610104710857811,-0.14170959887222861,0.022676044658540038,0.22135317487240955,0.003459302983015581,-0.19167891685701574,0.26887155015793324,-0.08950162456370471,-0.04190605423253494,-0.057718976864101997,0.11284830118129525,0.1054351644540938,-0.056934964681758855,-0.10747480230077419,-0.11588061906808088,-0.0641261656527278,-0.054816925616844155,0.11254072717129908,-0.007461383630730254,-0.05529215761660292,0.3052243857943024,-0.0650633617537749,-0.1009964493294434,-0.16825504519377912,-0.10201204664872482,-0.08368425417071862,-0.03772787238694012,0.006412013478978645,-0.14139478782670314,-0.10906453777204843,0.004830721215821964,0.11813133711769981,0.07882096629501469,0.05193658547617427,-0.04882586637115433,-0.06072475895394678,0.13450874852055392,-0.2921784230801125,-0.08550316243375469,0.10382130553105515,0.18782519543765214
0000000000000000003f_0000000000000000003f,22,cocoa,31,-2.71096750934038,6.812924030105082,0.12155126440202896,0.055833612382334294,0.1785219084471233,-0.015255670895809242,0.02884845778918775,-0.07084123972169509,-0.11176445783879647,0.1424504222941548,-0.08530317123686915,-0.08143170740782076,-0.010257097146258842,0.07294861777728165,-0.13574530887623862,-0.050233781051952676,-0.10750207736478525,0.006157433245277834,0.022317967035011304,0.03597028438193742,-0.10847043940916024,0.12777616549466084,-0.35180116828515084,0.18638191266386372,0.18551673673897132,0.09045453981719184,-0.10847837680296658,0.06498542744105862,0.15947017896342594,0.013386414654413252,-0.20570946658233183,0.22483461695873794,-0.09505822822487625,-0.04805298210365735,-0.06424129677171307,0.08433480919249416,0.12568466222668698,-0.1468199575845518,-0.11351465317309718,-0.023167268172291006,-0.0184683310389304,-0.08329501060386199,0.1114747429648646,0.00037901055425332975,-0.07638154059852906,0.3138128015279483,-0.03733551611663004,-0.12532549515694955,-0.23897111532785156,-0.004621547543748684,-0.0853428582059009,-0.026328335255670857,-0.005288288623482249,-0.05382545174932713,-0.042826208282174295,0.017087224516625074,0.1252481055673376,0.08965484739120186,0.07297044561024911,-0.06269548932792596,-0.08583497662189477,0.13710458756557647,-0.2901573836365665,-0.09985241408391311,0.06630105046446154,0.21984794929989704
00000000000000000041_00000000000000000041,22,cocoa,11,-1.086840312396434,5.476434138513509,0.12366152878263602,0.003579043025409798,0.11754919436580334,-0.022939428890985956,0.016687288105973162,-0.09575617769389394,0.016172800671070516,0.16347838244032006,-0.16247177658942358,-0.06346649889902482,-0.062493446576491515,0.15791968124148048,-0.06778371954842542,0.007247562126454831,-0.20567194435706548,-0.022005522351543072,-0.0025612526650588773,0.09849638251022329,-0.11812519660270522,0.248424731746531,-0.19695921149208348,0.21237146552025443,0.16027961273636007,0.05394848135332559,-0.08955995945615318,0.03096990667924919,0.13804480794100168,0.057745622313096316,-0.20841214917339482,0.25342979972737756,-0.05250567963370727,-0.08263674810387608,-0.08977805739051409,0.08094229492153365,0.08760267030163219,-0.11541854531473907,-0.07757575757575755,-0.12274439900737474,-0.07744713571703188,-0.012465135786935063,0.12367271329209042,-0.08452693020167065,0.04795917654049137,0.2679920310370138,-0.08796057460417318,-0.1309426444374541,-0.11091118800461358,-0.0493740169864737,-0.01341581909055952,-0.023364440250253356,-0.007666981230995018,-0.16058718674635628,-0.13386180140505397,0.007186047324455592,0.11815315787634124,0.060698332809059403,0.004462619272307829,0.0010793051623501427,-0.0371437558980811,0.3385886547132222,-0.25702561951696895,-0.08057320610953823,0.08706581384782072,0.12670371535423436
00000000000000000042_00000000000000000042,22,cocoa,4,-2.31415965775105,6.40798387987605,0.09496347558631292,0.08545943867743169,0.1477893118031526,0.0039061899269511252,0.03423298731257205,-0.12083044982698958,-0.05476355247981543,0.181114955786236,-0.09614763552479812,-0.12752018454440595,-0.01168781237985387,0.10729719338715878,-0.09976163014225295,0.014825067281814675,-0.1584467512495194,0.005751633986928075,0.05457900807381773,0.09290272971933868,-0.07583237216455205,0.12478277585544018,-0.3234140715109573,0.23655517108804305,0.1393002691272587,0.06411380238369854,-0.13467128027681657,0.03447904652056895,0.16158400615148016,0.03555555555555547,-0.21797770088427526,0.25993079584775086,-0.10343713956170703,-0.06214532871972315,-0.09816224529027295,0.12207612456747402,0.08121491733948477,-0.12524413687043442,-0.1289811610918877,0.0316032295271049,0.0035524798154556005,-0.03029603998462122,0.14499038831218755,-0.09396386005382543,-0.046720492118415946,0.2540407535563245,-0.08430603613994612,-0.13737793156478273,-0.1480353710111495,0.010088427527873898,-0.031141868512110673,-0.021545559400230625,0.00207612456747403,-0.09970011534025372,-0.12359861591695498,0.04612072279892345,0.12891964628988847,0.081276432141484,-0.006059207996924225,-0.0355247981545559,-0.0810918877354863,0.17453287197231826,-0.2740945790080739,-0.08236831987697035,0.08461361014994229,0.21980776624375237
00000000000000000043_00000000000000000043,22,cocoa,4,-2.2230956138227063,6.232667389884176,0.09007304882737405,0.12055363321799305,0.19120338331410996,-0.0006920415224913448,0.01294886582083805,-0.032372164552095274,-0.017331795463283277,0.1507420222991157,-0.1085121107266436,-0.11383314109957705,-0.0017377931564782501,0.1417301038062283,-0.06908112264513647,-0.0474432910419069,-0.07657054978854283,0.036309111880046076,0.05085736255286425,0.055701653210303674,-0.0711111111111111,0.12602845059592463,-0.3345943867743175,0.17447135717031903,0.14629757785467123,0.10471357170319107,-0.14029988465974624,0.0937178008458285,0.1998615916955017,0.012010765090349824,-0.2539792387543252,0.2214532871972318,-0.07760092272202995,-0.061053440984236804,-0.04402921953094958,0.14029988465974624,0.11775470972702803,-0.09125720876585924,-0.0610841983852364,0.001107266435986181,-0.10343713956170703,-0.00041522491349482477,0.16478277585544018,-0.059146482122260625,-0.0349250288350634,0.25993079584775086,-0.038662053056516675,-0.10091503267973854,-0.17788542868127644,-0.08315263360246054,-0.011595540176855,0.03700115340253742,-0.02412918108419835,-0.11644752018454438,-0.1600307574009996,0.07011149557862358,0.13883890811226451,0.09480968858131485,0.05460976547481732,-0.022422145328719674,-0.0935640138408304,0.17940792003075734,-0.2782160707420223,-0.06602076124567473,0.042429834678969575,0.2326797385620915
00000000000000000044_00000000000000000044,22,cocoa,23,-2.625532491660148,6.954921407735267,0.15420156127242027,0.03084566136770134,0.11063303411731272,-0.0042151012152516305,0.03736623037961983,-0.016756097153268763,-0.10022633435300801,0.08626247429918255,-0.14568042391722244,-0.043950988750146226,0.005506912057235504,0.11404844290657436,-0.12900188890560485,-0.0566952509904217,-0.05353659963559161,-0.0029286394864851202,0.052220717784129796,0.015231599886331328,-0.1530568510439128,0.24259833174531534,-0.29313942797920534,0.1344258897079718,0.15340454340303894,0.07948514785283248,-0.09079584775086502,0.08946391855975122,0.18854821724086052,-0.04269662170068362,-0.2462651488557912,0.2992454407167812,-0.12536984103104154,-0.0189973755913277,-0.009037326780669609,0.05132474132022796,0.09653009711983682,-0.07058689801581328,-0.14921351319726525,-0.10856827641542548,-0.012425990003844657,-0.08897982381358337,0.09701151730939603,-0.04908881199538633,-0.11154505792086654,0.31207261421192517,-0.04686358089697936,-0.11726860906340368,-0.12216304765725555,-0.052399913076910186,-0.1117242532136469,-0.04132992327365725,0.01812012102368649,-0.12035237283319121,-0.10524112799424969,0.01146582418133491,0.16813332664694175,0.05548902595991505,0.044496598298313296,-0.045491533356735656,-0.0851257877405011,0.07164334787623486,-0.2849124918509603,-0.031500927736823586,0.10046971900439627,0.20548350968690968
00000000000000000045_00000000000000000045,22,cocoa,90,-0.5920791377921424,6.174245023193988,0.11994907941390061,0.07409731299927375,0.21329232346533383,0.03962031697210471,0.07770686488102863,-0.030414285104019785,-0.07793993763082571,0.1044699047374941,-0.050606177111367376,-0.09419009782562258,0.0397802554573027,0.19599299414755006,-0.14949942329873123,-0.009277115639284008,-0.12486616258703914,-0.0786924687086163,-0.03875295826391553,0.014236575676022035,-0.2827568883762655,0.18170378914092866,-0.36537126746123283,-0.013363748985432952,0.07047067367251908,-0.017757272843778003,-0.11312298688538594,0.01602733991199963,0.19271493869879103,-0.04105566235208677,-0.2927591951813405,0.17148686402665636,0.0038248536887522007,0.08643854927591949,0.022965526079712913,0.0670518176769618,-0.021220556196334707,-0.017056004100986778,-0.074556623520868,-0.23223409799649705,-0.10389029860310132,0.02009073433294884,0.02073800674954076,-0.08519526677773502,-0.05634482464009565,0.2747811525481652,0.06404852834379936,-0.006679823999316491,-0.14737032765175784,-0.029000128155837468,-0.12549087957623134,0.02810679653124863,0.012862745098039209,-0.15799325045922505,-0.047629544192404595,-0.051977273698150236,0.13879174676406505,-0.008974326113887805,0.03905848178051173,-0.019586996454355143,-0.034690247340766325,0.14416130548079795,-0.22616805502157286,-0.014877696612414002,0.034943141526763186,0.024396086975095023
00000000000000000046_00000000000000000046,21,ANN,698,-0.49179057598984,9.89977706782917,-0.026192174268437594,-0.008748409527303228,0.2065707590975038,-0.0019115416265950073,-0.1297058988773328,0.02872970391595029,-0.028132975084522217,0.07034023722416655,-0.08578891301450067,-0.08825770119273055,-0.037378790833148774,0.031629360098441264,-0.20868068155404193,0.10139093515938874,-0.004478330463597311,0.15798464112877014,-0.05331791056778906,0.19131253242911858,-0.10089634910090782,0.12417273938059968,-0.16847802641479084,0.17633385440248345,0.17278529637598053,0.14339153224074053,0.09147118862152419,-0.0032851371910076407,0.14777565163938486,-0.11359589490046255,-0.19690500347563036,0.13571504898380496,-0.048920659785909926,0.07132870430041781,-0.19249920407513527,-0.03260275692950359,0.05869366972588233,-0.024589969253615222,-0.23541379830768194,0.1551191794207429,0.23553867864354572,0.008527026744177048,0.05247759017085114,-0.10935049226162737,-0.18792357799347617,0.08586179659795821,-0.09939611059885493,0.06571578707329885,-0.021333298081297757,0.006958223033019007,-0.11752949328503802,-0.021194757581666255,0.208681122204486,0.13933842945571956,-0.10700103222366532,-0.038038797068352545,0.13657246661797476,0.1278583396952241,0.07634339448459868,0.006908165142566918,-0.21763998638390125,-0.1484476435666687,-0.1560500094189032,0.12271903356544592,0.11881689762258067,0.19396278046023732
00000000000000000047_00000000000000000047,21,ANN,153,-0.4487787662770649,10.761556262569313,-0.03180395674866123,0.01707859973413941,0.2874140413566426,-0.07675519470892286,-0.18618520277520206,0.02596407113402835,-0.025586941171444826,0.04904740006985746,-0.05523667367754479,-0.08319052752460714,-0.06450208944272309,0.005247252816287327,-0.2097333102150254,0.056176282123768344,0.019665839935871777,0.17033971348375304,-0.07673750417762898,0.19508635441873787,-0.0825022050342628,0.1500149012571836,-0.12651061808806566,0.17690893145672976,0.16112616313986824,0.11391134128904667,0.07044691207253112,-0.07232090221709594,0.12456385553067822,-0.05516229303460454,-0.15092877802152513,0.0753315089972936,0.009174148706002964,0.04843426233751217,-0.18050614017233188,-0.03623101220495883,-0.034453515867451635,-0.07159760072169323,-0.24666269634856375,0.17068106032621935,0.2565328066379698,-0.00867157679424453,0.02603242091402749,-0.057084128025168754,-0.18100469150879622,0.07805263435631841,-0.08095388148851744,0.10587702567891182,-0.0372675165157694,-0.013795800006533392,-0.11240804818659487,-0.020228720477041214,0.22656142810834445,0.1573725540453269,-0.09090440328380484,-0.08527398964199286,0.1451564380718326,0.1471984882636894,0.07497046133588636,0.0627125313793337,-0.20424723522627042,-0.12436403293856306,-0.22625385409834828,0.061731108950051856,0.06717335966810146,0.15001128273941894
00000000000000000048_00000000000000000048,21,ANN,1153,-0.04342424830857925,8.949567338539104,0.022467894628558666,0.017742245376969865,0.21197067109754636,-0.013546114260543567,-0.16560216849013634,-0.006517741358400736,-0.03378976596165391,0.04694566403674878,-0.10292258664940727,-0.07551344752652005,0.02114492624592646,0.0560451064088033,-0.28223193894669235,0.07257210099658111,-0.04878619971703453,0.14805604489300095,-0.00476902438951193,0.1416295887264655,-0.08687410572956625,0.12341731264211207,-0.22717928557066414,0.21875581244521003,0.220108124402083,0.18105027988101177,0.07926211581175159,0.050485085961667245,0.07533077043888313,-0.1050290818162205,-0.23727347510947988,0.20217333182614064,-0.037829682559213124,0.039219927754786374,-0.13882279582240864,0.0051582268878505345,0.07117283932092296,-0.034949957535179745,-0.21475521623713342,0.12894297443140987,0.20959277454498285,-0.03380112992767805,0.07368320877319513,-0.07601762348392918,-0.20877568938226107,0.12713258260466231,-0.05612460081901913,0.0148205857177488,0.001410465585822788,0.006138515675303997,-0.10668598007371237,0.025955405103047592,0.12371560341225751,0.0948888495418234,-0.11335177310214595,-0.024245581708016058,0.17231608498032475,0.06145029948785456,0.05622922399917567,0.008653153283829379,-0.20552431465248036,-0.07065276448147065,-0.12344025398197302,0.07848477785413772,0.070842697434738,0.23085144715505712
00000000000000000049_00000000000000000049,21,ANN,1061,-2.243684131629978,10.557274081160877,0.014762508873372469,-0.019909459893805763,0.2680205720920069,-0.01201306972124472,-0.14221955522797905,-0.01645477469877637,-0.07608308411794053,0.09017385831085771,-0.08311606389335498,-0.11345086226170531,0.01937003131906416,0.018059261626699765,-0.25682081965864645,0.10060087815133813,-0.03200578621794484,0.1380890189048582,-0.016420567598701398,0.1350505587461648,-0.10865815765052299,0.11576117501388754,-0.16506688321500354,0.1646767483397417,0.22125453814798265,0.16529665056686305,0.08424907262160095,-0.017760326358925937,0.09138044129333274,-0.08967310115264153,-0.16642420935035132,0.1736617939667227,-0.046830621587216646,0.07829309469532668,-0.19102856474037933,-0.026122280961320934,0.042542442713072316,-0.0471902019849539,-0.2034197678627918,0.1661404643541362,0.24915541437879507,-0.016786873460182223,0.05214849215175338,-0.08832087709323713,-0.16723741068196415,0.11421576780626314,-0.055544735385976714,0.01672245975139696,-0.029344473832111948,0.012432135686231005,-0.1123940368037958,-0.009632371512298052,0.18712988298200392,0.14990484700838252,-0.10351491723077579,-0.06610951127692855,0.12307418918483103,0.1338279158200953,0.052697313184481676,-0.010106458728082877,-0.22873835590675812,-0.12200872498469918,-0.1483342772898555,0.12641013515790525,0.08175612874189978,0.18955325309884075
0000000000000000004a_0000000000000000004a,21,ANN,34,-2.547069709437191,8.029881200476026,0.0745487029875387,0.04660469954994681,0.15762625234638256,-0.056445258610941455,-0.04606915892077702,-0.019170907117172096,-0.07403125494719222,0.09557952823574639,-0.03210710812583391,-0.1009258882330325,0.03284890426758936,0.025101657733450897,-0.18687654069701695,0.05791618608227601,-0.08512382115475944,0.03678766085442246,-0.005188954474523349,0.10456792636316346,-0.10575480018997216,0.15104597779134718,-0.2529126806431915,0.20928602121356038,0.10415722459687447,0.21787638238686477,-0.034763100165094825,0.021881176922902913,0.09836759617341743,-0.04235475043535289,-0.21911572472126103,0.23430988081507112,-0.07853811882307705,-0.002330325440441472,-0.2222113666689282,0.03947621955356532,0.14672908609810703,-0.01679354094579006,-0.23167559988239816,0.21635479566682497,0.1808173327000927,-0.062290974059750724,0.09034534228916477,-0.12250130040482166,-0.1504742519845308,0.2798127417056788,-0.11813917723952325,0.020017640274102674,-0.08962887577176194,0.02483750593663066,-0.07586403419499284,-0.056783590021937225,0.06964380215754118,0.04679829025035615,-0.09185426419702825,0.0562516679105321,0.13220797430852385,0.16248411244543948,-0.07034036682723835,-0.04698102539747152,-0.08888707963000653,-0.06685392496098781,-0.1824655675418956,0.09123549765927129,0.13920799692425986,0.18213266390754682
0000000000000000004b_0000000000000000004b,21,ANN,2658,0.1519976255300487,5.762543549389722,-0.07803057746210358,0.09511958848958071,0.08174414598309554,0.07512968473953262,-0.12389025578805858,0.04879336505696566,0.03169238896077762,0.17920414357041,-0.16264147984988114,0.06391033835744712,0.07329481715228468,0.016922171220248926,-0.16839126237550003,0.08499255799340934,-0.07164729430626464,-0.047638122629804026,-0.013034565336189182,0.22226975849133673,0.027089193280699714,0.03908562111753622,0.12870986415191932,0.2650364318406216,-0.030390719087322104,0.0805312536794177,0.053125992809965675,-0.009040407853783143,0.06018790596543722,-0.010021427771746041,-0.2523912751042966,0.07631948006337778,-0.02031784383444577,0.07299802790441479,-0.10751391850503753,0.06631436829441933,-0.14109220595539884,0.14599892557385893,-0.1625139141656751,0.13497810213065586,0.09523750343171243,0.19745365054651376,0.10731363667791137,-0.22165076868912778,-0.15253868035359436,-0.06672562413773248,-0.18754090355361958,-0.12267442428955233,0.1936975215586758,-0.0569114211730222,-0.01757997228015267,0.08829683784872921,0.24637439614155462,0.12349010871260081,-0.2363821057421626,0.17881244378717565,0.04272904239817464,-0.014457089346604805,0.029925840295840337,0.1500637857350113,-0.14884887996715968,0.03147315279849819,-0.06160184382403129,0.07932780382841693,0.13704768872538167,0.11486928827802234
0000000000000000004c_0000000000000000004c,21,ANN,518,0.8432086044722097,6.209982319931123,0.05208391782786242,0.07133603202807351,0.04797810168052378,-0.016473497719172427,-0.04875451823548704,0.009431715452476671,0.07337041440847666,0.12441463707899691,-0.05708977390638287,-0.01347494800781995,0.11362508331366461,0.12907301765433252,-0.14257432914872356,0.16761726630238738,-0.02874095054025845,0.014743482978777056,-0.050561960873379504,0.230046952538302,-0.005342406172855988,0.10821949977659318,-0.18801191700845676,0.2558943322957164,-0.001618385563022238,0.13834025820184986,-0.021437789742287976,0.013301447765115557,0.10783437911465592,-0.09734147395047045,-0.22878150518288926,0.14878411778065753,-0.05158526791744781,0.0496354387011826,-0.2196761269425629,0.17021976994295326,0.18355589400572098,0.08541472762926047,-0.1456642010275228,0.12446997664990742,0.13840854200715788,0.1412915436444848,0.126975814173046,-0.1716608551210627,-0.11011434568527992,0.07391490353428067,-0.22835102032333868,-0.04285349115798938,0.16376178452303014,-0.06228777467531789,-0.007920683906843062,0.12965325186778473,0.17904500644985072,0.013942484253902898,-0.25690635766760334,0.142118549592598,0.12985857830148484,0.06490856650026196,-0.05348343895056693,-0.006500024493104066,-0.0302080429416069,0.045259099930380166,-0.12218110349598235,0.13714772607506168,0.1339679570821439,0.15976189733975196
0000000000000000004d_0000000000000000004d,21,ANN,61,0.3916865698391676,6.903598393340344,0.03160348163694917,0.04890426758938866,0.20490278014130756,-0.01651420323835092,-0.024988119323589256,0.056284026950542305,0.025413680740698684,0.07881357107291644,-0.11167659349178435,-0.03458846219297744,0.024452638014382827,0.03896408064993912,-0.20653846881086088,0.11627507705107114,-0.02109957708573621,0.08011647474804767,-0.029486767384549396,0.13099829195580512,-0.09962876825432837,0.13998046148706988,-0.3617060273161016,0.22762493618469568,0.09833090677608229,0.08839172827600981,0.02325763735259448,0.08421477237632431,0.15177416000151261,-0.10723946023282344,-0.26966274005584234,0.24967345472422334,-0.09743137885176567,0.06562822621816322,-0.1804622433994491,0.12113676328776446,0.09738700751917609,-0.08813255935611143,-0.11536546473298413,0.08780784187670564,0.09308601357611508,0.01611284436629036,0.10689961616276208,-0.08984488941831952,-0.11425214766073574,0.2281775609633117,-0.024019009082257087,-0.024275152684024384,-0.0704445326828899,-0.0778858068460428,-0.09508675730015564,0.09942405506078995,0.04071069765096647,-0.0074100125424647195,-0.14330427767378243,-0.014821033524306504,0.19706720618173337,0.11444778489988086,0.017108174031425453,-0.018088377105905006,-0.13596989808459545,-0.013310391337505717,-0.2228620770069519,0.05696875728755015,0.10863614877001908,0.21648369794719557
0000000000000000004e_0000000000000000004e,21,ANN,2381,0.39186144133551737,5.796543093849692,-0.06278387742510427,0.0873109735037133,0.07311094931503904,0.03908509972822455,-0.10582243349365997,0.12229868620620665,-0.010610489520313383,0.14331889602115683,-0.1863251574645554,0.06606149768584786,0.020789574519928276,0.028955567601450693,-0.1741448649689059,0.09518311133200631,-0.059499617389428404,0.03219368507670211,-0.01750236921443805,0.21623643928505512,-0.013063795932847167,0.027794950444705036,0.0707364934592888,0.2600408430124362,0.047164336528724975,0.1546852606200471,0.06772456753863765,0.040161854202362283,0.04498992649904783,-0.044228470909243825,-0.2646318210890684,0.16456333387749775,-0.048213575982228876,0.13265619255088942,-0.17663687326022798,-0.03389863459939563,-0.10182355799250795,0.1512542538076574,-0.16723521031309474,0.14576910214967553,0.10412526051670429,0.22924786625374757,0.174767582849035,-0.20648514180812114,-0.13649615266056844,-0.0029545189949718863,-0.10367502177061415,-0.06755658381642052,0.1956567281572477,-0.022535783655722473,0.00812522434672412,0.056217346702662215,0.1894849669327259,0.12590480739404816,-0.1677899286304931,0.17094446761583795,0.06320719537166346,-0.01009049438388392,0.048655495632878534,0.11009638169405005,-0.19190977656802108,0.08439541474453091,-0.05448092929721563,0.10726367802517073,0.15903214300189195,0.04087530706133277
0000000000000000004f_0000000000000000004f,21,ANN,217,-1.0402696688599915,8.713496421430486,-0.0006074941045361821,0.012022883789822017,0.21021507148083773,0.015510517932663212,-0.17351738165221808,-0.008395211341968767,-0.0015993848519799962,0.08101442727628683,-0.09758713858725017,-0.08865161750974895,-0.04673367386170149,0.05109867349849486,-0.2311340728574795,0.08394644385268334,-0.05677334311333637,0.16495179982176292,0.020308955966953462,0.13443393802808914,-0.10328278560000849,0.1643426048471254,-0.1532722083140656,0.192691006826513,0.2324845637179603,0.17265702485927953,0.10265176279240346,0.025760244641816192,0.13987473800399347,-0.09051293635733859,-0.23156439299312387,0.2683094237062314,-0.06484453870099587,0.050160643637594135,-0.20739956450638444,-0.055082111275882854,0.04491317589654452,-0.04771876112873987,-0.22432095418812684,0.15690583380727366,0.18978903895524052,-0.02964418151827456,0.07445473825203702,-0.12978460960601823,-0.17399617658575126,0.1604235166552389,-0.0811513473194464,0.1125159589452479,0.025840469014930405,0.0037671437961648794,-0.04253422558144061,-0.03629004796099333,0.13447645978062317,0.09768323774797709,-0.07617063270596026,-0.01771881428093054,0.11284422687481063,0.11170606129864973,0.008307616531748649,0.009635712602561538,-0.15553011337362269,-0.05124296397876034,-0.15084194841757068,0.09791739086526448,0.075625503838474,0.20375374944411667
00000000000000000050_00000000000000000050,21,ANN,152,-1.0276142492884757,8.714966853859147,0.010370505271251926,0.012982051437706121,0.21529856937615086,0.00876869220340354,-0.14695198203120255,0.0032291224023148946,-0.028058034359254486,0.07644549667132071,-0.10462291831077114,-0.08474999494121689,-0.02462453712135007,0.0468459499382828,-0.22973593152431251,0.10337117303061573,-0.05315607357494077,0.16617616706125168,0.00564236427285051,0.1220874562415265,-0.11626418988648088,0.1509597523219814,-0.18303000870110683,0.20052935105930916,0.20584026386612433,0.16702887553370155,0.09133976810538454,0.015460045731398843,0.1586215827920435,-0.09050850887310545,-0.2198012910014367,0.2539416014083652,-0.07718286489002202,0.07026528258362164,-0.2130795847750865,-0.02694348327566316,0.04974969141423335,-0.041986685282988274,-0.22027722131164124,0.1648928549748072,0.17958598919443935,-0.014770432424775881,0.07614399320099553,-0.11776037556405428,-0.15881260244035691,0.1672190857767255,-0.07062303972156454,0.09125073352354354,0.00820129909548957,-0.00834254031850096,-0.059779437058621133,-0.024590946801837304,0.14213602055889432,0.08154515469758591,-0.08169084764968935,-0.03571824601873769,0.10554806855662799,0.10829599951435681,0.008693822214128144,-0.007030899046925244,-0.170362815921002,-0.05617515530463988,-0.1629599951435682,0.11644994840041277,0.09253525971792222,0.209436451567211
00000000000000000051_00000000000000000051,21,ANN,23,0.22360505503774492,6.849720061777649,-0.03949785199672363,0.04483359243100475,0.12191966300586729,0.047593734851144154,0.04046336693245067,0.09506978921150724,0.01940925730906168,0.19532019457399327,-0.014255386724169617,0.021447269444862305,0.020634204235828988,0.10768032362134963,-0.1789064406666332,0.13513732176587598,0.026325660699062184,0.03427176838339765,-0.09933303244571483,0.15856376310114834,-0.09074235661869177,0.0791508282767497,-0.3446941811677782,0.23149357270614979,-0.035665212376510665,0.09359878307674302,0.01889574244019854,0.06241077846313287,0.15465356133928418,-0.13115223241896926,-0.21831870685187968,0.21081925012119082,-0.09908162412450058,0.07735352623572869,-0.2950945288601374,0.08520067532554366,0.17439713822442868,0.08202597663106159,-0.07674640188556235,0.1502432174916002,0.11598482189124582,0.08398375206860234,0.15668087524865015,-0.1189589288400782,-0.09143506678033529,0.15914414188522807,-0.08815071126489808,0.008839409591628603,0.015515102886849517,-0.09112481821373049,-0.03698911789779847,0.11541514133360076,0.051993380472393526,0.06677030573525228,-0.08393026093642911,0.09612356451532017,0.14129950019223372,0.1413155475318857,-0.06998512277886428,-0.035413804055296406,-0.12589940323955667,-0.030904501613091922,-0.22345385554051117,-0.008213563345201695,0.15948915968774544,0.13643180716446848
00000000000000000052_00000000000000000052,21,ANN,31,-0.1615690437780866,5.85448164268099,0.09832446577619026,0.0878967146630948,0.2067988738822537,-0.023492701318351464,0.007645694583968903,-0.001264029963661613,0.009161736800982196,0.09601666852699331,-0.05088067864717039,-0.09146060448214703,-0.01261053440984234,0.09360766950676537,-0.17781746474680948,0.08598380275576388,-0.12429164961367213,-0.04752316106708333,-0.015140578685617145,0.14096017660701216,-0.11780084582852746,0.1417400255484863,-0.36828713522094475,0.20812243429946295,0.04020885267452961,0.06681698106187443,-0.08305490444121984,0.012207711674169935,0.1392853865138718,-0.05099973955426569,-0.2775984422864655,0.2533953442224454,-0.10383500142625042,0.08638265679453308,-0.10624400044647836,0.1435199861095608,0.03504160930659419,-0.10080093264377223,-0.07117461026156188,-0.08440823008520291,0.004776326722972535,0.07628232317594966,0.07581600128982646,-0.10590666120970839,-0.06521362751299124,0.2921238729520904,-0.0907819573117039,-0.07249221763341639,-0.05715717279954355,-0.14067641477843504,-0.1430238989966638,0.03326164874551967,0.0720735201101313,-0.06255063189096002,-0.070591211816795,-0.05713931366347927,0.1648279197827138,0.10597214470861081,0.0005754610509605353,0.04230630898785823,-0.08680333866626976,0.13744986419615282,-0.295189691309794,0.021867519936500823,0.07439917649539256,0.0962031972814426
00000000000000000053_00000000000000000053,20,Bare_Rocks,1888,0.4521548034555677,7.947873485181524,0.07876719514658635,0.032991189829205174,0.1612242357893639,-0.0603477476068526,-0.06549707087886662,-0.02077300777406342,-0.08910855668289247,0.10523136472934135,-0.006665949862829799,-0.05717875784411468,0.0966451299695684,0.1011331039561055,-0.3221720133716497,0.10650170403821213,-0.05812484116278611,0.023756443089033533,-0.03778501098013146,0.056664614001133824,-0.26519656716126133,0.0932657256987208,-0.28706713193752076,0.165274112303612,-0.015468659381333115,0.08455209534794307,-0.003268430004105322,-0.011544484194475383,0.12435308453723792,-0.08336493786614013,-0.28235646003166964,0.2434550596576284,-0.012194560110518102,0.09697437100463312,-0.11122149890198682,0.10138199779745727,0.12054105656885548,-0.02243162668856177,-0.10597459256218271,0.039803563166709,0.16846903733244709,0.06065356218924922,-0.040376484924312006,-0.03390104197212281,-0.1009134035801093,0.22871271805498536,-0.049040655810346695,-0.0611372744511563,0.03641291810841982,0.022572087658592855,-0.18332404746544675,0.02427094533393281,0.134312552538463,0.007734541473618355,0.002940557412729145,-0.02993118683166186,0.17368394815553334,0.06939632084139734,0.034174600381860924,-0.04908728064173489,-0.08431727692738775,-0.014400654246411081,-0.22481669370972052,0.016532396275226593,0.06358789644139473,0.08148124254686916
00000000000000000054_00000000000000000054,20,Bare_Rocks,797,0.4369175055645918,7.951031368369749,0.06333724554352944,-0.004045312173630731,0.19336626150447878,-0.034526166704534504,0.02057396127442534,-0.035071850079860196,-0.07546808799047945,0.0894081756992412,-0.007658477074496479,-0.06114146812561712,0.032155338382062255,0.03475107778737737,-0.2545056456907559,0.03466725711614629,-0.016871264164878177,-0.010731284222794318,-0.038556736936908205,0.05186423328157248,-0.19977738510957807,0.07508587807893592,-0.2961413644110435,0.1628369360881853,0.08302931456244264,0.11017023179483615,0.023266488084642625,0.05343282214108363,0.10950167318138904,-0.08776672614576862,-0.24056208474976085,0.2422530857497623,-0.11515655835488423,0.09804950031283206,-0.14032830727685566,0.10115858344223361,0.15127539499574766,-0.1275813134317126,-0.17056055556279143,0.08069962474620077,0.15773012696110988,-0.04144276137399134,0.043592306211731095,-0.060119797568447965,-0.1562089284258491,0.2744020951308661,-0.03837196098209496,-0.09203409363351704,-0.05167714183860369,-0.01398192086143877,-0.14524794777802377,-0.01589914505423787,0.11587806446415501,0.07066136612836386,-0.04789031532607134,-0.03247063068591027,0.17155652420143389,0.10504389538431552,0.028076142898421905,-0.04624894295553727,-0.11566341871213512,-0.0775950954101718,-0.29725565449443486,0.012014219026848561,0.10875477388534567,0.16155284354005334
00000000000000000055_00000000000000000055,20,Bare_Rocks,513,-0.5493140099047471,5.485742156804581,0.06155916940028311,0.07550708117210876,0.06767791365294346,-0.0378164943307904,-0.09424223551745352,-0.12922221397827943,0.06891588405419113,-0.05685442621034192,-0.2416946548523472,0.10666498790014034,0.11601212009476035,0.022154681847512514,-0.2180889191666423,0.0660454331180165,-0.1661285770280286,0.011251452994911974,0.1566514603395155,0.1634101743743784,-0.11899312979788097,0.16864061131083935,-0.1066821353010875,0.20818911304918708,-0.06283767002195134,0.006154477997291488,-0.07886485404848782,0.050303759312844865,-0.016100090458535565,0.06859859718072142,-0.2129932631998639,0.04436704131639274,0.035335876964400374,0.09044762360855357,-0.11776559173147526,0.03724859159732383,0.06736974008347364,-0.027627940370812523,-0.2852406594254871,-0.02009063840343306,0.08904225620225535,0.250601950217078,0.08872628835962772,-0.039562651341926484,-0.09420398362303295,0.14645331342795878,-0.17092145546060028,-0.11489681956182692,0.084582253189469,0.10856235381053767,-0.09784354945204009,-0.018762014609765454,0.17417670366698063,0.15422240508786164,-0.05914726154957641,0.015936650546011306,0.19843284146973011,0.046526774452471005,0.09606873349806226,0.1885988669824846,-0.05498020329562849,0.14777977880752113,-0.1971500240198514,-0.07084742485458805,-0.034094189294415905,0.07143847058373856
00000000000000000056_00000000000000000056,20,Bare_Rocks,149,-0.5456873222698059,5.48665656948495,0.0853800680688119,0.10224833504924535,0.08557493375031282,-0.044071433547757784,-0.09253312484356813,-0.12185421714415465,0.06687938815478812,-0.07523590565322058,-0.21204977951175205,0.1016026360537635,0.15142425860987896,0.038564413790256165,-0.21631494340070548,0.07802430144317231,-0.16341675504258812,0.028761266317291454,0.14911931136449838,0.1335259283342235,-0.12307377905761593,0.16223228546583784,-0.10638427656889836,0.2209826370342847,-0.03928525167140151,0.02271299887240064,-0.10622698033022918,0.019408539307287576,-0.017193593584295126,0.03304211854500975,-0.23099881563363597,0.05647554244753563,0.05060025958007887,0.09005478016973335,-0.10269049849180359,0.01975037995195444,0.08597003217657635,-0.007703387184588272,-0.30944463796836014,0.0024762804187341385,0.0933534598205646,0.23371867815424632,0.076814235103174,-0.04500943106549104,-0.09305744563913204,0.1611625884726834,-0.18405806749598114,-0.10901867892834194,0.07930248820149191,0.0972454063873213,-0.08163509646522113,-0.01409803663536738,0.175075667851033,0.14560058211993834,-0.09482898936650588,0.04109519054364737,0.19818748080887835,0.045518889224330304,0.08273493158284498,0.1739027581028463,-0.044490890184208924,0.14617816069709894,-0.20421304144766209,-0.04628390216462946,-0.02575529803973171,0.0966785619366841
00000000000000000057_00000000000000000057,20,Bare_Rocks,85,-2.229338887854069,10.55221686560392,0.07252667526064631,-0.023568129904787717,0.22446027545966482,-0.056621118574303964,-0.16180708777167147,-0.03408064771467983,-0.11890666485740777,0.04690684578329597,-0.07518990433543656,-0.09529511273944408,0.058409390053599256,0.013015808399484312,-0.2654935432073637,0.05674052966053776,-0.06040681185969193,0.11564855146210731,0.04604853336951846,0.1407241558676527,-0.16131062713436004,0.12152068209059862,-0.19567134812402467,0.20276798516407715,0.1814230725738969,0.19187914150666033,0.024555985254540065,-0.018493520591627618,0.028243978560282195,-0.011853540493475334,-0.14608462808422096,0.19963290137277517,-0.0420355971685098,0.09154849944591444,-0.19383458850668292,-0.03860307121695272,-0.0029208675396340646,-0.0444230951896329,-0.24616052649433476,0.09875513942601258,0.26268991564330463,-0.006721758599633627,0.07480923626659426,-0.04918216975371459,-0.14466689282402692,0.17972236922450635,-0.024002352036546985,-0.029042947282719268,-0.02969789899812284,0.01591424112897754,-0.19286265463509508,-0.08885559852545398,0.15126272700545035,0.12343415428455116,-0.011634982020489818,-0.09969088811995383,0.11332908157495983,0.1277821652305674,0.015827396702625642,0.03468059796006058,-0.21570346246918604,-0.0565726304362575,-0.17885537236809368,0.09004102494515681,0.07068629712553991,0.14467702467376797
00000000000000000058_00000000000000000058,20,Bare_Rocks,74,-0.5600787121802806,6.543854237308137,0.020431227074825645,0.0359953032617392,0.10481374107671683,-0.0640402340056319,-0.016367925018444016,0.00998285482714547,0.010933840414809225,0.04969315336097338,0.019390463127487302,-0.04387834200982985,0.07375292247264562,0.04362313870964385,-0.31135467647578374,0.09263547284308526,0.07096397435497778,-0.04072612404792331,-0.02583455427746081,0.12668640959298397,-0.20087907977181332,0.05019109074472391,-0.21375894926067934,0.1683211238920581,0.00646986086432451,0.08938932011596368,0.06225214834211371,0.0007215520018288222,0.1595444579527624,-0.11880087700156902,-0.3049313673535127,0.19967455344617974,-0.04193730062242168,0.18434240468842544,-0.10270810602990531,0.1128638673275351,0.06809937965647303,0.009944615896172956,-0.12239201138855114,0.002507143822022707,0.1608587133846649,0.04022319897752419,0.020564232052121278,-0.1472863867327535,-0.1781925870507185,0.22330205638164116,-0.07829171732285914,-0.11480823383937568,0.10406392551721269,-0.07249270031276947,-0.19566694722404063,-0.02912559618441967,0.19270924904142897,0.04521421075054289,-0.07470889574695799,0.023493666677057642,0.2094013736920311,0.1011818739154379,0.013660442449369745,-0.0044631482693766236,-0.0824988310109417,-0.1674150274842316,-0.26985629227843766,0.10217442355850657,0.1390508847948294,0.08828454752330181
00000000000000000059_00000000000000000059,19,Beach,170,1.1711273027469478,6.100626232176854,-0.06018282561005944,0.0003582332587014027,0.15136947327950784,-0.045515887554560416,-0.1791216952755727,0.08434185946581628,0.021417282945473425,0.06199389375127209,-0.11923667367754483,0.12448280073274982,0.17660791098446296,0.026419521903340303,-0.26864418662505374,0.020888979351832968,0.02891810841983848,0.024983332202546487,0.020984146369043544,0.07507411176696742,-0.0828488590361173,0.08946893728656395,0.13482235339349116,0.37219205283035933,-0.06676382386864776,-0.03738688739625026,-0.08053988285048734,-0.15290661962593569,0.07472492480267766,-0.011764163104688223,-0.16234805617748824,0.12976909333514258,0.1554815568672682,0.1760861207227989,-0.08255286428296806,0.030791776918379768,-0.20666657620372253,0.05832399303435326,-0.13859212520071462,0.0949003324513196,0.10160182735147111,0.25591713594318927,0.06827600244249944,0.022859624126467158,-0.06658941131239113,-0.009213469932378907,-0.26412140127100436,-0.08274971164936559,0.058963746975145274,-0.11910568333446409,-0.0024587828210869142,-0.0013840830449827,0.13039328764954652,0.19747698848859033,-0.17718904493746745,0.055014496686794624,0.0820672591989506,-0.04351846574846774,0.08811886830856906,0.14012710043648366,-0.05820856231766059,0.23013483501820564,-0.050958861976162964,-0.052099056923807535,0.047903385575683514,-0.019841780310740173
0000000000000000005a_0000000000000000005a,19,Beach,180,1.1419284981401834,6.086777784464077,-0.07597761544705023,-0.036435217224144535,0.1314930155068563,-0.02863411508394203,-0.1904047161348199,0.10861292665214231,0.00476397966594042,0.04822145328719719,-0.1352707078474091,0.1561806142936477,0.16585381690802678,0.018873424751164047,-0.26909240035883636,-0.006254688367721805,0.010194369686872524,0.05746644452988163,-0.022933059934213296,0.024485966935793895,-0.07134965184330809,0.07767166474432906,0.14916621812123537,0.37140005980605745,-0.10939382288863254,-0.00961647229697977,-0.13984911786065185,-0.13418462984322266,0.055320261437908455,-0.06485061301208933,-0.13198650091845013,0.11474390191806567,0.13040967149386987,0.16692314921611343,-0.040535520526293264,0.032613097526592284,-0.16814592678029813,0.08990490836857615,-0.10541654919048225,0.060704857106241156,0.0706842667350164,0.229999743688325,0.023023965141612163,0.03973548635140326,-0.05745038233158184,-0.03445751633986924,-0.26930120893673376,-0.05464223162031693,0.022011021402024853,-0.07190465205690115,-0.0416547481737793,-0.014415993848519772,0.13641454141569478,0.21045888333546925,-0.2372232901875347,0.027308812849758626,0.06968806869152885,-0.08619898329702248,0.13921859114015972,0.140237344611047,-0.05500551070101238,0.23297876884958776,-0.011268144730659123,-0.0862058182750224,0.05085667905506424,-0.02710786449656112
0000000000000000005b_0000000000000000005b,19,Beach,117,1.0968037951714398,6.05866312788681,-0.049095121205847796,-0.00796012053220819,0.1575851496958763,-0.01639080301133352,-0.19271010163743724,0.10830232947880004,-0.007548970317136372,0.03103658356253507,-0.15648051209758243,0.15372391289346304,0.18343556225909163,0.008723534998044786,-0.25429851109205204,0.012675729584610735,-0.035343145470019696,0.06642389350578505,-0.020183164266209218,0.020800415356355354,-0.09834744690569369,0.07897817078901273,0.12002484251619197,0.34516060555276235,-0.05654051531790859,0.04392419746514321,-0.1218818534620149,-0.12725309463487083,0.07258010561355424,-0.06609791763194298,-0.20588425884850337,0.17087234692771022,0.09256978742561207,0.16380760851349083,-0.03927641242520131,0.056063644160529925,-0.14654718599355274,0.04654777748203349,-0.095425230926961,0.0893284305510372,0.10255884488871798,0.23028197570296763,0.020331430712053494,0.03352609285711934,-0.05460516500885586,-0.021205782128504113,-0.2642039715165436,-0.040416802216110125,0.024620642290769153,-0.07828783801102136,-0.010085798690181627,-0.015192578791194665,0.1514221026101072,0.1899003999119339,-0.23666531938734936,0.008738256489121524,0.09000509337302874,-0.09884797760230284,0.1613864489989057,0.15295313768208804,-0.04985906143922287,0.23151437481310605,-0.077836729463027,-0.02983730780731931,0.039643398167042876,0.01604484797103021
0000000000000000005c_0000000000000000005c,19,Beach,392,0.8411708397560853,5.776738026080196,-0.10536355718758089,0.0037870834608353054,0.14712520302238538,-0.04609734089714313,-0.17944966221782827,0.07982549882698173,0.06510227620459945,0.03710393961506167,-0.12338472643959542,0.13447904652056897,0.17071408955739154,-0.037009784305879166,-0.3068808699950568,-0.014119530165007138,0.03068474448602966,0.03902816028372128,-0.02552754435107372,0.03690872427402331,-0.04861709389638204,0.04761747836389454,0.16158118149220468,0.3592207078909995,-0.0968974256369214,-0.019259939269825554,-0.06418112342976402,-0.12391701778750713,0.06736090514637223,-0.050803223250084295,-0.14880587529129294,0.10707828229330946,0.18387166631358423,0.15280402357021236,-0.020286702916460668,0.031394989368296294,-0.17535908481039472,0.05927076713038153,-0.13143531922572949,0.08753383706423742,0.14001506484946916,0.2001922337562476,0.05695078031212481,0.03482914734521255,-0.057489034829618084,-0.026904879598898337,-0.29000933706816057,-0.06625740492275338,0.018534315687059124,-0.09217459532832739,-0.013091511114249615,0.012353647341289437,0.10951078470603925,0.22599094539776693,-0.22665725113574842,0.05350359751743832,0.1176892717871462,-0.04636191731594594,0.12078745223579625,0.1371428571428571,0.0016717275145352226,0.193978611052264,-0.01645866189613098,-0.04761104441776707,0.04038744909728593,-0.042601668118227645
0000000000000000005d_0000000000000000005d,19,Beach,11,-1.2815654077556937,5.100206502252853,0.00020691342490650015,-0.05727587291601128,0.14664569571143962,-0.06901960784313722,-0.19483974695047357,0.11440634720911534,0.02001467966865886,0.06497640767536958,-0.12876166509384498,0.15104120792702103,0.21440145398622903,0.0036852958652266164,-0.19420782216629967,0.06678270595225609,-0.05423368634441295,0.006212995001922294,0.1029869630561672,-0.05765614623746108,-0.17346055712837713,0.10672258921393868,0.020982139736464955,0.3536541889483065,-0.04223270769983566,0.01519415609381,-0.16255006815560444,-0.16528468071720662,-0.024678620111146035,0.05080563419663761,-0.09145014155394775,0.15337877040299183,0.10118625703400787,0.12413687043444827,-0.09767432106532449,0.031585054699241506,-0.04223270769983568,0.1837894516095208,-0.08301142917059867,0.040829051763307755,0.012873370382020848,0.2776722239698018,-0.01904162734612558,0.0745447555136136,-0.02088147915137532,0.10168396770472894,-0.24067945894935514,-0.0121240082485757,-0.032021250567963316,-0.019662367620845052,-0.039430988081507065,-0.05518996190276462,0.12132955856139245,0.24985634895669495,-0.1527356611093635,-0.04888749082520704,0.15553738072769213,-0.011905910314214773,0.07859914019083565,0.1561021984551396,0.003081332354688727,0.3116955017301038,-0.01034007899059798,-0.07876690783265174,0.06378525741847539,-0.05257837894516091
0000000000000000005e_0000000000000000005e,18,built-up,78,-2.5740299990467936,5.090903368406851,0.06689655852285606,0.13107069273159236,0.20873076430169854,-0.10802235826457277,-0.0952320113565788,0.01175327043839153,0.12747602007117573,-0.06153925018976918,-0.16803951143051485,0.044994923057206745,0.06809373120791803,0.09948205325367952,-0.15998738157907702,0.1196951862695807,-0.14034444345863029,0.010114453021027413,0.10855390924595074,0.1422845256755291,-0.04640503159534298,0.18764222833426983,-0.1260761640000394,0.283106891826615,0.02921401039048093,0.11868886720097788,-0.0841861611411784,0.10347105156793734,0.042624237226313304,-0.05736649612082133,-0.20452409822652035,0.1324587190331135,0.08036277960153389,0.013097132266682415,-0.1884758327664902,0.12680803241356872,0.14505505771941754,3.154605230714908e-06,-0.21348396573310063,0.0069559045337591946,0.010830548408403055,0.10030855982413074,0.06630033813424814,-0.1225524699573142,-0.11343644949181278,0.20017547491595933,-0.1933820325515827,-0.023713167519395843,0.11549088614832556,-0.007737457979672483,-0.0819937105058212,-0.01164759116316208,0.11314543715927797,-0.02189611490649548,-0.20986957678999202,0.07285087589585856,0.26816194954603256,-0.02224312148187577,0.009576592829187956,0.06376640148266444,0.03362414850304121,0.13021421741144923,-0.17784954504677683,0.06783663088161354,0.08888179102711971,0.06065044016601105
0000000000000000005f_0000000000000000005f,18,built-up,116,-1.7646357864307698,4.926346392971849,0.1278622280555224,0.003523843614524916,0.027016664678041574,-0.10034973286136628,-0.06904877434408513,-0.1872812843866417,0.09353696853995144,-0.09606915112224738,-0.30108738018533987,0.06440599769319488,0.09722414455978466,0.10192366331251902,-0.16722003473465108,-0.004167097535430663,-0.1973347121133781,-0.05053494014238551,0.22428721048933434,0.13335083323390204,0.011802357183576579,0.20264831828607033,-0.007730183351230948,0.21352424133953782,0.017623460472762444,0.08990918612204851,0.02470455660289805,0.08697291492661971,-0.04125256864070844,0.05327128823131682,-0.06894218404062094,0.04539102997520843,0.07007490487743438,0.07462487902530852,-0.24188468626125229,0.0356149491574858,0.1760924843230057,-0.0504325922390592,-0.3624924100810033,-0.036112370573652,0.12242506197881449,0.13200228029007408,0.11923848917525086,-0.12121173553938139,-0.12482997255697409,0.17445120576966416,-0.05233265720081131,-0.0956194567076323,0.06787681130599632,0.07288602526879578,-0.013346590833764181,0.008642299380874728,0.12499118376221344,0.07458987922417103,-0.18085722997785997,0.09676278354479043,0.1359153641172493,-0.13774118707658853,0.0853342878733643,-0.0012599928409497618,-0.01676755624494556,0.08358535841652412,-0.056278619629055095,0.08026939240875522,-0.06444736109453919,0.1349650664863646
00000000000000000060_00000000000000000060,18,built-up,209,-1.0775588820751691,5.965337065832245,0.10722412616420991,0.10640765697403828,0.25559900590313994,-0.07756427873710697,-0.02128000088298755,-0.1345478827613229,0.015591206179441444,-0.0584481861043507,-0.1718305620399956,-0.041158994792212744,0.06104534693134217,0.13761067237665306,-0.14653120165413006,0.05904037644704186,-0.10260168613838253,0.07369679309945196,0.13886892969027367,0.16907917271421183,-0.059105717528591284,0.10902512651556538,-0.04174353257580352,0.2630240485348844,0.12547636260621142,0.25857879468515055,-0.07344867358708186,0.06544556841406228,-0.0010469289507715944,-0.027007058382035577,-0.03713433736380374,0.06689160775483846,0.013687779267819309,0.049336048520167944,-0.09481697322892002,-0.008240628834327595,0.19457043573597932,-0.13758771469935188,-0.2754047118425192,0.0781829587074533,0.09840926106815741,-0.08114008414135891,-0.033623578711905036,-0.1767852997282973,-0.19862158279204353,0.12292217384186058,-0.037377158950642794,-0.03027911605584157,0.0153201289897702,0.218722795244376,0.013664527261322,0.0019143170918803757,0.10350027317428516,0.04192483936064336,-0.22877737491469052,0.021410388716890237,0.23421510681390484,-0.0770918803772564,0.04063273418946334,-0.10758261912514322,0.07148991278658003,0.054772014444205264,-0.1970428009837953,0.05556464296948722,0.1411332041963985,-0.0008317743083723734
00000000000000000061_00000000000000000061,18,built-up,226,-1.666167504947168,6.59390305268229,0.12764076444390005,0.014245576071830758,0.15662730127622798,-0.032094123090846575,-0.029260359358041287,-0.16590542099192615,0.07647215332428299,0.017472381282896618,-0.2794933194516745,-0.05413601984260646,-0.0459442079799124,0.014969055468795152,-0.20760374668694478,0.05193999584911177,-0.16246821338287176,-0.09246845154858746,0.176084759775852,0.2042743260760837,-0.021872594951567275,0.2017704558832035,-0.09818687843001157,0.20696137972801473,0.03979027807548488,0.12548094163919252,-0.008300687618444902,0.09594049939948213,0.04792928519663978,-0.02869121134485372,-0.1503740222446778,0.08123329012326773,-0.029893744067121877,0.06372770173486708,-0.20827632666809565,0.056709842708556564,0.19505309394276535,-0.11484241935538744,-0.29530180699730874,-0.05179600766213127,0.10499760133100608,0.02678425248287758,0.08097879304420012,-0.11933163895438442,-0.1850425125802533,0.2030913909898507,-0.08365577568872418,-0.021606121539367074,-0.015536570345646487,0.09548539874044357,-0.09240584798903073,-0.05314878892733561,0.12314827857223053,0.07997060354594723,-0.1511748034282253,-0.008307764542568714,0.1861195659940186,-0.03077509330992501,0.04057227819116537,0.022956453100067005,-0.08709788270678734,0.08040202372810998,-0.13457669446400802,0.0251900392292957,0.028734217268375297,0.11897915369514105
00000000000000000062_00000000000000000062,18,built-up,727,-0.2425694377413727,11.057837593954936,0.06923469811367648,-0.038767863592830354,0.2615424075070058,-0.06333071556966499,-0.17266181084727222,-0.06746312258484854,-0.018817944849272312,-0.0824586036372636,-0.27325441965765995,-0.01780476982982419,0.045853911864392416,0.01727423639304952,-0.2000533283410729,-0.04587244245811706,-0.1351398123777385,0.08964508941910498,0.1820694294385769,0.18298352078107719,-0.006354132126729362,0.19468529456716202,-0.025759302183532173,0.17764645594462394,0.12920816086501485,0.12524100613085537,0.036614760908274056,0.029468467053461064,-0.05173699460634912,0.029713595501042564,-0.01061176872507505,0.10852945671620319,0.06548864128546471,0.0987008805733907,-0.16074020837398798,-0.12313351070665336,0.06792528743838336,-0.13420465200401704,-0.38616547333662266,0.021783601376467707,0.1622718169448106,-0.05355866196844191,0.01964843698355356,-0.08995934798117533,-0.21305985900037389,0.12343346940415995,0.08303482894897579,0.02392477340479032,-0.06451929662012332,0.12980816287461122,-0.015626367384885806,-0.0013946175605932954,0.07793121574762005,0.1336995029422077,-0.16219938686157634,-0.06541409583764995,0.1397090844860748,-0.047544342007914596,0.11757314798508876,0.03121127362399497,-0.08702110657894246,-0.07218038559923251,-0.15741646293061548,-0.06117397445803033,-0.048670731339707944,0.038289283510151345
00000000000000000063_00000000000000000063,18,built-up,352,-2.762068014358144,10.850858246842057,0.08101394568522592,-0.031708084303239965,0.2300508545664255,-0.06989217433854109,-0.17902589912970532,-0.04552584670231725,0.017033658383139316,-0.06649348152808356,-0.2358879451959037,-0.007819020656390889,-0.004219705707594972,-0.0194269686484219,-0.23892890846178041,-0.007292824438153141,-0.14680420118136375,0.061890706371675194,0.16103072244940753,0.14378700499807762,-0.03139456852259616,0.2181895075320681,-0.06957988186361884,0.18726171752123308,0.14758799063297331,0.14163398692810453,0.01654119045122502,0.06945248331061477,-0.026412743350459577,-0.023791898220963927,-0.04676348257663132,0.11670686099751841,0.058312187620146054,0.0879098947957079,-0.17730400894760753,-0.12165321030372932,0.11193614344133372,-0.08962601796511828,-0.36951417287057425,-0.007658068575023585,0.20990632973331935,-0.07993726189227915,0.07365628604382925,-0.08752402921953091,-0.22984831009052462,0.1858589353745063,0.06461028974869801,0.06830379923805525,-0.055062912865680984,0.11080021669987067,-0.09882842263465097,-0.07845758624305334,0.09570794449687181,0.10791671035615669,-0.10357799447764843,-0.0668232497990283,0.14965502778651565,-0.0314248016497151,0.0975553108944112,0.06475603788752574,-0.16996120373283,-0.08177099716892101,-0.11187672573485719,-0.010099437279368049,-0.042460766837929424,0.06657614204327003
00000000000000000064_00000000000000000064,18,built-up,143,-2.443337629623622,10.689310078544597,0.0766603484942585,0.01845745181385317,0.3113126473680107,-0.05683537531288392,-0.1857781434252022,-0.025970430953129876,-0.0409907969769561,-0.06634780060385592,-0.18786147339780554,-0.06852447821305949,0.02104365453846421,0.035670842037623995,-0.21990509298467775,0.010356425581339064,-0.09847831522572004,0.11901221423712771,0.15300753072379367,0.19006396141344234,-0.04365357057398576,0.1557180535727248,-0.0596272009420798,0.2439758780243209,0.19532713345862132,0.18797030727826575,-0.027724678243709344,-0.028255512269353068,0.005480409632658761,-0.034045216605770194,-0.018140413988164843,0.1702557649962494,0.051482297018629164,0.062288253845347225,-0.10937073691398948,-0.13591846062434296,0.04426613755333474,-0.08564193975958678,-0.3347885025393676,0.058399055769297936,0.1630963884251081,-0.13679773513683544,-0.03256714066402643,-0.08448047147009081,-0.24394748657724435,0.10586009146562776,0.027439043079181442,0.08230379386088725,-0.06049572111855845,0.0991932634839209,-0.07689393267247935,0.016559956767569207,0.10880807005374477,0.10152351301140225,-0.1463613510672334,-0.10535721871362007,0.1530509782412896,0.008208569592652617,0.07419502450644316,-0.009695679176648018,-0.12616814942074453,-0.08140903310453479,-0.17700604662542374,-0.02408326006941919,0.035132695063490864,0.030398206176752866
00000000000000000065_00000000000000000065,18,built-up,17,-2.4469590752048704,10.688688469376283,0.07405296605378019,0.010815749598570665,0.2763208720627812,-0.03229165253183159,-0.16361489924689593,-0.01595404482438875,-0.041873487572653,-0.0699314743198317,-0.16437478797747468,-0.11806137910758302,0.020940362304091163,0.006205757966392982,-0.24464074903317728,0.00862654635095097,-0.07410724382025008,0.10081914195897504,0.14403871814008185,0.17830969988918288,-0.07378157722143064,0.17207861229843718,-0.09384987674423861,0.20134880249677722,0.2228247054300382,0.17626885586991425,-0.012248682633376253,0.02200058800913672,0.03319628197299678,-0.05627156975823774,-0.07447633263224547,0.17438722663229073,0.04582129045389779,0.08144559784698188,-0.11746432367641402,-0.11049505846167762,0.025611868738268047,-0.08580953027116264,-0.3533048375059366,0.06579550851482457,0.21150960037994435,-0.1234348779881041,0.05642716602211815,-0.10434719677951915,-0.24420290838365333,0.14567428816970845,0.030286993690209603,0.03447361874392196,-0.04735192346834922,0.08881651853359565,-0.11489517606350497,-0.031723545242779885,0.10398896352081777,0.05905420991926178,-0.138129678630391,-0.04573806454531058,0.1602605332790555,0.03821516611258109,0.050445756157134085,0.006104439468982494,-0.1623122328516181,-0.0962959947531492,-0.1542212271298369,0.00642648755003729,0.05526924033742674,0.11311486532329193
00000000000000000066_00000000000000000066,18,built-up,154,-1.0651800885516225,9.431739123199108,0.051345286777812686,-0.06133025759323334,0.15596319098049197,-0.0506750151040808,-0.1719107036754095,-0.04689664814232283,0.014489531998182483,-0.07807466658677728,-0.2404805344597732,0.035988955296913754,0.07992370566765027,-0.03280776125066778,-0.2740464456727432,0.012500287102363198,-0.13840550837090626,0.05582508226106838,0.15793446077183096,0.16635360026363485,-0.09833540546343311,0.17865296564258498,-0.034699141688761016,0.22068395272547517,0.10308762364125683,0.09089051663446124,0.02354778631595239,0.04392835922247684,0.0011280376678300527,0.010685200996619666,-0.1487943198669842,0.15112549119469532,0.05060591081352323,0.09947942100191233,-0.1774550247906649,-0.09426264623496454,0.032317640068505085,-0.016308213124822113,-0.37303574549249285,0.0030737428661304013,0.24275059043225133,0.05897432056601604,0.1028886991516749,-0.08066308163193972,-0.2022730518232248,0.20276397189891998,-0.026452962646734236,-0.020895060341427088,-0.008403161621154679,0.09541425126200209,-0.08193492013561214,-0.08055003819709698,0.135606185433175,0.1454641321769349,-0.06901082001428019,0.008709537290852158,0.12825836216839676,0.029913769429340313,0.06077822216230516,0.11986518671639776,-0.1562675694163583,-0.04799872177034802,-0.09526765429879613,0.013015173984032095,-0.013963061160292969,0.12105394029269459
00000000000000000067_00000000000000000067,18,built-up,37,-0.7721207263740046,8.460116600201069,0.04583185261385949,0.017106102642434805,0.14522480958467113,-0.07797250537734964,-0.14202271475627873,-0.037198167025156596,0.015639722767750438,-0.04199632158109663,-0.3448985317497428,0.06976776084042516,0.022228456830532928,0.004838056049128714,-0.23312779907935618,-0.026748963496368294,-0.21168240905265126,0.04713862651578909,0.20292070617330132,0.15731828714527674,-0.05034570903083011,0.22042416118540684,-0.0481212007855606,0.22223136631441126,0.12484678450076372,0.15480449307438923,0.08514812390244912,0.07224165341812397,-0.024171992061265395,0.00853559441794736,-0.08527946631752858,0.08347891143738892,0.0682215779793634,0.1413842908652597,-0.14985172023234303,-0.046513503122499626,0.12013840830449825,-0.0542793312343485,-0.3458661429595685,0.00046551742053469917,0.20026393175182103,-0.0002942735122665977,0.11832122780219663,-0.10770410548957259,-0.18946226503319927,0.16702765048785806,0.035680247721770156,0.06263703149516293,0.02374471357170316,0.10575558257219153,-0.030722487193075396,-0.04126811933040305,0.068005444891258,0.11012645863856933,-0.11943181936261517,0.030296871265729358,0.1177476438376092,-0.07701486954082105,0.12796741378056256,0.021009798726061676,-0.0842835915500275,-0.031404137701715525,-0.1014744848654883,-0.016013799266394405,0.028670885418290208,0.08052952606585821
00000000000000000068_00000000000000000068,18,built-up,281,-1.4685419606697108,8.794651169766707,0.07924266741097384,-0.03895550712085821,0.2531776308318317,-0.028251712659105886,-0.15482093528221416,-0.06879697242095495,-0.002500434407242759,-0.06904784773444647,-0.21542483660130715,-0.05416389261726597,0.055276412986518975,0.006394255699628244,-0.24009577482517674,-0.0011589301131100713,-0.11173452313030435,0.054204829513970085,0.1807024672963177,0.18533534186823844,-0.01620685173099312,0.16087609337224523,-0.029997769814785132,0.26653816421551524,0.14243763348616256,0.1338866381804972,-0.017745378522632246,0.04797344574561382,0.030941069750068724,-0.017624100229722734,-0.10989586540079709,0.17761468693261964,0.05921314140058364,0.09136042666316402,-0.15090872522339474,-0.07336220260206514,0.07263103022243014,-0.0462241048816428,-0.39919209830328056,0.03828234692104456,0.1631871672679957,-0.00597503560771179,0.04211049404759458,-0.10063252430970292,-0.21493271818531334,0.16960769263395817,0.004934318993105575,0.03293646982203665,0.013402345935932097,0.10899722389828163,-0.02013372902018246,-0.023333155465800837,0.13148559067755214,0.09885012744892804,-0.22087053843238502,-0.019104395927654404,0.11807908537778376,-0.029813882150445784,0.053835740701974694,0.02304791067218875,-0.09465792652976336,-0.004535676806484222,-0.1365865031379937,0.03814946619217077,0.005292243196908928,0.08142764690832019
00000000000000000069_00000000000000000069,18,built-up,889,-2.6945346687439438,7.948659776453679,0.11107137559362171,0.03237076334316339,0.12531803766743685,-0.08679870033546841,-0.08470096947224152,-0.07405461860520027,0.057227310254038266,-0.04742611325833402,-0.2731580351763988,-0.012316176740883157,0.0012459342236199747,0.0065771709332181115,-0.24411522954094406,-0.0009745494615941152,-0.181247793852758,-0.04479426230890684,0.1876157867809776,0.16931641330300837,-0.04893616671618466,0.20609845914589395,-0.054897982042902034,0.1853032038815217,0.10055269042926725,0.16799796219244217,0.0019251572792155266,0.08544696618804998,-0.019404910026385083,-0.041461668502509805,-0.12715773850068046,0.08462561556968005,-0.0122833780725506,0.07053187555707782,-0.17610366178276154,-0.013044251821463472,0.21656227227651906,-0.05587661403916202,-0.3054625784233718,-0.06317424854765123,0.1821916205111039,-0.0007519475290502225,0.06837775035905974,-0.13445219001604033,-0.2541777779507665,0.20064446961430857,-0.0783666055583882,-0.012474357660309741,-0.005846189641519717,0.09936204341239348,-0.10272778186463713,-0.12277904708278244,0.131041612877975,0.10030400179216349,-0.09583438748357144,0.05876483432650499,0.15429898252337831,-0.034823190353800895,0.06982310602178184,0.053610253735584056,-0.12834298826833493,-0.05535910087363643,-0.11336112397714988,0.018566744900831995,0.033486125652978455,0.07905517000686328
0000000000000000006a_0000000000000000006a,18,built-up,84,-0.21630706642379613,9.912403600764343,0.07317405393529956,-0.07511909338898955,0.18928543966606248,-0.0040380073598066625,-0.12730561505648008,-0.05294740118269526,-0.002585818641181958,-0.03409018509364527,-0.23229014481609636,-0.013689972721114578,-0.010800973984364979,-0.05965690851503996,-0.254368100181249,0.010095018399516657,-0.1343929990296772,0.04053825451749322,0.1093432928727046,0.17158821698614085,-0.04785192508375894,0.22078687684224016,-0.10968162428370039,0.2051650464107211,0.11246663371230843,0.09968620127789674,0.008655279105106085,0.10646234964574061,0.03916442393951041,-0.037485216308745684,-0.16035663938778122,0.12345215210267109,0.009620475641236867,0.08471906409622669,-0.1874648944545138,-0.05670346570000545,0.1255341352227165,-0.052498489591915165,-0.3504739935189762,0.055311327145237135,0.17282363925962538,-0.03071199721718752,0.07015104080848023,-0.10105856721773675,-0.20785119276468755,0.20346167225059958,0.017489976382709927,0.0482232108529686,-0.05177056443492426,0.129814540195163,-0.1156866406693396,-0.05830285055198547,0.15289723732630303,0.13564599696087581,-0.1043576646344812,-0.037048021823108276,0.1584445542923051,0.02629611321652841,0.07438018344592734,0.09422163636696505,-0.1745892605408176,-0.04754142179747712,-0.1108064663774006,0.003613262298383404,-0.019061533109975982,0.14897127478442357
0000000000000000006b_0000000000000000006b,18,built-up,114,-1.080509225229067,10.871738261208069,0.055029846820048925,-0.037744187458265015,0.2548957553437612,-0.0422606689734717,-0.17654046689195108,-0.061550415831967416,0.005408985747721854,-0.04863176780860259,-0.20664872484941688,-0.040249566630917895,-0.004514862704627761,-0.035348347801452844,-0.2346244696709093,0.0017477758217149888,-0.11525337758082245,0.08821384487747623,0.14873145956008818,0.1847138415049542,-0.028158130813384835,0.18500252939152953,-0.05708141942707592,0.23553424121626632,0.14581328368980886,0.13842611141463806,0.020578859682848,0.038555751161833816,0.013328746703359696,-0.0092428688021476,-0.13782823070748765,0.13413626338048115,0.0672108568229493,0.07928880255232465,-0.15079922027290446,-0.08366444754716468,0.039325765393876805,-0.0707306906250632,-0.3536318689842638,0.05927382855446956,0.1858356772361507,-0.04945736120385546,0.09140020370033114,-0.10620530565167241,-0.2207777035822929,0.19277066175627455,0.007063949762911701,0.07006589908065045,-0.030866400911929916,0.11287858246153636,-0.07938323316942873,-0.06570212536338922,0.11528413498182208,0.12460254827765296,-0.12514862704627772,-0.03192186540939041,0.1394961452073089,0.01840101985066469,0.0493014157847521,0.08777406800353436,-0.1460636597260163,-0.0638523644752018,-0.14305375125626443,0.019913528534908947,-0.008311513115738184,0.10968197117168157
0000000000000000006c_0000000000000000006c,18,built-up,158,0.05725158570562038,5.688512985695501,0.03206595321176369,0.026368047343037458,-0.03828167355301511,-0.06861275361472458,-0.08290560105898896,-0.03059855265014913,0.03609400474014371,-0.0012999868599710836,-0.31588395894470966,0.07389290389772188,0.1221594420841059,0.07013310362616128,-0.186245017739039,-0.031611210877997224,-0.18525610889677288,-0.03444322777510106,0.1961527942028139,0.1804595116775923,-0.010121520934012695,0.20747580044676095,0.07956939638600534,0.2329530511633792,0.020071734824483232,0.050099523552285107,0.07692737457355736,0.10463512086393255,-0.04144812851921603,0.04082052180514792,-0.12334963670253406,0.1131093688406114,0.014296351451973166,0.12874230456640334,-0.2750443597642581,-0.028023106984168655,0.11525576822935675,-0.002800870161914362,-0.3075751779987249,-0.02356834518369269,0.12479017320504768,0.24308936679660692,0.15206692654723836,-0.14795828284155554,-0.14683271769864556,0.10931180315263357,-0.05596250711751562,-0.12564670842275852,0.08274597404114285,0.05409759634804525,0.01275614539685316,-0.02091075000364999,0.10844903858788486,0.15808019310975813,-0.09636877734464346,0.1799323531845103,0.07556197956968834,-0.10982961762515873,0.1180827237819923,0.06315156293343842,-0.10379610568476581,0.067749599715786,0.0030699000871135243,0.006258547102136947,-0.02560417366251535,0.1201131015821568
0000000000000000006d_0000000000000000006d,17,Closed_Forest,2206,-1.7537321646276496,5.382498990741197,0.08824719413657411,-0.005947611334367169,-0.01840104039767115,0.09467816792690444,0.03995219078511887,-0.10809790362378927,-0.12901770467666557,0.09995840221854832,-0.01996052149549843,0.03987776512485781,0.12721986069239702,0.1011378356117303,-0.174869627868213,0.014284818970874911,-0.19513482331051274,-0.06270630969398404,-0.015282468595138968,-0.02061451363116842,-0.2648480481912424,0.07340241200207881,-0.02468268881868783,-0.03559576604716156,0.21388060872047607,0.10575919785367435,0.04747481528653981,-0.002365364043329451,0.1826672843243567,-0.05200747463403255,-0.1828020814924729,0.04685657200679141,0.08507159705295017,-0.021152335927704755,-0.18377722774175353,0.015032282374133933,0.13664021404697194,-0.07925487895547528,-0.22163448537646618,-0.06960533695283525,-0.12894668101361387,-0.06461179063913974,0.11090675425415217,-0.07476031082263845,0.029992118938841756,0.17131557253765634,0.07085883349837896,-0.12500125657786265,0.030772040741705076,0.13916998936527306,-0.08435491893591379,-0.0102796365021752,0.18122347113164855,-0.09072395964589947,0.0205278184727751,0.02600483878332586,0.2127017888022007,0.09451392396327095,0.06626072753244006,0.0010930170870189653,0.15741927837922715,0.22843178734171213,-0.09413920233622396,-0.11186447223904046,0.27301127992128,0.13381513421680688
0000000000000000006e_0000000000000000006e,17,Closed_Forest,595,-2.587958988917663,5.24568980999509,0.08638197978153196,-0.02430620414255664,0.01661189135400411,0.016013181743285525,-0.04627867109935088,-0.11845238579861006,-0.0939069459386984,0.05775981442173174,-0.06920839108423066,0.11534852464630602,0.1037482803963569,0.12293066338415408,-0.1609222050988792,-0.021847886559468045,-0.1798701081355264,-0.0712859372122551,-0.02452796758841942,-0.006803743873558644,-0.20198886659623477,0.09111582810748287,0.007305477208184293,2.8637983451749877e-05,0.33807666734513875,0.18478498573593216,0.0774158096918121,0.009274571189490773,0.2063374978595821,-0.07119909278590325,-0.16578528620213942,0.04323766876993008,0.17136576429879907,-0.06336624246007512,-0.20872034350072208,-0.02464014163912391,0.12961344537815123,-0.08871282215308265,-0.18315396470006687,-0.07085429973604201,-0.16371528726830983,-0.03273600651333195,0.09794727948849664,-0.022879474281061876,0.05274248107547513,0.15292042168655232,0.1152423469964687,-0.13844066438570812,-0.00947493368743113,0.04384206462285027,-0.060478044966544825,-0.011609238851249815,0.21395592516129866,-0.07004685334341344,0.03255807882553248,0.02912389869442585,0.14664932362795172,0.06364290398973887,0.10541197147832602,-0.015284929196592106,0.15982806871306765,0.21567627189284014,-0.09622300408052491,-0.15776985580852868,0.1898315773829716,0.17567024964541753
0000000000000000006f_0000000000000000006f,17,Closed_Forest,184,-2.7424035435803917,5.466844393449151,0.09359911739631911,-0.007283820604115468,0.04284806846864916,0.030338498570783766,-0.002594319910402344,-0.14692041522491345,-0.08238236129916583,0.07571602895207526,-0.06118616585594165,0.12106413921067145,0.0895381375056416,0.18951339785701146,-0.10106848536516053,-0.05225281246343375,-0.14928840078230776,-0.13162295438209382,-0.026711131170285635,0.005455761162094844,-0.23029938318038212,0.09152733898333414,-0.020836467579359107,-0.00706116376644434,0.2826916069070424,0.23271250188054762,0.05013656954682979,0.0032689768149373913,0.15281246343379634,-0.06220416896511371,-0.10189057720274806,-0.0021770890794510444,0.16650853350717948,-0.08879494508800959,-0.2071918827206927,-0.01220500476405394,0.1870441134680641,-0.08202196479614861,-0.1277986727512829,-0.09872122762148333,-0.1634080537585878,-0.009957039934473347,0.12267789980442301,-0.01040937432091334,0.06362001236982427,0.1458639653644919,0.09137589221536864,-0.14132022800595087,0.015998528993865214,0.027801347307891595,-0.01690988415826687,-0.04915667886933115,0.1878735603363255,-0.06155960082242612,0.019640940775287063,0.019246109355933315,0.14577436771810168,0.05319158183307418,0.07720441970479577,-0.042799257810541044,0.1696113534928037,0.29718402621065476,-0.15564214432576096,-0.12393326981261385,0.2193591093726493,0.14421309529779514
00000000000000000070_00000000000000000070,17,Closed_Forest,2647,-0.5814415817263415,6.220969219895267,0.20788191807312492,-0.02917254079865533,0.09861515295837363,0.04186029987303998,0.0944678654442139,-0.15662763166705082,-0.1080009359685117,0.016112323193238694,-0.044796208252703314,0.13001505480078204,0.10576855520536618,0.07117571675884733,-0.23473179287789547,-0.026049322519440116,-0.166723170464064,-0.140954603638977,-0.07423284206606184,0.009292941440819224,-0.19989354592774536,0.03593730986324021,-0.08412254912854268,0.029487574669415286,0.3409261178933969,0.11720394077021608,-0.023645132564311125,-0.025650138630531626,0.14449766567071132,-0.06711518208029892,-0.1288062784837484,0.07414813430131414,0.08672127644957103,-0.061846591507407456,-0.1524818082377139,-0.04110859689401954,0.1448054953145654,-0.13644733717394153,-0.17860814626672164,-0.11920046444024097,-0.1160701581313281,-0.11796600854020427,0.11067045062875032,-0.0463506247851259,-0.12024577452483691,0.26475382822595767,0.02670922970401517,-0.14601190120855262,-0.11276267431941475,0.08122459075706398,-0.12851404250522921,-0.04881028728742987,0.1726457189244728,-0.041445661755446374,0.07090925332109772,-0.024522305288701376,0.10858141074158943,0.016239071107898222,0.0477183821223623,0.01362519167092599,0.030721193949553225,0.057293682779007246,-0.21379403202424102,-0.12412016127591503,0.18655587262868728,0.16222636174776284
00000000000000000071_00000000000000000071,17,Closed_Forest,1499,-0.8059967898313615,6.366609186547467,0.07517568421238915,-0.09304263588259143,0.0292467796677985,0.06781491903227035,-0.010852951051053092,-0.11181129852299325,-0.09933770533681428,0.0908140272420496,-0.12480224801924848,0.10626351695696654,0.10111088284154061,0.07433503663470119,-0.18990706863655607,0.013701098694785347,-0.17249201890072038,-0.08961221103701324,-0.05060193659799852,-0.0055629243024761625,-0.19513077922767427,0.12231551522622153,-0.027900840724522473,0.029504985894735897,0.3361385457792059,0.2145838196885839,0.03366620166359782,0.006390809302831379,0.19583345965104504,-0.04273694702017154,-0.15918512380033437,0.0393961474765055,0.0782273354606005,-0.05059397537612538,-0.24214146609081177,0.02135343336670171,0.19048068698368434,-0.09283067860952537,-0.16317857938869407,-0.028882081839001185,-0.08919908928135863,-0.10447979288511958,0.07731659630064791,0.01423589582597547,0.03243135049151051,0.19249614827160177,0.07628927038120245,-0.12400838287937183,-0.02738574146188446,-0.006630220480191968,-0.1110701251814935,0.004651487509679004,0.1444919501633666,-0.033308931572733694,0.042959163599775176,-0.02078092302467951,0.16974469972163933,0.13604570931434742,0.006180534556037474,-0.03758496950036403,0.10809628051406305,0.21812783557614596,-0.10554684283947849,-0.16859582153833683,0.28635493250786953,0.12335757350985493
00000000000000000072_00000000000000000072,17,Closed_Forest,380,-2.6011111697201392,7.050346891718542,0.09904692527165662,-0.048509925332362,0.0011506505595014083,0.05515514275885789,0.009313826665857235,-0.10472895040369086,-0.08677666484550473,0.1377363362269572,-0.12327161618001171,0.018035330540885054,0.0969280641048989,0.0693977619943746,-0.2154947692183168,-0.0005682025132034232,-0.15712936320038848,-0.08149335275906024,-0.038562334324854765,-0.03669714077581494,-0.1704272445820433,0.15971298488435617,-0.0914581031587041,0.06563564620894793,0.32329298447965354,0.1511865476840891,-0.010681883486108565,0.023685303223456536,0.23031158056617898,-0.02850822558125413,-0.19929306542018252,0.13200137598899206,0.004841214917339473,-0.03915595216414735,-0.173537465347336,0.02523369554220035,0.21266945911491528,-0.11026706327525847,-0.18655027418604178,-0.03544822841417266,-0.10044557761184966,-0.11803006940650354,0.07839608247839895,-0.016655132641291783,0.0010710050790181873,0.2611960581962403,-0.02299390922519675,-0.13726671927801046,-0.06453485501527749,-0.05154568081102407,-0.07899682308423882,0.0003524150630324349,0.1212898682692891,-0.0500605839859163,0.021730751330459906,0.0027997328962544744,0.11724915518322909,0.13617175580242413,-0.04878900827616904,-0.040358728424290204,0.07712499241182538,0.2051220785527833,-0.14718986624577587,-0.20193334547441266,0.25177004795726343,0.12082640280054228
00000000000000000073_00000000000000000073,17,Closed_Forest,1016,-3.0356066203577408,5.986807323933291,0.0905716456723186,-0.03243858358535629,0.03451155975745244,0.047468175474605426,0.04589736836528647,-0.10656882422569147,-0.10400657530265461,0.08361175441305127,-0.06765629209843575,0.0931444296106585,0.07073300093543668,0.15880391248671766,-0.1304228839907122,0.008242196369052473,-0.21560835172420054,-0.12439509940150212,-0.07906177817738176,0.0056390788521677,-0.21343396089329664,0.1590926566705113,-0.008405670744444144,0.017569983682835476,0.24073139646471525,0.17997523665943138,0.0021490220296857348,-0.03927102537788309,0.1984562569817181,-0.046251381207106854,-0.18761451531361345,0.01430158600417161,0.14052481329107216,-0.10168723719223675,-0.24802150596227374,-0.0022384485676314645,0.15199114816530282,-0.010914033669666715,-0.13652344495000404,-0.14334747083950142,-0.15466788969717885,-0.06196484090007777,0.050527689229157735,-0.010286292068162749,0.09648166816518175,0.17235920769419388,0.0202056144366037,-0.08434327196989645,-0.047254568957426996,-0.01291865333442315,-0.15130237613031933,-0.04202042218771092,0.1528488437215244,-0.08317134233653316,0.073837742600514,-0.03956988075452503,0.1678092314585244,0.1430193717134839,0.024659504067181873,-0.02686562103612477,0.14035268082839125,0.2464007483493629,-0.10537521910107253,-0.13678585159554016,0.2660084703944879,0.06077280997314778
00000000000000000074_00000000000000000074,17,Closed_Forest,113,-1.5884306968468371,5.98444125223473,0.03961662124506227,-0.011684001728402602,0.03460996961685937,0.07985927808569199,0.008914746880879676,-0.08891828534294158,-0.08343149163187742,0.1331964220704766,-0.0958362508633507,0.03150592182040259,0.08405970474255985,0.08049565687805571,-0.1291086818208109,-0.023201423550506396,-0.0971547362654935,-0.04209300030961539,0.00016875742141381534,0.010882131787297586,-0.23224505210725624,0.12100723683539003,-0.08413591777158543,0.04992116714810161,0.2658402996805177,0.16346769282066456,0.0015503907618921264,0.07676448472847403,0.2363687213563197,-0.0661861162997213,-0.16895285339539248,0.11241802846420536,0.041371698427766,-0.08386862779121708,-0.1760738722002769,0.06643598615916951,0.19318478597408076,-0.09950318631703937,-0.1231390241329917,-0.019956381650352264,-0.16141592920353978,-0.11674257348262919,0.09528806143314515,-0.023146985672630974,0.041267177702245174,0.223648222433169,0.06090945279725629,-0.1494651818735476,-0.06022353553602593,0.05729695522144305,-0.10035568348456854,-0.039248621190624396,0.10175201505207321,-0.10032519827295829,0.005368119137295711,0.04788410175800318,0.20896741552772416,0.12630023170121768,0.04701962825734141,-0.04310663359565581,0.16090094687883824,0.22724275550928333,-0.16699308979187716,-0.19706566228781985,0.28779781772157065,0.17206778876742435
00000000000000000075_00000000000000000075,16,Mango,98,0.214981946535311,6.314783923121156,0.10020698475468616,0.06118337531090863,0.1478840948143963,0.025796043907759133,0.037393467190797836,-0.019849822281853877,0.028096571962118132,0.15810873368955422,-0.10663904777597312,0.016288240786510654,-0.004550212241759436,0.2096524884463589,-0.1191447559415923,0.12311936539321607,-0.07733038313364557,0.008070993103123562,0.03994382066552106,-0.051271959764297846,-0.09383643653539843,0.20557681896287927,-0.1611254697957614,0.2683482804886661,0.1284711531671492,0.1669078611836891,-0.09946629632245052,0.1873339139577399,0.11678773470172378,0.026961058933377243,-0.1564446955252689,0.2307639918712583,-0.05327809555194622,-0.08252398998815208,-0.042475970780469004,0.1043115285329818,0.11529945311457913,-0.029264725498042307,-0.15790159200935272,0.06732669538403592,0.15680060259397874,-0.060479721300284776,0.13500615932647564,-0.11290539745309887,-0.06892043091746498,0.2000204003169895,-0.11733383549498229,-0.17332611475962928,0.024509882384326255,0.021383926119467343,-0.07595320481133626,0.04442373027642426,0.0506373529804078,-0.08714513256282902,-0.19263046395028596,0.09036587183893162,0.2019656490046999,0.04856719158251531,-0.027124261469293552,-0.01731453365659984,-0.20408414346130607,0.1463336707231912,-0.26360285290586827,0.027469497602962738,0.0788588376527081,0.17282332540859474
00000000000000000076_00000000000000000076,16,Mango,177,-0.5035127353151679,5.5602629157605925,0.13585630906843738,0.1307297280272472,-0.041804347306663846,-0.03931768963262713,-0.07624638068365705,-0.07121572102863519,0.03091031915147798,0.19189837893726225,-0.11656081863342431,-0.051210898893732704,0.062461156834507335,0.1271017448743095,-0.06517267370003277,0.030334095751959764,-0.04471465776961051,0.03353703595097057,0.06331228536612381,0.02361438560136581,-0.09039652284975137,0.2627012209558688,-0.24896673812983705,0.1887423568075729,0.14198554662808957,0.07844770698796852,-0.06389267926069282,0.10013532387586692,0.19590830992860198,-0.03290972398708011,-0.21303271014842182,0.3049559817280185,-0.04660458711012926,-0.01723387571490321,-0.01872830310810484,0.09367175162964263,0.20735249588923857,-0.029345688424921263,-0.10585446275552425,-0.010377581851395685,0.028954009431400744,0.057279664275148356,0.13399765844079958,-0.14149794624840076,-0.06750815092847814,0.24478373159388933,-0.13782374010865006,-0.16115418450530758,0.06848543693538117,-0.02729449994243845,0.06728190157197249,0.07486837961062343,0.052119371732297616,-0.14370830862532225,-0.15345197522899706,0.1397936039376424,0.14519926060598157,-0.01432426033446498,0.021045360650075867,-0.05624538150255112,-0.03992727699255172,0.2284673647901611,-0.18805735299547977,-0.02114475744878652,0.03385885915239028,0.18835380568534046
00000000000000000077_00000000000000000077,16,Mango,159,-0.5026610230492475,5.562547359643814,0.14237929775437116,0.12375617505603793,0.10802502182276286,-0.02462719950478645,-0.04104314015654352,-0.07407813637231926,0.016605901455415017,0.14215954676358145,-0.12511336955549265,-0.04840944097456464,0.029332114643859725,0.1581936313802867,-0.13746314310654584,0.05594016815013089,-0.06112211316885857,0.059046472208318476,0.0804114527794099,0.08287436617266215,-0.059450380719558715,0.2318458067651774,-0.28737239426538896,0.227511141094741,0.15215280044685278,0.12458527078361248,-0.009028361128641816,0.05990613189411906,0.1353902103448359,-0.05034889822250266,-0.2385277070502637,0.2983746454556665,-0.13289828053554628,-0.004622121631979942,-0.14349120681692332,0.07814778544294763,0.13978987278719598,-0.07634180370878153,-0.10599696778452408,-0.014186319243445279,0.0824406674742902,0.0627168553942726,0.12931069085668548,-0.08747172712962355,-0.1063269811562558,0.24659697890748355,-0.10513962941200648,-0.09983891053029915,0.040006286890141386,-0.048183112929473144,-0.010118217715005567,0.06342408217449018,0.08185530964142959,-0.05148440730343188,-0.12347684369098483,0.011034362690692225,0.17392285018582593,0.016480550538133572,0.0337507344780309,-0.010498139322321572,-0.16672639212301021,0.09717984616463428,-0.23970306534255087,0.03588131318626842,0.01019288662560841,0.24087610232155507
00000000000000000078_00000000000000000078,16,Mango,234,-0.5213175797890799,5.564458037376339,0.15565716013236194,0.21372687033586688,0.04314895322969135,-0.05412435059493878,-0.04845105597124046,-0.07151700365079831,0.0646433817368073,0.19998856455603858,-0.11666045603761865,-0.0726484553935534,0.002283671303279138,0.1923507395249033,-0.0291687943821738,0.005330757072394886,-0.07831044601517492,0.06746412458061819,0.0717943460273333,0.06910583371944383,0.002860964060502694,0.21187511706542847,-0.28804568919909174,0.19153238235129813,0.10677392324451146,0.1225732377750832,-0.08913442232934732,0.136267116197912,0.12629356887719054,-0.0006359158377612957,-0.19322246210366162,0.23490478678483293,-0.10650841063759169,-0.04187554425155343,-0.01563106891826614,0.08189880946513008,0.20799994742324615,-0.04434770321736868,-0.03959423890219732,-0.05526290019946301,-0.03975354646634918,0.11264070032236119,0.1670508055744503,-0.12119230933533122,-0.033806064071346606,0.1369711189319032,-0.11539099031601911,-0.16922143685696162,-0.04134110154871396,-0.012115524272387004,0.06879747105813999,0.07649602223996683,0.006990868075066441,-0.12371389044976124,-0.14176322716115103,0.15851365516878776,0.1050486170670715,-0.017813792854161906,0.10168843672880579,-0.053648268088867815,-0.1273140836693316,0.2024260228643158,-0.25418573395505345,-0.006180923182076574,-0.004301567115869295,0.20689872731395223
00000000000000000079_00000000000000000079,16,Mango,662,0.007133654060225378,6.084308209032944,0.1417330773314005,0.09270262076751792,0.0691813861970355,0.04382660166726481,-0.04737466765629297,-0.036510150058483154,0.02372947425519579,0.1947766778057707,-0.12687539419535362,-0.07178935361835033,0.01883551643511496,0.12786957375213573,-0.13634635063669442,0.12102609849105209,-0.06560051850845186,0.05517004266311698,0.017029006970361107,0.11669515907778902,-0.01754407728377763,0.20503041474868483,-0.31753150949379216,0.22484282712551878,0.12802744935424554,0.14495284755688898,-0.05877739331026524,0.11866112382990039,0.15922548961531174,-0.03531516462991803,-0.17999519125226057,0.28478770075650656,-0.11805136532428265,-0.039134100177598385,-0.1157649103122085,0.04204285825461036,0.14643849507103354,-0.02607261209086438,-0.10659019131614494,0.06770187157855852,0.06687894848716096,0.1172855896697877,0.13194348908332953,-0.09480350922431643,-0.06245425010831294,0.1392664452784253,-0.17225687075967755,-0.13947143266998166,-0.05722716454628763,-0.04490915067525732,0.04018486963531335,0.17001139464138235,0.003670909747703354,-0.07545124986787555,-0.17560050689311912,0.10289855981489802,0.10419325125939244,0.0685273035818201,0.019672749616403605,-0.08567729585762386,-0.15537180099218167,0.1610543934415185,-0.22065108585937782,0.04794158881489917,0.030403179813480948,0.19134745990096766
0000000000000000007a_0000000000000000007a,16,Mango,120,0.020186151087156292,6.083221114197795,0.1873330770216583,0.1076380879149045,0.10171318723567854,0.001683967704728956,-0.06180392156862742,-0.09413046264257334,0.030679994873766457,0.16710495963091115,-0.12223913879277198,-0.034631295655517064,0.022273997180571527,0.16496732026143784,-0.16132974496988334,0.0872305523516596,-0.0717893118031526,0.03344969883378183,0.018239138792771965,0.07136280917595793,-0.03284121491733945,0.22942816865308213,-0.27967397154940404,0.216637190824042,0.17194361143150066,0.13849596309111875,-0.05751992823273096,0.10589465590157629,0.13531769832115847,-0.008359861591695494,-0.133996667948225,0.316481353325644,-0.08492118415993845,-0.08718544149686012,-0.07698013584518772,0.02737870049980772,0.13838831218762013,-0.029392285018582556,-0.09695963091118796,0.060865308214789145,0.10421683967704727,0.07344149686018195,0.0847320261437908,-0.0718774830193515,-0.070636421889017,0.18975778546712802,-0.1566535947712418,-0.17407561194412402,-0.0865969498910675,-0.04128002050493395,0.06947584262463152,0.16546610278098164,0.024772010765090297,-0.08553787004998074,-0.17208817121619885,0.0674930155068563,0.10623657567602202,0.049640907343329446,-0.004453671664744322,-0.08561425092912978,-0.15470665128796612,0.17590618992695112,-0.20038549275919515,0.013217993079584744,-0.033738818403178224,0.20726797385620915
0000000000000000007b_0000000000000000007b,16,Mango,2166,0.30734260509627487,6.879873595173728,0.1190429279455341,0.046048827729089165,0.22307101856910636,-0.013808653039547572,-0.024575731402404676,-0.019717652454858754,-0.049117808584879054,0.0904779360733122,-0.08724324013457425,-0.04666124933126434,-0.009736123225565265,0.13298892428262013,-0.18059297457508883,0.06744405074687158,-0.04417245586699904,0.03537399316904531,0.024048936359799065,0.0397292184304424,-0.10525341663107766,0.16748239809747154,-0.28948269416940636,0.24476736875475483,0.15716858669671402,0.13556862674097572,-0.0912082184457075,0.08487352864850968,0.1207799968972797,-0.07106731802492326,-0.2004392514705083,0.2890485973325836,-0.07764744222603491,-0.007620792201877025,-0.07437591124657997,0.07996566417561535,0.10151646341008835,-0.05516460570069821,-0.1632210922498378,0.030786085187066693,0.10837107540497774,-0.046154107217090616,0.09934470121762243,-0.05422708717401464,-0.14578082227767356,0.2649482282366715,-0.1142203492299822,-0.10091239146247818,-0.056128848802026884,-0.025552896588179174,-0.11856634443106083,0.03181820473196788,0.07086047947323333,-0.06293662889086978,-0.11354953684622326,-0.021413938740089653,0.1645126190899657,0.0839627630966568,0.028510719117549387,0.006514036969231585,-0.18896995011862397,0.05822387369301454,-0.28033289277545426,0.044703084934660006,0.06583878705647336,0.19344976699422728
0000000000000000007c_0000000000000000007c,16,Mango,1247,0.351252326035714,6.872500869485278,0.05570759750352013,0.07192407337009048,0.24516490018181272,-0.03269696714637232,-0.07017314603876673,-0.01687024945991098,-0.01631419906044398,0.10462182980020945,-0.07266294161735952,-0.11296253646198008,-0.01116382663259177,0.07392022129543041,-0.1781745901813718,0.07910280636618999,-0.03241262767666617,0.08388917099616545,0.014192555019397531,0.1364223186011672,-0.0486214573569415,0.13198624796397163,-0.35358501002174536,0.26997189101594693,0.15725940951093076,0.15206291331413765,-0.030763024646309884,0.035372589717050984,0.12551801833049836,-0.07439073306886157,-0.2471356923667937,0.22469226104203335,-0.061386740711348094,0.014697203314868379,-0.12182436771743145,0.07733022306206942,0.07950953414685052,-0.07215054847512534,-0.17218945153104084,0.0970419926701438,0.08706623539709447,-0.004123316952612449,0.11105745214890204,-0.07544714003342737,-0.15316578935928346,0.22260154705780608,-0.08998041898017754,-0.015077194108613424,-0.08869176527318,-0.02628265545883742,-0.07696044362679577,0.06788052340611697,0.06470651747970596,0.007379211067731325,-0.1247959223628442,-0.020974278290966337,0.1674022976173188,0.13287749730456513,0.022478455791014887,-0.009223175220683402,-0.18645531127840223,0.02692468845644768,-0.2303098894478621,0.07600940604239868,0.07404379353200465,0.2037794975530662
0000000000000000007d_0000000000000000007d,16,Mango,82,-0.5130253172793455,5.541228940389987,0.12799654916964393,0.08834275747601762,-0.07985521516114812,0.010939882409204679,-0.07570071548466346,-0.06669104753331268,0.023338115734098473,0.1984715072064215,-0.10424733451486762,-0.07532712558959495,0.033474554814752255,0.14264082294802183,-0.09625491133804068,0.034382273234497,-0.11080541255239539,0.038785082660515134,0.04509635130953381,0.02517080672536825,-0.08224904117553282,0.26179424424002024,-0.1853050890370495,0.1866194052943989,0.16815446216745902,0.09095263547791184,-0.06611865980251494,0.08613347586763061,0.20295833684980444,-0.04331242205155612,-0.22570230961825188,0.33979276263350866,-0.08731501017432315,0.006064459260509545,-0.02762089627816688,0.06618842659014822,0.19982483285040462,-0.051409120319576854,-0.15078028150523717,-0.06419144606670976,0.01953470053731675,0.028273553323768488,0.10975816055738409,-0.1649504411999137,-0.04869796794853757,0.20197334983730458,-0.16832025206065207,-0.13572940988925458,0.09445072720623397,-0.03153383782972774,0.05028159900976168,0.056473588957342814,0.061629579617595444,-0.15294905336596615,-0.17409214092140915,0.1244294408342007,0.11503042919702551,-0.0301985165180371,0.025833966298140446,-0.04360424227079636,-0.01649947018501322,0.23829033861272866,-0.20023893249313116,-0.015281927213735783,0.07985521516114812,0.1309432582215095
0000000000000000007e_0000000000000000007e,16,Mango,36,-0.09780887298368822,5.87174009896295,0.1480302447776496,0.03339911999658249,0.0878602246999017,0.0024605920799692293,-0.030258447605621734,-0.03286599171258913,0.1268947840574138,0.15241488316459476,-0.12885813148788924,-0.07350335341108118,-0.024737494126190737,0.1747874749028151,-0.14405570507069929,0.06879234482464007,-0.06263402964671703,-0.019008073817762376,0.03901576316801225,0.13541287538980729,-0.012752360203340541,0.23666623948054166,-0.2074449997864069,0.23992652398650088,0.15678243410654016,0.062338416848220723,-0.11867401426801655,0.1371557947797855,0.16491264043743853,-0.02726301849715917,-0.16293562305096326,0.209357084881883,0.01274210773634068,-0.06611645093767352,-0.12499978640693749,0.133758810713828,0.16633944209492071,-0.013336750822333257,-0.04032807894399584,-0.02874962621214058,0.050438720150369466,0.011846725618351884,0.18564996368917935,-0.15847238241701905,-0.08961339655687978,0.273838267333077,-0.14838737237814514,-0.14908112264513643,-0.0014985689264812563,-0.06188730830022636,-0.01833824597377073,0.07209363919859878,-0.013934811397325794,-0.16211200820197355,-0.18734503823315815,0.16181639540347725,0.1466188218206672,-0.01645179204579434,-0.03633986928104571,-0.019585629458755152,-0.08377803408945274,0.24848049895339397,-0.1493886966551326,-0.061996667948225004,0.041408005467982366,0.12730146524840869
0000000000000000007f_0000000000000000007f,16,Mango,43,-0.2443224642842261,5.801045883913413,0.13732821902130662,0.01429575386926313,0.08914782328800189,-0.01159482488845966,0.0005879670609693969,-0.059223017980562,0.015550369714689294,0.14957681750310697,-0.12994358162781755,-0.01813256082186633,0.003460565256654416,0.1361408402850424,-0.14431515606698672,0.0870806398254696,-0.1016653702064501,-0.03580161476355243,0.036662821991541666,0.07266900923616136,-0.09601030015289286,0.24917500424702485,-0.3401496740967248,0.19866992122886545,0.12321557898125049,0.04592151498082128,-0.058185849807319154,0.0678665629498493,0.17930849494380513,-0.07701080979587453,-0.2444283504555493,0.30317355578802424,-0.12165195854903747,-0.0031801722056811624,-0.08323811056570367,0.06342176086120718,0.09529501175755298,-0.11653764652235721,-0.05244637572311182,-0.12925547419150055,0.05568806273079222,0.029309657287447537,0.09047682912654342,-0.07533417379719781,-0.06158203910839297,0.29514229768514794,-0.09992721940577415,-0.1407043802473109,-0.018996629203436918,-0.11700687570970017,-0.10086710835725075,0.08953694017506679,0.036860241588655474,-0.12503813381257653,-0.09387874073477998,-0.004843933013241763,0.20704737891508632,0.04761531790098615,-0.0032617150827499246,-0.004676555528732215,-0.07038294752465507,0.16188693078690658,-0.21100006258773457,-0.02555010148154104,0.058808150711264856,0.15187432382893876
00000000000000000080_00000000000000000080,15,Mining,830,-1.9841775351398037,6.085571645785299,0.047506176956962756,0.12740249116419539,0.12764032369385264,-0.06714429575279199,-0.2006230411843452,0.09827352779051612,-0.0035740099961553123,-0.0345685764974546,-0.21436448446612283,0.13918064877734695,0.131605063854032,0.10395831075165712,-0.18344314281346838,0.09672261363794274,-0.12478596276686907,0.20226185480098013,0.060475424188101846,-0.10815962349976603,-0.17590498557088788,0.13841653117660951,-0.030074290240546937,0.16002971980192973,0.02695823200529914,0.09237596290583322,-0.14587716494582711,0.14589850984097866,-0.05456014600501193,-0.014615916955017282,-0.23377018107030195,0.15466607375291244,-0.02483530430835218,-0.10748496176169496,-0.05759749493938843,-0.056902229448358564,0.14709493568275403,0.1480644237851058,0.039954308583816205,0.037821301353047676,-0.02916831802411489,0.22924995483664762,0.02410905907366487,-0.04330278901071411,-0.055235622999495075,0.10078177531347995,-0.24931534210660403,-0.056859317315397666,0.06569121236966316,0.07737820949310503,-0.07798513083475768,0.018945076731377627,0.0605630271952863,0.08003342551289352,-0.03056114654697217,0.09002817266760232,0.22427400026866404,-0.06146811004108703,0.10212109337001983,0.1621135893053181,-0.1464774160077449,0.21162766869091126,-0.05753931527725662,-0.07970791586183254,-0.015758980558913838,0.08803183205717909
00000000000000000081_00000000000000000081,15,Mining,672,-2.0336554123395745,6.544136089166231,-0.013516413101188163,0.208786547298658,0.0684558136980282,-0.1240863404185203,-0.22316554072609435,0.08462303875798682,0.07186658977316412,0.0030142252979623216,-0.1879365079365079,0.02437789494882919,0.12435024990388308,0.012183592391204827,-0.17844144193625158,0.06729078559528383,-0.05265126965819004,0.08973325277823545,0.13729417257098916,0.06730314347961404,-0.1348518884678054,0.1858632211054356,-0.0054967869500741435,0.2034525182622068,0.027020559857930067,0.14361500155617798,-0.09187629300086043,-0.004710642426905394,-0.009407279251569896,-0.06812535471705018,-0.2503174603174603,0.09772587466359088,0.032814393731348715,-0.00793605023708829,-0.0254733527397887,-0.009909192435143991,0.10937377565405243,0.05643214148404456,-0.14138408304498265,0.022649713480163283,0.07757877007011951,0.19394555207703995,0.0457336921696783,-0.08245180425111218,-0.19465645081562033,0.13278180553267055,-0.3103247835081745,-0.0829391625931418,0.14089764010179232,-0.03095164863330951,-0.008550099778473468,-0.02330477288954795,0.1323030519397301,0.11484731147360902,-0.11718826092528511,0.13410913384961823,0.21862433862433864,0.007100291096830865,0.04773200783581402,0.18591539883927424,-0.07047719741491364,0.2073800369821131,-0.09702605225096571,-0.06831429303747638,0.10448801742919388,0.009604090002013854
00000000000000000082_00000000000000000082,15,Mining,9505,-2.193705973087113,6.027448124125662,0.05021181793673412,0.1784958150478683,0.09084937630713388,-0.07294172172277846,-0.17577491924867644,0.09116123467261911,0.049235302005197254,-0.0038763644703479587,-0.1726710460772482,0.12159192444293163,0.1814445777238188,0.04090909719706798,-0.15033242302913882,0.08778613979449085,-0.10326831848148071,0.1447653949306512,0.08131906697966079,-0.056051025573662525,-0.15693979877848133,0.15849298119264205,-0.058312479257259714,0.21727611825743384,0.009341312298248087,0.1603504628677393,-0.14702463524630693,0.07170839686350552,-0.007103208999249865,-0.048315654097349725,-0.20469805304923588,0.10144918890703022,-0.012089428640018465,-0.027166515690865443,-0.08523107185133542,-0.014320814173159219,0.19093359026522594,0.09788347904065543,-0.0276464023366564,0.05016409461743457,0.018032981690164464,0.22733965510372026,0.0014453486812926154,-0.05387560847899512,-0.08649251036656679,0.15328093330348194,-0.2775950996875114,-0.020242201184710026,0.07021478122868209,0.055714321829442415,-0.05707413225318386,0.00869415457697348,0.08421658565748087,0.10267177699023619,-0.07189600891980805,0.09400598847082847,0.2188657047495794,-0.009028839108334682,0.054457976649210885,0.158474128734123,-0.08672454510576494,0.23458383363659954,-0.07542480343314721,-0.08621826631241451,0.04786362870590982,0.07472044762454287
00000000000000000083_00000000000000000083,15,Mining,1627,-1.5113594416954328,5.889454927910547,0.0806240897843886,0.19387873842668898,0.12428719794074754,-0.12205636950659841,-0.10194450765591312,0.04952191098549157,0.058536797463601374,-0.011113838065686513,-0.16041782426360998,0.04065156727815194,0.09708374184483437,0.022027365485403794,-0.13912379688489152,0.09233526795873268,-0.06980497076085573,0.08277620044486692,0.08315069590510193,0.05095123217466118,-0.08348216503179356,0.22722656668148294,-0.12199545964426235,0.21655573349288615,0.01352902186218859,0.13682419437278506,-0.09432937594093517,0.12270486482552331,0.07968541247078387,-0.060020714457372636,-0.2574900344461151,0.11856125498513996,0.017206563500823623,-0.026979893081640595,-0.1538365344330002,0.04854621892624625,0.20724828307017276,0.03137632989250267,-0.1295251058230877,0.04399397234338735,-0.024930395311528544,0.1548370668271647,0.0726413059891153,-0.05913580115633268,-0.0820343931828971,0.2436478806907749,-0.22575811345785166,-0.04379006986816802,0.06776348844128077,0.0026531141277750772,-0.09160525702019479,-0.01479701320493488,0.12012211274232143,0.013327123249603534,-0.12483882729610636,0.09493941978251944,0.2908707941038232,0.045814197981155616,0.04564273539537411,0.09543531907140813,-0.0078036460375152305,0.20630832025978374,-0.1388620848631099,-0.0007463443094436548,0.08648535018090292,0.08273937474287107
00000000000000000084_00000000000000000084,15,Mining,10603,-2.144354015892095,5.727476596984983,0.012676475864102777,0.19392373372743882,0.08098316062753884,-0.15009910472335905,-0.19653287683119283,0.09486263580962244,0.10623058630334756,-0.004593257992495062,-0.2003135221426708,0.10915076699691417,0.11615857524454912,0.024340646555929997,-0.1351519941165556,0.06870025650143698,-0.11003724617411671,0.124949425099053,0.06284351708110145,-0.008462941091984191,-0.09585817423873308,0.17119503837840064,-0.02486798093421145,0.19654012308109353,0.0021864181185545823,0.12680608953317563,-0.09516347991578769,0.06631234158120032,-0.004139546441467253,-0.03897035517248766,-0.23268688908491184,0.10352014074201465,0.049743005060880405,-0.0005544164395596057,-0.06918060918900922,0.0565575780439498,0.12803420995769765,0.06989884657208031,-0.08902369002295019,0.05396666949859276,0.03428443336621049,0.1836352946180386,0.0820191074878411,-0.06774387334901151,-0.10528388609014087,0.15299633992584702,-0.2781051767210741,-0.026689249555168205,0.11249715946206164,0.007850107926844055,-0.0246727557067028,-0.000681048862764095,0.09679283604638017,0.06365647205895132,-0.09704835192958776,0.10190078083926757,0.2176282477270348,-0.005582913557394882,0.05591867810474737,0.1704367464642532,-0.01767984607375561,0.23187269835747923,-0.0797488150419732,-0.06604410850040879,0.039775611372420625,0.010560135770008144
00000000000000000085_00000000000000000085,14,Open_Forest,301,-2.598238528784104,7.0405726714307635,0.1294669951884082,0.019749521331560407,0.06457725817185056,0.010218814383938691,0.027938551617637426,-0.005015193491897439,-0.03758125229115809,0.17117975325104956,-0.12309827168441474,-0.08393561893521655,0.059529570149993376,0.08367525395931283,-0.1814230918085428,0.04411408338985384,-0.14137532076213977,-0.021507495839192904,-0.03242565790566108,0.04772690289065919,-0.11677553100583597,0.18019913118005976,-0.29906023877859395,0.17734758290000904,0.15819420335393616,0.10831162560783543,-0.09732336527862395,0.01829319415864837,0.18412790378349236,-0.042800813896009794,-0.20756851760311965,0.2568790690010614,-0.11476127888455882,0.0019196296849793189,-0.1281602654741787,0.1419175093658074,0.18836445476503413,-0.09724202676966817,-0.13772203637496946,-0.04248077343112343,-0.011635494142937594,-0.08697988634578314,0.0771892231584836,-0.02583458189477337,-0.05621860235202148,0.30288294433140334,-0.10878330721253386,-0.07652380058270454,-0.09697491764603695,-0.09926854097772256,-0.1316263486698829,0.037149013732259845,0.006965478393819885,-0.08154798627157198,-0.06280906525857033,-0.010823743998283284,0.1244203290071158,0.09409455346205967,-0.039845242246465344,-0.056740967248732566,0.007734719970979708,0.15601584363795673,-0.24610989128893687,-0.09768448373421412,0.22254195613493913,0.11266078341961498
00000000000000000086_00000000000000000086,14,Open_Forest,163,-2.5709191252029213,7.08284777792194,0.0843107535327375,-0.03492568927005418,0.004364909201982246,0.07385021806148175,0.013491365991843586,-0.08489835197882831,-0.08772878765363955,0.13447022499604916,-0.09580119019820123,0.007916539886735392,0.09388857046487543,0.056429829961576784,-0.1985784608562539,-0.01253845264799048,-0.1181944650830379,-0.07675009375818169,-0.06897507565518685,-0.03612013312482453,-0.1835439413345032,0.14205390564742673,-0.09827499097798624,0.05160563539742851,0.3057304528932949,0.16445208662076638,-0.019225073886164568,0.034432816071213714,0.23900802664383447,-0.052890275802369505,-0.19402334637692437,0.12907315025131907,0.0016114613775258552,-0.016559935654762298,-0.18819604540962298,0.04958923302269298,0.22221410830662108,-0.08337104888870016,-0.19182239959619116,-0.022029469552767546,-0.11960288987482395,-0.1308065090585735,0.06772892917542328,0.014183124470767484,0.0006570384679795224,0.249997287499145,-0.00633526982307417,-0.12487693501555557,-0.07563414731945944,-0.05528331481756659,-0.10486650957748668,-0.015940636329113588,0.12471767583491952,-0.030157348636555507,0.009325342069944757,0.020788606552930296,0.1169890768769916,0.16480570238440614,-0.03930531673754544,-0.057198576290855535,0.11812200592976273,0.17961190009505543,-0.18050027950552286,-0.19860261390734568,0.2752847772093319,0.12128982953701145
00000000000000000087_00000000000000000087,14,Open_Forest,284,-2.575098681950654,7.093573951118188,0.08340887307698551,0.04921682343194109,0.09625983505802206,0.01848368179086047,0.014710485133020307,-0.027791694418723003,-0.03474698247153041,0.15594392189352954,-0.10346529774572075,-0.05332055384981937,0.08723860270426864,0.05371195260761025,-0.1663262775422237,0.005509257002994503,-0.06956392720026422,-0.014343995538010806,-0.03600781931109915,0.007821910316183903,-0.15876537193170553,0.15100454321468987,-0.2934674096095218,0.1318556784768588,0.15507145139193482,0.15484380330425457,-0.05528881091237927,0.08013082725495607,0.1983932506998933,-0.061807647112973846,-0.1971802827731479,0.20807663358080042,-0.10636082546799441,0.008143563418186924,-0.1831657379880977,0.1598152389925868,0.2544299862999605,-0.10144483974202768,-0.11010326472483495,0.025872172674648385,-0.057189921536137195,-0.08919841231162443,0.06926393423981021,0.02002133523942575,-0.03415241158600967,0.28815179427197557,-0.06811313091931052,-0.06858640501215671,-0.10327577150716677,-0.06545066632010436,-0.09047831007575631,0.041948113130919264,0.018076687731154274,-0.04435607106692437,-0.044244088135115926,0.023184149108414383,0.13784665702790364,0.11281143222270953,-0.033139799968592745,-0.10806764462205758,0.0564212031125623,0.1404647183369343,-0.28258448808962966,-0.11466467393364413,0.23226754606841357,0.1406891174033822
00000000000000000088_00000000000000000088,14,Open_Forest,649,-2.875473758505427,6.453083727083552,0.13553075769719952,0.02745598024701887,0.14148158021479232,0.01890191576192395,0.0913718499877669,-0.012106378428588263,-0.06654053288737467,0.1253100117354413,-0.06352659194134763,-0.04695048544206948,0.08092826689272642,0.08312412732094858,-0.21605278045838713,0.04618974923121304,-0.18928986066162767,-0.08323720460721219,-0.07673018970420879,0.05168494516450646,-0.20547754241731134,0.12419421474139669,-0.28071412618946484,0.11857115522120504,0.11809240134616941,0.049793625658970754,-0.11473249887888323,-0.03401939161718645,0.15894979351902697,-0.04824352847577288,-0.23307768909551796,0.17219395882465496,-0.02386253005688815,-0.0073699282426043285,-0.10564119880406311,0.13139599620627124,0.11805098074759675,-0.03830921969682158,-0.11652410563911353,-0.13451277776889176,-0.05382668394104669,-0.10938165894473438,0.04974822413330414,-0.02377608706856256,-0.04893004883152085,0.3192500691626842,-0.05497793014302306,-0.028268184158161253,-0.11724569606687954,0.008552737509396944,-0.2333988172144292,0.004708962832240053,0.032074613947817826,-0.09001463820066831,0.01485274420351541,-0.0642490354249195,0.18039135119892843,0.08351804953529189,-0.005940964983836361,-0.0012030930381760239,0.017592380315974213,0.12695328156943309,-0.2327872709856171,-0.07278129959497617,0.20046716653367289,0.05394525869805908
00000000000000000089_00000000000000000089,14,Open_Forest,372,-2.606441358257635,5.618145607414677,0.08267705142356327,0.08964509101131489,0.1178757549825749,-0.007988325416609808,0.0013673814455151603,0.002143757777199006,0.03488203461861234,0.16086434911303754,-0.09076393281326865,-0.01054300868565852,0.094717416378316,0.19714171141785827,-0.010960714034717827,-0.05247940204966655,-0.1534827382355008,-0.07742530788406442,-0.016463312290971605,-0.00769976807927473,-0.16726949519002202,0.11542739971805713,-0.2242905747582609,0.07129631696659264,0.07993302823975887,0.08276684319099764,-0.09030852484362917,0.04380614569251691,0.17824691082420735,-0.027294712951594274,-0.21144125708474407,0.1322050658762345,0.04113306296585679,-0.009817894688974042,-0.1508715010355818,0.1959054623325189,0.14149975402347315,-0.027989896359133976,-0.025973302245207587,-0.12875659899211633,-0.2033264294543455,0.024211862269681205,0.1623641858176962,-0.007077674839701852,0.053404935239961426,0.20384302150124226,0.047738628236451607,-0.10076752944483713,-0.0543633755420785,-0.06128296395513717,-0.025587842558486583,0.016653479017582126,0.02451265642246776,-0.1847807088258031,-0.0626601017805393,0.018049137428532428,0.11317483350076271,0.05406109312795322,0.06362300686667242,-0.05022055206227542,0.10519163431765281,0.30413232296924675,-0.2274969511312853,-0.15616723096575755,0.19293142009070122,0.09110259494900634
0000000000000000008a_0000000000000000008a,14,Open_Forest,190,-2.133936177646242,5.13045474136799,0.059008883223051825,0.041807078249256314,0.018531495983326252,-0.03265432323600231,0.035331188409316205,-0.040970476942066805,-0.01948173779315646,0.13686234039539444,-0.06356907262388956,0.04808579696068311,0.07642599000384465,0.18971391570043908,-0.04649612497217665,-0.015310386693377023,-0.14450863028389888,-0.11376417976891476,-0.06976393694732791,0.01562799732896254,-0.25385183836176367,0.1655288856512677,-0.1206745583682389,0.0914385155506991,0.07694109553005925,0.09219709018798433,-0.04148946761367082,0.03884854003520911,0.14009348631093302,-0.039824035290070586,-0.13589591047977495,0.09296019749489058,0.09165025597442275,-0.07311584613205444,-0.20202335134260102,0.13660300694065033,0.19006746393087678,-0.025490438900018186,-0.023444909852485863,-0.036267832210283464,-0.13729391529573642,-0.002486816811347855,0.16297537384406804,-0.05984904591351502,0.09240203160727652,0.20105659766486572,0.008219025071328837,-0.14768570792610125,0.030636637730427546,0.04957251259636981,-0.01164054311094922,-0.011983730953681772,0.058605475626783185,-0.15101657257330173,-0.0030323559764463045,0.05562459782674676,0.18785908253910436,0.09652870353507757,-0.019043363888382993,-0.06422177704931296,0.1788267670329225,0.35956923450494743,-0.1896177583520508,-0.14609409336490012,0.27177822295068693,0.07036613448268882
0000000000000000008b_0000000000000000008b,14,Open_Forest,148,-1.2150533265156653,5.51119142252547,0.1103770898926608,0.025777195881002066,0.07567318183235135,0.007058407888857697,-0.03082681297214165,-0.09514677307064846,-0.03014724066627176,0.1638014485073308,-0.11466068144268834,-0.019865124640211104,0.0020516017747851624,0.15327452019493537,-0.17208932115506506,0.0248187287633654,-0.22171805023016095,-0.06206095368725122,-0.04654717000737757,0.026245622785415132,-0.19497490570154927,0.17422363540010594,-0.23601774785165786,0.14650498249114163,0.21183037708989264,0.13736255286428295,-0.07376871681369948,-0.025199871151428205,0.1650886873032201,0.003941935014599359,-0.18319024907260198,0.20120868273117407,0.003391211280484631,0.0013429346301318667,-0.10378128994045946,0.1010713135280609,0.16969356900152743,-0.10271683448154034,-0.07811423880628028,-0.1338225422654488,-0.06763594043870856,-0.007456175899082464,0.07882623107536599,0.00011471679291748545,0.07050302898053759,0.2892193231293577,-0.023639140870974736,-0.09410434656109393,-0.059922483036669846,-0.08625705290065148,-0.053962197491609215,0.023869821378471854,0.027714912143977838,-0.1106476718933466,-0.026221099992726246,-0.09436703139125281,0.13516672381724282,0.05990918253894027,-0.012358240593534688,-0.05102528133669997,0.02584078888577154,0.34567120753971964,-0.23579122374970127,-0.12844041273107015,0.16004322661762105,0.09231667653812979
0000000000000000008c_0000000000000000008c,14,Open_Forest,193,-1.1982871823302612,5.950756214884003,0.07022823027412729,0.07799152577824786,0.05738629821531372,0.00035761454841003865,-0.03140123467857116,-0.03477721800901605,0.030182412902171912,0.1680004302848844,-0.09355222084770103,-0.05729737267252728,0.06655901576316797,0.1310064482970878,-0.09096031219558837,-0.007837878217425322,-0.14041916919160222,-0.046918901259579274,-0.03712657347811619,0.026633040699770676,-0.12305127760745665,0.15547914014737255,-0.1893033568197166,0.1268629642246007,0.18126372280091552,0.1186936072813764,-0.10740229445430512,0.08516453416681107,0.2089845874344861,-0.07698274677136928,-0.20482070467118066,0.1976413216917367,-0.0017329325309316966,-0.027363250085160534,-0.11270946009207297,0.15596838999747004,0.25609249531367967,-0.0752313279268834,-0.08812808146727141,-0.08888920761843289,-0.14082682427842616,-0.1117373349827587,0.09093353891388921,-0.05152549935955278,0.029531885902791433,0.2126681447749271,-0.0498046785512945,-0.11009014069917307,-0.07081373644652411,-0.0691843910174046,-0.0410603335106266,0.028232106822206653,0.03513292018016183,-0.1453808320036335,-0.10866605709641367,0.05032325151944346,0.1348229158573924,0.06699949999302776,0.012077937341755732,-0.06701033679752502,0.1297041193801507,0.2639182618084316,-0.22695360293868638,-0.18525262304454443,0.23971202785696213,0.09095712490014797
0000000000000000008d_0000000000000000008d,14,Open_Forest,69,-1.1847356316604176,5.96368021572776,0.08305122333104878,-0.0405970947628838,-0.022471624625979958,0.045764338130819204,-0.037323437473881234,-0.0975437540745198,0.03203494753968648,0.11245886476215945,-0.1618819963336286,0.04502794354456755,0.12157553672221941,0.10288127754654003,-0.10186048844090062,-0.010891686029342106,-0.15609158127587489,-0.09468108698438167,-0.042683248917640325,-0.051593980018833294,-0.17384439652530517,0.18796338086243303,-0.059492837203082384,0.05557372025252268,0.24829870339724408,0.15433707214059247,-0.019243434799324645,0.09998205818275019,0.2389734160217085,-0.03765151641787713,-0.1838775498832667,0.09959068139901595,0.09942129281380067,-0.07953953050387529,-0.20983857936468137,0.08364854097365,0.24894059698332302,-0.07570599936479278,-0.13353258780067864,-0.05962923959012415,-0.12040675548423402,-0.08547258858075765,0.08885233661523714,-0.04940084359973027,0.06305802116242912,0.2295661089101739,0.022977115825017092,-0.12839565607430806,0.0008496174826850257,-0.04304163950320108,-0.043589923607976824,-0.011411441530292112,0.08053535708116719,-0.13578813054065045,-0.03189587059603603,0.07656185747956468,0.13946475435869143,0.07190902049936197,0.000826437992076619,-0.04135756035861342,0.15783984977907042,0.29165059146704997,-0.14565546138887495,-0.18741955435200505,0.22299739787929948,0.13626331009812276
0000000000000000008e_0000000000000000008e,14,Open_Forest,598,-0.6455485952004277,6.1422092569936035,0.14766854528551532,0.05652891414287529,0.21351674619615044,0.04138680903537226,0.08993597780118011,-0.09737916597552519,-0.1452607242647862,0.16214499440014707,-0.027625700945995778,0.018406298580813368,0.005433053147811684,0.0740792517413549,-0.17304998463415788,0.05096532205904851,-0.19862316911812924,-0.05284008337415886,-0.045379099111609984,0.09433397754143953,-0.22297397836438004,0.040854880872934096,-0.1958797941105749,0.10872278349335666,0.160116960417848,0.040003137460637044,-0.09038756639779655,-0.05404013635095324,0.15108848024749932,-0.031147577661794573,-0.14863951220202157,0.15326772954574966,-0.028832646049435546,-0.0724001445289244,-0.10350595796059912,0.02999597530664174,0.09557558901323002,-0.15087122395682645,-0.09316776799250091,-0.15394418663261747,-0.07891330707638813,-0.11615733079250452,0.04997666192190033,-0.024386195687534615,-0.07915782327095698,0.2375377620390408,-0.03379086253164781,-0.0662028882639684,-0.14399504178351777,0.20961024766651365,-0.12271215470252625,-0.012815549460652489,0.07103406330726923,-0.1080998175386621,0.05477008456999427,-0.1104912826170536,0.1914422932265568,0.03665510692440132,0.07273878454260577,0.014440856938224153,-0.0016168723374981764,0.22023039762170193,-0.19159062825077566,-0.12489099253052913,0.2255219050043783,0.04700738974847592
0000000000000000008f_0000000000000000008f,14,Open_Forest,215,0.3655513098401675,7.580726283385919,0.16267603694464555,0.07131940309183404,0.11886061711506304,0.0849513693302218,0.01385341952558496,-0.1426634121044678,-0.10148454530010816,0.13215954507658054,-0.04714751929043386,0.018455871176559994,0.03370181415019267,0.07560426669527817,-0.22587520005722306,0.03508375132998931,-0.2408916785136307,-0.014927782695385472,-0.07678563700902155,0.07623085932959595,-0.1783668893001797,0.03542193968330606,-0.14986836905304754,0.03066412739286321,0.23002673390377582,-0.008964280285757702,0.013994760512504107,0.02780812388795006,0.12377379004497373,-0.09732728914639269,-0.18442280697048538,0.20278368784814424,0.029766297399032565,0.07761937716262973,-0.02582133884105398,-0.015662526935078615,0.0003908335792137177,-0.08531559418112887,-0.24172112693686681,-0.15909158373791832,-0.0013673452965317482,-0.1936729164990209,0.030879286142181415,-0.1267574009996155,-0.15446481228150172,0.18812399524333215,0.07105589084699084,-0.07446867483883654,-0.1741011954257307,0.22214253909498133,-0.10586125193351391,-0.02032134331160641,0.12117872374668058,-0.12559090868449518,-0.04202834330266531,-0.039799504662786186,0.07347986016111867,-0.09476426776821076,0.1036658887905367,0.061820945432436505,0.048307717067675185,-0.023404522410879508,-0.14532027932011835,-0.057778993768049826,0.07226959219620357,0.08882737408688962
00000000000000000090_00000000000000000090,14,Open_Forest,40,0.40130845593170694,8.018947785705619,0.12393387158785081,0.009857747020376744,0.05944482891195689,0.12387235678585158,0.01535409457900802,-0.13372087658592846,-0.07081122645136481,0.12777854671280273,-0.056968858131487846,-0.049394848135332514,0.07724413687043441,0.09572625913110339,-0.2623452518262207,-0.048576701268742736,-0.20917493271818527,-0.014066897347174121,-0.034054594386774266,-0.03897116493656281,-0.2856301422529796,0.19925874663590926,-0.1815793925413302,0.0768612072279892,0.23887427912341405,0.03787927720107645,0.013354863514033019,-0.017451749327181815,0.18261130334486733,-0.054780469050365196,-0.2780253748558247,0.2627327950788158,-0.030585159554017638,0.06176086120722796,-0.03549711649365624,-0.027108035371011096,0.09627220299884656,-0.10390003844675122,-0.2520322952710496,-0.1827589388696655,0.04204998077662432,-0.12640984236831984,0.005748558246828131,-0.11420069204152246,-0.09638292964244519,0.2974286812764321,0.02359861591695497,-0.05824529027297189,-0.02871203383314106,0.04846443675509415,-0.02667128027681656,-0.03745943867743172,0.044090734332948814,-0.12981161091887733,-0.03373317954632828,-0.04263898500576697,0.047769319492502835,-0.05352249134948093,0.006385236447520154,0.015430988081507061,-0.05160784313725485,0.04112725874663587,-0.23596924259900037,-0.13420838139177235,0.07534486735870814,0.06884582852748938
00000000000000000091_00000000000000000091,14,Open_Forest,269,0.47157160974328355,8.171838274839157,0.08204199414294469,-0.012685998665083045,0.1289739005158153,0.04952376052104634,0.06420430232009704,-0.13275374498512865,-0.08360296082862036,0.17663072109811923,-0.03738544940536163,0.0056703384028733515,0.021618679689967654,0.024615296661707125,-0.24081535697594147,-0.021140282047653915,-0.10611532024428691,-0.0282009921834467,-0.02670702860924234,0.09414829012004244,-0.23008548327852169,0.04117581313449641,-0.23690287836105356,0.15848362582878472,0.16230600469650647,0.02508386108288344,-0.004496983573661249,0.07146190555819963,0.1580962426518825,-0.046483237073530435,-0.21761490076021658,0.2264060291366346,-0.05664461338147034,0.031215446160970366,-0.08619641573372548,0.07686080132176783,0.16049875012327255,-0.16235517080219355,-0.1586139731787459,-0.03355300863694114,0.04527512295099536,-0.15382793863955668,0.1285110530836724,-0.03758531534196881,-0.09322922696303534,0.32294676482736834,0.020626896432455893,-0.14194369051651565,-0.11849831849060052,0.1584490952150231,-0.05239803392747138,-0.045988145823239235,0.08081604301462544,-0.05099485613911717,-0.016120536996779886,-0.029182942219821064,0.1527858458785511,0.02460477740188571,0.015793982583192884,-0.010641832066305616,0.02373213619582971,0.10872569743693086,-0.24754905533902458,-0.1515239920591022,0.16978359767261375,0.14521883919396167
00000000000000000092_00000000000000000092,14,Open_Forest,913,-0.1954863774220666,5.623614918167147,0.14146807635280556,0.06488342801845945,0.12098101960110545,0.02119949652863309,-0.0142560048308995,-0.1003064538746366,-0.003197759055515316,0.1182998366539451,-0.13116074237181502,-0.022980595970965703,0.024062326689583077,0.18838379206245132,-0.09782618783827768,0.03514166132917952,-0.10401614005566144,0.041770100218426344,0.05508370906294777,0.07226197018334421,-0.050170273207751796,0.20398288129976125,-0.310503138695076,0.2273267043217433,0.1312531830162213,0.12675485416553492,-0.05948683483014575,0.09334773507366992,0.1428242318124337,-0.01713635289822386,-0.1790941810652487,0.2754055416380843,-0.10875803518151454,-0.006216026947256332,-0.12908237753362192,0.12711302797432783,0.18199393358271082,-0.0797098428315337,-0.04400949504213768,-0.06347983945849452,0.05465243168332337,0.1104481088872634,0.15757821682030623,-0.06730979280443569,-0.0334514528703047,0.22916770152856367,-0.11825152765828963,-0.14369925123583352,-0.011970322308422078,-0.058555758106347965,0.007021850640477355,0.0708253671075199,0.012489930362111077,-0.09776359501127081,-0.1514679710769259,0.036387992991152994,0.1407214092818795,-0.0027236301818367036,0.043354325343736226,-0.04779477772682421,-0.14942767399681559,0.16668516995527455,-0.2759598486217071,0.07016413351845041,0.01519314544536536,0.23270268028178565
00000000000000000093_00000000000000000093,14,Open_Forest,376,-0.2160713728259023,5.620021247961692,0.15071273732688734,0.05153909707395678,0.11839390741695091,-0.01218582051093273,-0.01377817042545005,-0.11182540266836812,-0.014077237069212292,0.11246934485099837,-0.13839554344891894,-0.01922026716402034,0.023015043313946316,0.14179816273609983,-0.10332212651435208,0.011251482653971023,-0.10558884880610564,0.0265015910410889,0.0568964473565813,0.052312285782064136,-0.04834572627549137,0.21056369481459666,-0.3176928677186352,0.21942231711207638,0.13043281225715148,0.10129230165157425,-0.05913895637520754,0.12675992048884632,0.14803275336000063,-0.021406005873354717,-0.16058946231809365,0.23892529060017834,-0.08016687526074255,0.015219187382921415,-0.12101892070971064,0.13140101597585213,0.2259059118015166,-0.09843873469287587,-0.042196536520323555,-0.07609086521550627,0.043922223040238156,0.08727886982911642,0.16399600808199788,-0.05953258566672389,-0.03917560349129216,0.2737115839243499,-0.08506073768681435,-0.15958755634085084,-0.0298291164609356,-0.03540569502728078,-0.010561567973038151,0.07260251785319881,0.01567334985725615,-0.082880888692565,-0.14199383215948036,0.06041228005595225,0.15232717367297352,-0.010685251989823834,0.07726128248545973,-0.05850957487709306,-0.11575482424926581,0.18839153517059723,-0.2703462661660409,0.0495964727150768,0.005183603687616044,0.2460808036189027
00000000000000000094_00000000000000000094,14,Open_Forest,148,-0.019208384825968785,5.9769109859052545,0.0755060943296237,0.03487930837411801,0.007738395835281629,0.02051684902895973,-0.012219832289036408,-0.05215042031651024,-0.10268233631555428,0.22424680736099423,0.0012714444548354484,-0.07347776842586527,0.00890967091659132,0.05033365545476267,-0.1753795317809158,0.008578405395014374,-0.09607489842783958,0.02141089186071881,0.12288454544509905,0.05525068320916068,-0.2682914055924437,0.07535313860573373,-0.2426476303292912,0.00802227833369701,0.11461122021675652,-0.06515373504992879,-0.032635265022808245,0.07617153485665593,0.23397487452850774,0.04764155158618821,-0.21932396063883952,0.2514974490060995,-0.05680808836518174,0.01816723297692154,-0.0008832361773538329,0.08172781778318107,0.10739362199569809,-0.10356806633623239,-0.09761609360225275,-0.031780708043683784,-0.03229818053347461,-0.030197117532757632,0.13376726207176032,-0.13229921963485974,-0.02900755426706979,0.23953489822001933,0.053069401581512264,-0.21295135966416243,-0.05901347714496499,0.20395107910678842,0.017830148487587894,0.02840071905815847,0.0970125835177738,-0.15597327431237462,-0.037912237497012544,0.06595010235148639,0.235210573895695,0.07763251140413767,0.07489551835572593,-0.040699107411910136,0.09889543522761512,0.2933603499693465,-0.061743404303957895,-0.16633269948148835,0.14063613786797174,0.13383376456040813
00000000000000000095_00000000000000000095,14,Open_Forest,166,-1.8633087479178798,6.347946516129645,0.1458208381391772,0.006247828684982119,0.06477249250751561,0.00527730298356053,0.018279160471181093,-0.11615106330743966,-0.1067007592075337,0.14393944868285133,-0.15684977510966586,0.012465641111157406,-0.0028689614281809887,0.16197662622809575,-0.15605823524779622,-0.06376342741207039,-0.1778407748641625,-0.056986052630359926,0.02097098891529203,-0.008062144772863072,-0.16505162518586455,0.18687974504708565,-0.19007332675569635,0.09635033791451848,0.30881431145574223,0.07073164630841702,-0.061714169249083954,0.004644738122038321,0.1953932454153407,0.023418240435791573,-0.2149023313554101,0.24657578410527925,-0.028653668885461066,-0.06908297550061834,-0.015665893099502937,-0.02195226117850869,0.12262160522134673,-0.11137736644386077,-0.126855750568595,-0.17090516622429738,-0.07870151887828125,-0.05363201363701629,0.09759249222958728,-0.05033652487690087,-0.013350935460411393,0.2686225409133651,-0.0313240042059819,-0.16232199848992274,-0.11429190811689663,-0.0743658370506246,-0.03735134308861739,-0.03197546819341954,0.06228633102189607,-0.09679168809030815,-0.06487847584108054,-0.027748363697002513,0.10364280652019842,0.017559140830913002,0.02915245758118977,-0.007417721636256651,-0.05420158141215376,0.2578326223000421,-0.20931263693760047,-0.1875508493026315,0.08653872699564112,0.18102027487111072
00000000000000000096_00000000000000000096,13,Open_Low_Shrubland,2468,0.3569077710938084,7.932121883228073,0.06375371148236836,-0.0005912449830728385,0.09052957440007176,-0.036591337205425865,-0.03630641998433461,-0.020167832220122257,0.04296033753381222,0.13851204218300278,-0.09677355112763633,-0.05251365108918957,0.10776660516432712,0.08586262483510577,-0.28030104367039976,0.17681320673945997,-0.01654272107037746,0.07020339390721804,-0.03413498236870617,0.09550833521828342,-0.09388706625116755,0.1116073670705133,-0.253296868116427,0.16853288568104646,0.06268692318189546,0.15876407091898947,0.061212437305935785,0.08570375313820824,0.12870068051372832,-0.12554114269726702,-0.26168090193461313,0.23432219374545507,-0.10878361831909804,-0.004813184306995737,-0.24573795018372813,0.13451151128134856,0.21697616612984533,-0.06415393156976773,-0.13508543341701884,0.15274636298095046,0.16360634265464533,0.02604239611120766,0.06045992782977743,-0.11573967623722828,-0.1017723765388826,0.22311585682355056,-0.15212129482676215,0.01610282044619414,0.06407235217473391,-0.043101836533386624,-0.028724122438882397,0.1080319562915896,0.11444674377203129,0.04808585651821979,-0.12826304806093153,0.0042066104733436875,0.1771490705793869,0.0790714455293033,-0.04488641384033191,-0.06598481945293447,-0.06054883516313694,-0.0592630810865039,-0.15473365498994587,0.10623591350291028,0.06785052750562832,0.1739275194617205
00000000000000000097_00000000000000000097,13,Open_Low_Shrubland,283,0.36560897984985696,7.976108449254622,0.052229762132802914,-0.010112772608523755,0.12110851629503734,-0.007832377598721858,-0.043477053538799236,-0.024122714422150724,0.029714257767126755,0.13145017613502824,-0.09428480212149985,-0.09630935641768656,0.0742461923451567,0.06096051668086341,-0.2667490486806515,0.16346765242506614,-0.056617310819567855,0.06442773437234656,-0.029608182772866604,0.08698519052878545,-0.10930767318359476,0.13134127537247833,-0.24222724882927602,0.20890122445430745,0.12003755011323447,0.15828888861718035,0.03184227865607542,0.07757733842515038,0.15701816235397362,-0.11038537773593464,-0.2480311595295639,0.25150837609345683,-0.09151750549870051,-0.0012124719630802509,-0.22619275271946235,0.1098141378078287,0.21492358878006962,-0.08105672865695848,-0.19223266941363948,0.18404076714174894,0.14130906433106047,-0.032480467555968506,0.05741287327651905,-0.11922155517788073,-0.08481282681436736,0.25359074995618697,-0.15060453780348138,0.027716656953088118,0.023272810267320358,-0.022691571466804658,-0.013132214709482459,0.05939569314873454,0.08509105630750875,0.040420659083282684,-0.11760999778557579,0.014832023019143176,0.15132836921923204,0.09415481678017286,-0.0507188455649702,-0.06764976232299887,-0.03431634747711871,-0.007512413681609257,-0.18129346826376913,0.08086761954833895,0.0940563496236158,0.15664255253823275
00000000000000000098_00000000000000000098,13,Open_Low_Shrubland,201,0.3602881502174437,7.981247757772322,0.06279437108957325,0.012073121512774426,0.11327996694727054,-0.037293272201086025,-0.037248589807594046,0.0005625084879332741,0.004817741358566622,0.1192958697477625,-0.0981301872031614,-0.0732323006268159,0.13044596318675747,0.07507866281816596,-0.2668043863726351,0.16913724342531858,-0.03766480936340973,0.07650635710337199,-0.04053886660507531,0.08180244490733564,-0.11578156889523927,0.09173050548870407,-0.26509513179967137,0.18963728072440564,0.07601026011809461,0.17653554602994254,0.0149450364479027,0.07595456014812516,0.1414457891243513,-0.11651056520549882,-0.24396372615966685,0.240601835115082,-0.0754168412072662,0.022888709088161603,-0.20209234488839922,0.16351185250219488,0.22224226809053538,-0.06369260961627843,-0.1510375075793657,0.1644159058609298,0.15833634595190135,0.02642565718122188,0.0816833938726207,-0.10495924835644917,-0.0765415521393417,0.2231368340917481,-0.13838351495119555,-0.006045895092013981,0.042367478256544994,-0.03358034892817721,-0.02200883318891888,0.11411393627785714,0.09658160562049418,0.03884583235303676,-0.14298702565603352,0.010691945883806625,0.15900933624840038,0.07513222048159812,-0.04010612068454341,-0.08060305929024615,-0.04069280663196892,-0.006838854554601071,-0.19202870690759963,0.11571638156774755,0.09623669426799103,0.16534444272294804
00000000000000000099_00000000000000000099,13,Open_Low_Shrubland,20,0.4024431775973124,8.017285442230694,0.0837493271818531,0.006154555940023042,0.09291810841983848,0.050045367166474376,-0.010506728181468635,-0.046520569011918436,-0.0474279123414071,0.10470126874279122,-0.05806382160707415,-0.0923398692810457,0.16060284505959244,0.05650442137639365,-0.2524721261053441,0.02224682814302188,-0.16293733179546324,0.012429065743944591,-0.0031280276816608847,-0.029287197231833872,-0.2837616301422529,0.13476662821991536,-0.2845951557093426,0.12263590926566703,0.13397923875432524,0.06463975394079197,-0.01037754709727028,-0.0352910419069588,0.1505974625144175,-0.07069896193771621,-0.2959446366782007,0.3141714725105728,-0.1729642445213379,0.09962629757785464,-0.12918415993848514,0.06891195693963856,0.10037677816224526,-0.1166628219915417,-0.24813225682429835,-0.02276355247981541,0.020613610149942306,-0.10093041138023832,0.038852748942714295,-0.09118339100346018,-0.08254056132256819,0.2633387158785082,-0.030157631680122986,0.000685890042291423,0.0067543252595155395,-0.05573241061130332,-0.029096501345636256,-0.011764705882352915,0.0443244905805459,-0.05475124951941557,-0.050334486735870765,-0.013330257593233336,0.04878123798539019,0.03546328335255665,-0.039784698193002635,-0.023117262591310975,-0.004853517877739315,0.024052287581699302,-0.2659869281045752,-0.0855024990388312,0.1801983852364475,0.11375317185697806
0000000000000000009a_0000000000000000009a,13,Open_Low_Shrubland,83,-2.243222617393782,10.538805487034596,0.06293112472959887,-0.05363127249482354,0.244491692259233,0.004360880662210539,-0.12008504606661939,-0.053530477156607935,-0.1514286905407095,0.09043417036079725,-0.1035864797135485,-0.08898004937859856,0.1357090646322313,0.040186953118124126,-0.2923264916644664,0.08232978048294673,-0.052155658389034756,0.1294160262734907,0.0019417925450359605,0.025360403551923916,-0.17858636391008087,0.08408999319075607,-0.14098006790715337,0.12973027056322173,0.24270924528564083,0.18488681369074914,0.06641449303557942,-0.01484730154759751,0.06975852660932075,-0.06085592658986577,-0.12188231588406681,0.2799331119171032,-0.11458947670729049,0.04313521676093064,-0.18186888268182297,-0.03752773493049471,0.04597897935455774,-0.06376268626987762,-0.11982194058818894,0.172119898278234,0.2780298587660909,-0.0498351421834975,-0.013671108887684491,-0.10301950593608573,-0.10298170768425487,0.18246105529383969,-0.05774609394903717,0.015704061922430148,-0.05863694686473687,0.023016911938411034,-0.07767688979678804,-0.0007166845004006768,0.11011223672081634,0.14104825298888746,-0.055708694061134933,-0.06743430469281969,0.11286632110911926,0.08869322734999972,-0.029548598083220967,-0.052746348716665926,-0.18899792943399896,-0.12866450809003022,-0.10570095838949799,0.15109221198519565,0.07960682406673983,0.205054033897991
0000000000000000009b_0000000000000000009b,13,Open_Low_Shrubland,2747,-2.271565258250137,10.615880933151242,0.051298955751526175,-0.033105197281379374,0.23471482153751452,0.024410941046868466,-0.14306405911758335,-0.05387247799038952,-0.12120606073075137,0.10034716842546205,-0.09694943293491189,-0.09302191324862168,0.10356629377376764,0.03540863214240773,-0.2709435913240504,0.09714369609739579,-0.0484477771493616,0.16204694030620517,0.022460628469322404,0.04899498344774282,-0.14730161609316342,0.12689065993071744,-0.1711416585735345,0.1480138621042255,0.2703574428193799,0.18036715457791355,0.09077157325309756,0.026840227086359025,0.0967978516845541,-0.05227374254840514,-0.14975419131870393,0.257729956569307,-0.07702557905607973,0.03975421511174256,-0.16556331628492132,-0.0546743873677439,0.03439105146616198,-0.07847177032943697,-0.1640665158188017,0.17948212072111938,0.2558099871139702,-0.05282421829021261,0.03151510571037121,-0.09019939826005703,-0.1377861249355663,0.16740051955598825,-0.03598492752990325,0.007548517854646096,-0.03180483214221178,0.023772257512896827,-0.07558368732476249,-0.002790357997057223,0.10925514772887746,0.12540483225417906,-0.06058634724652257,-0.04465730536559608,0.131885876830157,0.08066182716260872,-0.0028067947879809128,-0.03143173490300204,-0.1995179866274725,-0.1140783605532693,-0.10567696583333647,0.130546905386422,0.07651874814466779,0.2054140695515306
0000000000000000009c_0000000000000000009c,13,Open_Low_Shrubland,232,-2.70230629491883,7.9167158046225214,0.06679712047090637,0.0655169762293017,0.19311140277612057,-0.025228227869917363,-0.06489785095918012,0.03448196317066377,-0.08732503413806357,0.08554216548012034,0.0057733762876347105,-0.09956462368585023,0.07823224489254792,0.10062363282026804,-0.13901072531784855,0.04553341552983596,-0.058435614949157444,0.06487902530856829,0.025236447520184502,0.08928555330178044,-0.12101870633310793,0.10550477932890528,-0.1963714221320712,0.18064086757082817,0.0992665950761643,0.20500947911280804,-0.06836786912195571,-0.057002479152580526,0.134891354783969,-0.10680878707128555,-0.2554648742526084,0.2689716156915775,-0.11733868936350737,0.0244486868445823,-0.19724615201049991,0.020110567553593413,0.08874385183417516,0.09209216614299537,-0.18001723475056008,0.08719696668390138,0.14883691948719985,0.007835182754643429,0.10969574036511152,-0.13715732675761308,-0.16695912712617159,0.22128465179175116,-0.15990215964682017,-0.030819446101631946,-0.02562674833286929,-0.032354929801535176,-0.09035569873656017,-0.1157597210621909,0.12566386933407572,0.030502061541316967,-0.12924418990043615,0.07406382160707416,0.11009054872794281,0.13183523578464512,-0.012695647562608514,-0.015029232788450036,-0.14401808323058768,-0.11311829667634461,-0.2115091012740458,0.13206750719219396,0.16632064590542092,0.18204563231648302
0000000000000000009d_0000000000000000009d,13,Open_Low_Shrubland,316,-2.678057890072721,7.840246050260549,0.10248482813328855,0.04703546347801961,0.15566087045391494,-0.015952189761484114,-0.022087317925432726,0.028427235873252226,-0.11176636055265986,0.06882513541529786,0.006354907314129408,-0.07622092768604087,0.15574321463507218,0.10995147922658761,-0.2296538332384331,0.061934114921719456,-0.03477007382749571,0.027577903338053964,0.01167807902510715,0.03688629981652623,-0.1734158721815854,0.04496887759819735,-0.13479956589237826,0.1617660198852437,0.020362372797220134,0.24435976425814804,-0.10290297305320736,-0.02933302186598141,0.10292049309175144,-0.09050131643622945,-0.24938490064678143,0.26430321346706964,-0.13261053440984233,0.008986417103450947,-0.17505127044612828,0.06510193255758492,0.13570457321672771,0.11629081317312227,-0.12515459000676465,0.08415711581232142,0.1569055718589247,0.0504964497588561,0.06067345081492508,-0.1233453540264455,-0.11276130407486892,0.22676614155217809,-0.1876653088636795,-0.12171774244570002,0.011531884036811524,-0.02154847940665466,-0.12423829199090902,-0.06901805050637774,0.1261179974595944,0.023906092593403667,-0.12136558967096392,0.07020805045771097,0.11581465745891305,0.12365506937448593,-0.05940830936494723,-0.03147260790640402,-0.12573664462061812,-0.059167506168513524,-0.21401603083526782,0.12920755892329627,0.19468461497281958,0.16804734303748797
0000000000000000009e_0000000000000000009e,13,Open_Low_Shrubland,120,-2.683077847762586,7.841609925061025,0.10510624118928616,0.04363398692810454,0.14568806869152887,-0.022280148660771455,-0.010697936691016215,-0.003951300781750612,-0.08645905420991923,0.11175291554530305,-0.020821735230039693,-0.10167320261437905,0.05750249903883119,0.1172938613353838,-0.19969088811995384,0.0587886710239651,-0.05342611815968213,0.00285223631936434,0.010866077149814126,0.08550813789568111,-0.12452851467384336,0.10447879020889397,-0.18235345379982054,0.1543221837754709,0.06467153658849156,0.2299915417147251,-0.05555504293220551,-0.022452390106369312,0.09955555555555552,-0.08922311931308467,-0.2672069716775599,0.30927591951813405,-0.1612984749455337,-0.02973523003972826,-0.20113751121363574,0.04865308214789179,0.1451815968217352,0.056143534537998176,-0.1412226066897347,0.10133435858003328,0.14900064077918745,0.0015235165961809405,0.07492349096501341,-0.15022376009227217,-0.1299320774061258,0.21908086633346147,-0.19524336793540945,-0.0719246443675509,-0.012054850698449285,-0.054151480199923066,-0.08627502242727152,-0.040471100858644075,0.1237416378316032,0.023719082404203465,-0.11060105087786747,0.051098295527361226,0.11448673587081888,0.1438908112264513,-0.06675432525951554,-0.03084198385236445,-0.13900038446751245,-0.03152326028450592,-0.23599231064975007,0.11272638728694089,0.1538931180315263,0.17574625144175313
0000000000000000009f_0000000000000000009f,13,Open_Low_Shrubland,2388,0.11295031693407079,5.853759382176335,0.023887655630452618,0.008686621625363749,0.01083585298013839,0.13293678439615736,-0.11108007035047077,-0.0006138342616581579,-0.0798673361682177,0.16616250546594302,-0.046594783477814504,0.00661982216606546,0.1452230523371696,0.07423041131583842,-0.2729442934266359,0.12074907409017403,-0.012197189973963058,0.08571466843380039,-0.08876992935972954,0.2360290495151652,-0.02764611214472975,0.05988733878285438,-0.058415414249254685,0.2586569397030004,0.02176624504040124,0.1304868827026327,-0.02036018874328064,-0.019708873729148087,0.1380190456318501,-0.2054334726303567,-0.1364386201158297,0.1089558261640124,-0.05431811112463505,0.06155223123177076,-0.15968503287937827,-0.045522679397242485,-0.00628893538562992,0.1133020478530033,-0.05796422842135832,0.15967609417071255,0.18893483179063325,0.21743408829357602,0.008726395014931103,-0.15388811286987283,-0.1342453649768772,-0.0066370813441808205,-0.2597801257988005,-0.17114139195271497,0.04586891911821052,-0.008632190814382015,-0.02733439077999244,0.11191639345001307,0.25530260555629614,0.14542761223778763,-0.1693771175498149,0.13623274645687744,0.01667123262087699,0.08953901894452394,0.08697381563720173,0.035699631052867775,-0.10785515427966434,0.05931291727122086,0.007468870689471956,0.22012718983872326,0.06604819561088793,0.12199732482739209
000000000000000000a0_000000000000000000a0,13,Open_Low_Shrubland,466,-0.531891153399561,5.412228538026504,-0.03869452653568365,0.10902561411672299,0.17147541470513977,-0.03058275704458334,-0.10357218171287699,0.03648817803650952,0.018546316784729497,0.08837934567919564,-0.07502574942288617,-0.054735765214105454,0.013683083264442682,0.009192106700460187,-0.13944006349489216,0.14915900619273204,-0.05314496075296225,0.06499527253466392,0.03705157969945526,0.14298482095859463,-0.01629112606079202,0.09310186078975893,-0.11906361534767905,0.2845724902769321,0.0663991564815777,0.14165908457130216,0.0065902681867158934,0.019509036636618765,0.15528712132837647,-0.10909412523740454,-0.31086333582494685,0.19536837102930035,-0.014170977488024566,0.08617748538445923,-0.18825826316388708,0.08563348860540594,0.024195778117693217,0.045479635597401424,-0.22068936840073064,0.12522288390236172,0.07393313565432902,0.17760339783477133,0.13975080564919728,-0.14118571100913643,-0.08017966018352131,0.14622702064079016,-0.2289446284278249,-0.05261456059323498,0.11249301605688136,-0.07095455197984266,-0.07134713786212958,-0.006359917694250957,0.1804786208011775,0.05481826897215163,-0.1760668478449193,0.09045355615948304,0.14793847859770007,0.08730547676446658,0.019644870823865984,0.0678393420820318,-0.09759574148602466,0.08329632214747378,-0.1914999348220311,0.17499812716469232,0.1544264421244387,0.12713776312511033
000000000000000000a1_000000000000000000a1,13,Open_Low_Shrubland,1020,-0.4679358984309555,5.453481610975039,0.01438861373076717,0.13529040866635,-0.012892055091932959,-0.05588547391274845,-0.15350011684796946,0.04306609071925576,0.03875824532042724,0.1506341904697288,-0.1257967448417275,-0.03838439212670839,0.08118096358112638,0.05753449276673372,-0.10787458820513977,0.12308750028269667,-0.06193599746703752,0.06113256590602404,0.01127397456483552,0.1345345606139418,0.006978009966000994,0.14301371267461227,0.019991406020308914,0.24234841802926477,0.003778576867117469,0.1314221528672984,-0.02614988202124368,0.04211755659587938,0.11082168999856763,-0.11501669795176814,-0.2806114088849688,0.1991950607232512,-0.04402741027206727,0.07708383653345995,-0.14749102532208572,0.0986730593813842,0.07429178822624778,0.09812877400094984,-0.13904655072332658,0.08594854166195502,0.018072928210115236,0.19569462725497733,0.14469065442401488,-0.23357188411696858,-0.09944464798606868,0.06857410799767807,-0.26395247680002415,-0.10876016011941106,0.25538702309066647,-0.04457103225757811,0.024386035536859835,0.05415322915017599,0.2175089822164929,-0.0008212226066897354,-0.19557099456468474,0.20384003136048726,0.07553197488145581,-0.022165230567428775,-0.0068734951112317125,0.026506366329692176,-0.009245373197337358,0.162706048201672,-0.0777726213899631,0.13827846001914798,0.11891275602897827,0.08773168690775038
000000000000000000a2_000000000000000000a2,13,Open_Low_Shrubland,59,-0.21666392846130214,5.635510151463291,0.1180385640464228,0.007866596289562662,0.2021011475377788,0.030908581445206813,-0.0900920767110433,0.04499442847926804,0.08484142344209199,0.03960197837858967,-0.15949015698004024,-0.12504395310799626,0.08458910849151888,0.01752129233215382,-0.19099616184127355,0.05110733159997128,-0.06379084967320257,0.038931571299174336,0.07321304061671191,-4.274757427063669e-05,-0.08213685740165122,0.1917572771880437,-0.23265627952743076,0.1524503613342977,0.006149394952397707,0.007442248418144246,-0.01773398757974439,0.16252836262454465,0.20675542001446637,-0.12797476850494266,-0.2561080158218156,0.20038707407190193,-0.03804117060582955,0.09690875087156828,-0.3064907239067112,0.17650056366847167,0.12072436285913499,0.037334271694719715,-0.16251063802057872,-0.03077095510853057,-0.02423683198769699,0.1566573482167875,0.11880384988824375,-0.05325200867984278,-0.1058888693396933,0.19355267530741108,-0.011864015795749965,-0.03754071119973409,0.028169608820596992,-0.07142077036863263,-0.15636749881075723,-0.012320685003812063,0.0398469949628239,0.010121791488280246,-0.19750213412051426,0.10926071458826134,0.1566698597019399,0.0031560221296893527,0.09930678552577558,0.07609902319186228,-0.08603418502661946,0.11724512736300899,-0.10531959676525975,0.0709922520021634,0.058189874819984444,0.23609485269681152
000000000000000000a3_000000000000000000a3,13,Open_Low_Shrubland,176,-0.16767052540100177,5.597012611940371,0.08550207961972664,0.08462234804795354,0.02373352906224874,-0.008387683058963315,-0.069473629023802,-0.04241200936702663,0.013452518262206814,0.16320191534724404,-0.16673971549404068,0.02339345007165072,0.09482786340917825,0.21906539442871623,-0.045685575477962974,0.037549543881723775,-0.08934780329243994,0.03145608332459539,0.053699626017965074,0.10677187095872215,0.016242354339240123,0.22607843137254902,-0.12531788472964941,0.22371675229806717,0.03102932438572573,0.06216280451574565,-0.008595645031631181,0.17012407815175978,0.05614973262032081,-0.017951836706161923,-0.16250288350634368,0.14500401943308514,-0.06657754010695184,0.014907203523120431,-0.2375705148369508,0.144555940023068,0.25617559679843416,0.08810946838628496,0.037872147076299295,-0.011553248750480562,0.030882527699136644,0.22613889762678688,0.18420362797525425,-0.1773817762399077,-0.0694987941700744,0.10147845234350422,-0.18501555345846,-0.18209010520429203,0.18216385306350702,-0.025321030372933442,0.03874733494110652,0.09016846667365695,0.04282793331236235,-0.019723882422844327,-0.10491803851665439,0.25565307049736113,0.09243542693369679,-0.08366082975079511,0.007709971689210436,-0.04461256160218094,-0.13963405683128863,0.21393729684387122,-0.08891195693963856,0.0045269302016706725,0.05547761350529513,0.19647093775121457
000000000000000000a4_000000000000000000a4,12,Open_Savannah,595,-1.4694473168208775,9.849492986264936,0.04511505917245786,-0.09212508440515765,0.1870603097063508,-0.03768624220160954,-0.15425948003192047,-0.05134480274231949,-0.07438256132902984,0.09369893286034132,-0.07123662198443387,-0.07043207040601704,0.006996042246194885,0.07043124331624226,-0.2617945909621057,0.08623382732562455,-0.05100683318310018,0.1823730885664531,-0.03583645592031502,0.09171350385598295,-0.10699884659746249,0.12299683056613644,-0.2637422839954898,0.220056435953851,0.2332020974479757,0.1463873429417903,0.07075856409461129,0.012516556334183,0.11139782695084952,-0.06261824314500883,-0.23443311719151327,0.24276883810040742,-0.06150880559836387,0.002569250999130898,-0.16976224399794515,-0.06547377059243532,0.07430605552486273,-0.06602213111311418,-0.21436957343491028,0.11283117353054253,0.22796300065585634,-0.013927054558847723,0.06547987037952432,-0.04147834543275205,-0.14625780000581545,0.1940992572346124,-0.08182947088870145,0.065940249225411,-0.04555868945040526,-0.005388076337801531,-0.11094975106536267,-0.02940759048717522,0.1014272597158817,0.11798859520740242,-0.04220752845544211,-0.030801133371456953,0.10413670243183777,0.0878799427498796,0.03585982120645255,-0.052860134595937525,-0.16567342231010046,-0.0964158193842704,-0.08982804932815106,0.13457195196417665,0.07336244947806107,0.21360854745589122
000000000000000000a5_000000000000000000a5,12,Open_Savannah,2900,-1.4113973179434816,10.22021318936682,-0.016007721168250902,-0.012807593896246777,0.18160291665009473,0.0766341645786103,-0.13944546527197757,-0.028377053918254208,-0.09707854538705268,0.10100940487080563,-0.07611160694162719,-0.11911836561534685,-0.03874579803523839,0.027648336846570903,-0.13775018096488084,0.04135945591218227,-0.08909526044359593,0.1228466929165175,0.025120184544405955,0.0733048137984064,-0.10438654628856273,0.19156400853783026,-0.1628568534648477,0.1660080446512614,0.2136100863063278,0.20921031433533518,0.08249883731721216,0.01710056344376827,0.12513529809489715,-0.06292039401291277,-0.1530587121664081,0.27731443344071904,-0.12742114571318722,0.049014591204974166,-0.22285709740285567,-0.05114410637818341,-0.011567200943934,-0.04051341526468595,-0.2994226199472351,0.1466779302390327,0.21425194023518807,-0.058235617600657534,0.11331902583886831,-0.11602031049066007,-0.11963858993225415,0.12097174296358162,-0.0670881703323655,0.06250832968752068,0.01927441169841834,0.001693375227034684,-0.055544323801190475,-0.06387018255578089,0.12304945843110737,0.07706606212464698,-0.10167813440453934,-0.014912609208659756,0.0958755916159567,0.12473534582189873,0.028141791618608185,0.0145608506012276,-0.20936649829641119,-0.0611431889591536,-0.18613483938538225,0.1523076376459982,0.10745551976030436,0.19680782722825438
000000000000000000a6_000000000000000000a6,12,Open_Savannah,11507,-1.360833434343272,10.242717718941162,0.006876095379082705,0.002960723938927962,0.2165223789193793,0.07459794778478783,-0.1280947361095115,-0.03271357918739394,-0.11822474038920593,0.09844467104205193,-0.08116834555045925,-0.10244250770647367,0.04277855977674619,0.04372348316005896,-0.20431887823024794,0.06888482269472262,-0.06791144330280276,0.1350022704866439,0.020315815320210078,0.08863196689496489,-0.10594212632953605,0.16291204454490646,-0.16841595943455104,0.17172498213898316,0.2018745642915916,0.19383696873477574,0.07849369457576043,0.01405875974662896,0.11434169001387148,-0.07128311413138788,-0.16614751357238475,0.26540621463484426,-0.1313541332028409,0.06146078209185272,-0.21175935200434803,-0.03659270035620458,0.00849999099556836,-0.0440431334660242,-0.245634848346494,0.18147115706812628,0.21485065924634678,-0.013163729267379702,0.04573331773678903,-0.10436611357404867,-0.14124894974748664,0.1042853162578571,-0.08531583954363464,0.029092080320064568,0.027718274689424744,-0.011044919350530195,-0.04877253492658644,-0.014211073967413019,0.16408535907150706,0.11230511010348344,-0.1065510036566679,-0.05589922280228131,0.11161873385529632,0.12392339423837324,0.018657396144907093,0.014894221316633632,-0.20880672169627318,-0.05715245257830284,-0.17036240815855627,0.1274506723370195,0.08334260271909774,0.21033289500628924
000000000000000000a7_000000000000000000a7,12,Open_Savannah,1380,-2.2084016978011736,10.248551275693252,0.03537003047880131,-0.031068942268581156,0.23541219932133126,0.03382756910664233,-0.13168112598833223,-0.03761353771403414,-0.1162869130601942,0.07085484401205774,-0.05137858905994902,-0.13130178470933696,0.0007523973499601571,0.012375530035827887,-0.21099425527528431,0.05259475452585122,-0.08329438510271965,0.11537903481938382,0.035083496314126626,0.09683958789540252,-0.12271427377430082,0.12252152739470323,-0.2015222238938201,0.1663956672182939,0.23363491187893176,0.19569084354401037,0.07337222584401759,-0.0019266168530498273,0.1006510093665201,-0.0597273066657751,-0.18814788069248725,0.26396612228295696,-0.11410933364536492,0.05613470850118958,-0.20434784837492823,-0.08133950710150495,0.012814781382857176,-0.10155545525968271,-0.24347157447804355,0.11694552262507729,0.22790641280666854,-0.030614223069165114,0.0717042386150254,-0.09003511469947452,-0.14359895023653108,0.14284713237383612,-0.08067046676584809,0.0032627361828505125,-0.052004034122884686,-0.0337934239339384,-0.10069759122745431,-0.06033719472443705,0.10011988699998325,0.10346308276081104,-0.033868846430302676,-0.05177656308331797,0.0784394853707325,0.14489874017239743,0.030002239941159713,0.004456702828900811,-0.22475743443157314,-0.06936208481687642,-0.1766460837247658,0.13159830388535065,0.07484581738350352,0.1813480879706244
000000000000000000a8_000000000000000000a8,12,Open_Savannah,339,-2.85400851208211,10.757002178062192,0.03478907023506952,-0.05353366472391485,0.25034328752612733,0.05197528973993433,-0.11719749268207483,-0.035536683757892026,-0.10180772314709906,0.0693426059185314,-0.04370399857554215,-0.07210423946315175,0.08601910542688933,0.07434363229935385,-0.22374748083049517,0.07467298146050018,-0.029693684865929663,0.15213554124293013,0.00047487975466663056,0.022202307031899435,-0.16620845851209934,0.10256313943241704,-0.13656413065544337,0.17940710346258923,0.21934545256589533,0.1792695570911573,0.05665349950495551,-0.03400589063203506,0.1259191665560897,-0.054903321731260564,-0.17796268510296126,0.2433405803758255,-0.0851339455326349,0.023286346639992062,-0.2070443067619783,-0.08644499109146807,0.008785729110314932,0.008846880993128333,-0.1337504182076555,0.14601636085054645,0.27326998125295576,-0.01523081093157949,0.07625893830260425,-0.07067216035584223,-0.12523923746142562,0.17172337846006577,-0.07240401071065243,0.031483783750066587,-0.03774051051388218,0.03716219879125224,-0.08873228926020053,-0.11433133841193366,0.11028642262619662,0.14586103143900855,-0.022649967847628332,-0.04242307530913338,0.12980530519802344,0.13114520283213055,-0.017098030142706583,0.005896529471873177,-0.25180512600667543,-0.14648906309009807,-0.11153595338303056,0.17924651172285672,0.0897181592285245,0.19849991891024438
000000000000000000a9_000000000000000000a9,12,Open_Savannah,1396,-2.8310722821469367,10.86567141806875,0.042779711131601304,-0.03917210594558623,0.23071985758177646,0.016216861709569447,-0.1489387484866411,-0.036508990921499174,-0.09036661015324716,0.06411737165229592,-0.07868382118845624,-0.09026966705554064,0.028852953845170812,0.042823335525569245,-0.22608350986891748,0.08432238427142301,-0.036453513030584396,0.16487372610710663,0.0012381836829343758,0.061343961822045476,-0.13941990572283744,0.14817263362449307,-0.16477643048904483,0.14190521829272185,0.25160135676271744,0.17968033013531268,0.07784839201144805,0.011275055108846141,0.1274691572229768,-0.06400531424435606,-0.19898641584843385,0.2525437758675581,-0.07173159100147725,0.02238671703301239,-0.19764749947397353,-0.08097987439259086,0.03627712065780293,-0.04459461811580069,-0.20005358309400503,0.16546825168631413,0.23904277504023688,-0.03899091048296385,0.09140561983543906,-0.09080734872745656,-0.142550506803092,0.1758683512733145,-0.07239873577387579,0.04926471965267927,-0.029034942478592604,0.03404782599595258,-0.0751864226785157,-0.08342521996719354,0.11661672995508668,0.11403808762113754,-0.03759356385961313,-0.05036321714482744,0.11110740964738049,0.13358785302985735,0.022126072295315075,-0.017103362273051207,-0.1969982891746507,-0.12004781057318706,-0.12653233437877648,0.1648669841553116,0.07221018144883659,0.20757570650036516
000000000000000000aa_000000000000000000aa,12,Open_Savannah,2733,-2.68989066930597,10.828730187226416,0.020825562742692434,-0.05320244838140298,0.23481284816431183,0.029821714269315437,-0.18193985172468072,-0.014134719498383111,-0.09161163351144318,0.05219243970591396,-0.07978944741481818,-0.11209261882866688,-0.012994298542329316,0.03636278821523367,-0.20191510118895137,0.050176631380905126,-0.0704059304500661,0.160324500146514,0.022838219925264424,0.054883087691933015,-0.13260164931357846,0.16724688483545053,-0.15601871159633074,0.1632506960296871,0.2727880759644782,0.18882055130080988,0.068214423426043,0.01000942388535016,0.125830654510572,-0.05343167148552306,-0.1908111054700034,0.2583662423737781,-0.07988602993050742,0.01496351497559338,-0.179473745145447,-0.09037566541507223,-0.007493146616889848,-0.06366127019456753,-0.23561137016596811,0.10918386676969774,0.2326074085890858,-0.07605606388828746,0.12689252198730736,-0.08299195347338188,-0.15023643274920434,0.15425445447042305,-0.04984625660456238,0.07794359820795652,-0.010587410932747978,0.01535337881951167,-0.0886694793426435,-0.11601660145630609,0.08888121360623912,0.08760275010329131,-0.03656311084157585,-0.03826958952008799,0.1018514734334074,0.10991317617854482,0.03685272333968199,0.02149160171303977,-0.21748525609995759,-0.09566287727721033,-0.12362805096353914,0.13814678218417215,0.0894266538538964,0.18300606327634686
000000000000000000ab_000000000000000000ab,11,P_flood,716,-2.593702679959685,5.030409625570115,0.19448755205883428,0.09762914564445559,0.09856990972530974,-0.14657018465179913,-0.10108703356465819,-0.034971164936562826,0.14617609471217555,0.0006641193009134793,-0.11075001235021337,0.08959673868451967,0.10385648837254254,0.15480955970952293,-0.052763634098616945,-0.0663518758363242,-0.057696760377937965,-0.040321320334465206,-0.05078038313583726,-0.0034051364000523957,-0.04603334772401672,0.20327918570210424,-0.20979030411595026,0.21070108402655618,0.10242111435438452,0.17937003172393937,-0.06632713245227981,0.17881287601030113,0.11258299880364017,-0.017393396179810474,-0.012225121837539902,0.14854518781989734,0.1223878224748109,0.029216695770212967,-0.21141658021517293,0.24210688196847366,0.2631389302352555,-0.042460076592801606,-0.02512914027479757,-0.007466402049920612,-0.04126895757755393,0.03590840652177176,0.13184520779502507,0.015022756610585919,0.01694758569437191,0.23172376760979338,0.01818475489659108,-0.12025619712229287,0.00870941344003916,-0.06382994078341159,0.048650733817461655,0.056868887986786305,0.02520861121313456,-0.15015531198786883,-0.17580629710532475,0.05751883139059103,0.15865045459524585,-0.08727232113132247,0.10925046017969021,-0.11337135051194316,0.11114547692228384,0.28530333198017954,-0.19793272462890293,0.031141868512110683,-0.033240330856847015,0.10686186447412789
000000000000000000ac_000000000000000000ac,11,P_flood,289,-2.5922106901250075,5.008683323217859,0.20223810645093912,0.07328626599564443,0.06854728484785592,-0.1705911886431755,-0.09879660338251588,-0.03712130947772278,0.11490092312113118,0.011523063394568722,-0.08969156127068503,0.06943531167810088,0.07016518799663155,0.1591726365558096,-0.1143732580894492,-0.018076411920355313,-0.05482565263027657,-0.05329970240352056,-0.08269419932977597,-0.012581373413738876,-0.10326674994578873,0.23108535577878614,-0.18448374261163855,0.24074999102022243,0.12290061448285125,0.1483432643021249,-0.11351098659152918,0.1555138893877654,0.13711457797041063,-0.012131187233017864,-0.00347569273994962,0.19914193236830657,0.14547846250244448,-0.0010308518549559684,-0.1643692537738346,0.1660763427428098,0.22558201596670965,-0.04973610096728828,-0.07493609724234354,0.04060658064704946,0.017586847752195354,0.018146440881800802,0.10850423512915579,0.016325262176245713,0.03424820637258223,0.23446930845070235,-0.022077641152125366,-0.15337108830912782,-0.00584390618992692,-0.08476143724332798,0.08253030176043546,0.08880970720603862,0.04452181686841228,-0.1601402707768771,-0.20069193509549824,0.037787968162364974,0.14119882025678168,-0.026064396312836777,0.06426679118624852,-0.14207024447610644,0.05991030865158327,0.3549753155892929,-0.15702770693731047,0.004992277391314739,-0.04442539401268339,0.097914110755911
000000000000000000ad_000000000000000000ad,11,P_flood,4404,-2.503859736141356,5.01152594371826,0.18961485155049357,0.16415678871502293,0.1478168286423757,-0.15104888394423854,-0.08890291269933553,-0.019678199644446077,0.1600445297885498,-0.0016888075954856973,-0.09449683469049315,0.06146701768096595,0.0803102139504089,0.14768027807372344,-0.057140797869609954,-0.0286720156887887,-0.02904597931138756,0.007055527095880458,-0.033564202408002744,0.00960420099724095,-0.024188447048068173,0.20200157767867524,-0.24992433218412116,0.2338261571302311,0.07851178597206898,0.1883835358509844,-0.058217488487799486,0.21045526750173987,0.10474125615767846,-0.047456798038622,-0.05406385652692089,0.1370049736337697,0.08419564752046386,0.023258978503691505,-0.19771804388796174,0.22072157672885542,0.27871665372886345,-0.03156050160264632,-0.027640637063715754,-0.002161678191962074,-0.03566067826215093,0.008646307697626227,0.11702611410897994,0.001076173804457937,0.0005631314163035874,0.2329696291617037,0.0005789570908415331,-0.07824779193079161,0.008423658754876967,-0.03239144030749015,0.011826988920980198,0.07665385457490145,0.03959525104052408,-0.16019046681200302,-0.1832910209550508,0.011658144478072216,0.2151535931998487,-0.085742568794717,0.111276058499124,-0.09899671788360584,0.05684159065489026,0.23642427753456105,-0.20677900381359646,0.0660913272719463,-0.044373724770847195,0.11971744256820105
000000000000000000ae_000000000000000000ae,10,Palm,96,-2.5782947679191293,5.089475938157094,0.14215237729078556,0.05090478021273865,0.12007625272331152,-0.1187735486351403,-0.038355760604895504,-0.10207356145072405,0.053109701396898586,0.059148404459823105,-0.0864372677175445,0.057720107650903456,0.03288799179802636,0.14967192105600405,-0.09200051262334995,0.0038914520056388346,-0.1172613097526592,-0.08155068563373058,0.000738818403178259,-0.018540305010893217,-0.12993848519800075,0.20482570806100217,-0.21379277201076508,0.18627963603742148,0.2298301935153146,0.12343457644495703,-0.08553376906318079,0.06639561707035752,0.18094386774317564,-0.05365244136870429,-0.15293797257465072,0.1870530565167243,0.12093745995130074,-0.08456619249006787,-0.12101627579136226,0.0759489939766756,0.19250416506471868,-0.09675189029860305,-0.11077342047930282,-0.05156286043829292,-0.03812315775983591,-0.011753812636165544,0.13018390362681018,-0.03766564141996663,0.031388568499295104,0.30141419966679484,-0.04150262719466867,-0.17124631551967184,-0.03444636678200687,-0.07649109316929383,0.00030116621812122693,0.040470972702806564,0.07287004998077658,-0.1515321030372933,-0.12263808791490449,0.027723952326028405,0.18794822504165062,0.044855824682814245,0.056553889529668035,-0.0747648340381904,0.045061514801999186,0.3048154555940023,-0.24081186723055234,-0.07519992310649747,0.06023836985774698,0.19352492631039342
000000000000000000af_000000000000000000af,10,Palm,611,-0.9089245987919886,6.095098518926096,0.13404478071193818,0.07199577652055009,0.17400604450887888,-0.15731439060011537,-0.04643129200590728,-0.13243663679649834,-0.009463513655518327,0.04413400108607349,0.009162483773394427,0.012407565766911965,-0.022871122840201787,0.19201548441333466,-0.17177349011553525,0.01989888063951226,-0.10939355441159164,-0.08457802016220624,-0.07853195076047166,0.04720672081932476,-0.1274059140038673,0.11330523133806648,-0.21999173174613063,0.19967332217056136,0.23772772778441628,0.15934951368949746,-0.11048461154623267,0.052891755720291346,0.1332660294951394,-0.010176219520252466,-0.10230988836598788,0.14226078223722335,0.1390757048623499,-0.07595567863549896,-0.05227550023250527,0.04361802177306848,0.21740337815431682,-0.07860907079047397,-0.09107885611161762,-0.005732656016098537,0.008692313355495232,-0.003217395298673366,0.10588539847760929,-0.02166579516502209,0.04436505913940938,0.2501882506476484,-0.104326788576218,-0.20312892372378494,-0.13614544575893317,-0.05098550161054758,-0.007168135634601048,0.07061124042056086,0.1251432566223113,-0.08411711220221854,-0.10842814453209798,-0.07164199089988676,0.17477573462554685,0.10885472099047891,0.04013795524949168,-0.08165420450777143,-0.020378917588665023,0.32896555586388465,-0.24599477350710508,-0.028346342933694722,0.00545357413206929,0.17058990908066954
000000000000000000b0_000000000000000000b0,10,Palm,768,-0.881449981052885,6.133541589402984,0.15779331667307442,0.07102813020633085,0.10626529860310134,-0.17360214020248618,-0.036913366653851025,-0.1598370818915801,-0.008337418300653562,0.032640570934256014,0.0031628860694604428,0.039870802896321875,0.010379421376393656,0.2076407311290529,-0.1296447680379341,-0.02583637703447388,-0.08402841855696523,-0.11438092720748427,-0.05793981481481478,-0.00092047930283224,-0.11509803921568625,0.16110446302704085,-0.18689334230424193,0.15105199923106494,0.22895536972959118,0.17498510188389074,-0.10500440535691398,0.046060169165705454,0.13406526336024602,-0.0003686082276047699,-0.09412493592208121,0.11900959566833268,0.1454995674740484,-0.09934944892989872,-0.050083541586569226,0.03782167115212093,0.24125905100602332,-0.06649165385108288,-0.08223768102012043,-0.03604479046520564,-0.0017747180571574892,0.028100249903883073,0.12750520633089835,-0.029987985390234475,0.0636079072151736,0.22236303344867359,-0.1093946238626169,-0.2367957836729463,-0.07744168909393818,-0.08164864475201841,0.038221437267717505,0.06463811995386386,0.1579416570549788,-0.11375881071382798,-0.13452654427784183,-0.026928905549147713,0.17662693835704213,0.087346052800205,0.04844603037293344,-0.10967872933487118,0.004850858644111222,0.3245095636293733,-0.22475321991541716,-0.03677223503780592,0.0029016083557606045,0.19143694732795077
000000000000000000b1_000000000000000000b1,10,Palm,1537,-0.9487487478698272,6.247817231579622,0.13474923437935007,0.08415777225965586,0.11084014781362553,-0.11454432345099237,-0.07607331847992997,-0.07960515661735623,0.005981303922694245,0.07965646564543886,-0.04174681826243192,0.013569917180644918,0.02952002095185346,0.21405918398333856,-0.1712967511369557,-0.006981109562735101,-0.08305935082773075,-0.08908059734794957,-0.03807321992417206,0.009912928239151282,-0.13273701596678317,0.1510524579280728,-0.13863711394721562,0.1296260959637915,0.27449021283791303,0.17458461124381114,-0.10509465730236878,0.07707552547853944,0.17626416144933993,-0.05997028819054376,-0.13179196130210663,0.16160718926732795,0.1274022778386872,-0.07594316484551131,0.00032598442568883333,0.06636006320575862,0.24934946946234834,-0.06421184785292275,-0.07140291619984002,-0.04861250252330253,-0.026659682715496253,-0.027740854388370182,0.0688369044787088,-0.041264505393926565,0.012880487135596952,0.22137004010018668,-0.08159336144423705,-0.22641837619633307,-0.05678432573228301,-0.06785767047707236,0.013481547185320067,0.09697926601975064,0.13151532479500275,-0.15014454427592408,-0.149680721868397,-0.020483268409102424,0.15207011366680698,0.07069855770902385,0.013661889213822694,-0.098591017868359,0.02905091555547546,0.34010413391376165,-0.21096623414696863,-0.096382528415451,0.0657767732094432,0.1329260028861328
000000000000000000b2_000000000000000000b2,10,Palm,123,-0.8896369562614159,6.30998532894151,0.13259290516780597,0.09676778474820501,0.14268833438046027,-0.07839786448614194,-0.028079756691453843,-0.04166102468406459,-0.0358721317316979,0.09868774673905906,-0.06370832981686214,-0.034374271309033685,0.03758304341982284,0.12459948175029614,-0.13575266548513232,0.060429540858268974,-0.09335096257536966,-0.022705463502155177,-0.03321099139480433,-0.012142921890579902,-0.14350753149976708,0.14611465883978328,-0.2956176329929389,0.1284909181271743,0.20609009042800921,0.1537675003047608,-0.15840211550904432,0.07310859175489098,0.16879961740793875,-0.022695961215667474,-0.15852164427065257,0.16112877161066877,0.03537901307502113,-0.02628182406391536,-0.029277044788902286,0.1162859813142537,0.23357920499620222,-0.05096776411824091,-0.1322318182812739,0.028437842855937173,0.04262575682273542,-0.030298790646499287,0.13596971771332475,-0.037098926929292314,-0.040919346217683596,0.2770036540042447,-0.0745489383382876,-0.17654598137676875,-0.07952563585612785,-0.03948650143940881,-0.07606030201017117,0.08447032567211481,0.08014978604226639,-0.1069857434445163,-0.1290935631386302,-0.018188376578114073,0.22615091756453895,0.1112147610518781,0.025479631036218038,-0.06054356829612122,-0.04715734723667878,0.258198629045114,-0.24076243346055143,-0.06578482947459229,0.13344561034999045,0.1560805568840002
000000000000000000b3_000000000000000000b3,10,Palm,291,-0.9189770000291878,6.324099093707214,0.09241911979399937,0.10755154969473806,0.16821761653923742,-0.1015254244006072,-0.04662969965292223,-0.09615038360873623,-0.03779587813833162,0.10789928800844505,-0.016723781891976475,-0.06141016341851068,0.010612888777908539,0.13448636593644261,-0.14829696746295037,0.060732443641158325,-0.07842883585615362,-0.007788915444892294,-0.02468117602138216,0.0068296227594197775,-0.13231685936284085,0.10673558015619156,-0.2842833644474567,0.16794513344722023,0.23186556584765836,0.14120860203120392,-0.13146262804023298,0.07163853183615602,0.15955882683239722,-0.03139918429470025,-0.15553838003094234,0.15233200024838447,0.07085997851738225,-0.05106003374329984,0.00638020534000272,0.07595746283150409,0.2360743620944099,-0.09482940079879398,-0.11413447907294444,0.07839184241852522,0.037957169526391464,-0.011247484776539777,0.11716096505309218,-0.05701196077110173,-0.014893346598123068,0.25742676290245226,-0.09637657205594989,-0.20358228595663044,-0.09462287172129141,0.0021509041592514466,-0.006641061923050969,0.12196503855905273,0.10325354641553404,-0.09185132337417141,-0.14564675759125154,-0.01453990072546771,0.20036068601687693,0.1225719423272307,0.06729423391214848,-0.08615222006867564,-0.080356933825346,0.27047593378703144,-0.25926586523026435,-0.05655260797129305,0.038399611040427176,0.17169901610667843
000000000000000000b4_000000000000000000b4,10,Palm,440,-1.5202360270443662,5.5566004630162,0.07597301737094121,0.0638320925518157,0.12756380413127816,-0.1416476180490021,-0.09726650588934324,-0.1423561567229387,-0.001438887141309281,0.060033273915626816,0.02934297997273771,0.04640103456712449,-0.04406696725035821,0.19691251616511132,-0.1402185173534654,-0.042462129950019176,-0.09829897591835304,-0.13138401314179857,-0.06572870574254655,0.0013379469434832718,-0.10821292509873823,0.06311502568942011,-0.08785571982803812,0.1286333228478557,0.3216950124078152,0.20233252944671626,-0.05980035650623882,0.06216280451574565,0.16546321344937256,-0.05271049596309107,-0.07731585753731078,0.06952458844500363,0.23553542343853762,-0.06812442766768022,-0.05909293628324766,-0.03252553213798884,0.19676571947852223,-0.07668421236587322,-0.09379958757121383,-0.02948963685295861,-0.08271503967005692,-0.002359092656670517,0.12751543112788785,-0.034484498968927996,0.07644696095907164,0.14657565272098141,0.004664359861591686,-0.20499332424591937,-0.10036419558910906,-0.01950816119674248,0.04584320715808601,0.0738854286812764,0.1850064660445283,-0.08888231798958439,-0.14413826849813005,-0.01649575338156648,0.17378183216245494,0.10925252525252523,0.07977351368354825,-0.0755731711579462,0.021753731082450763,0.38984180909440425,-0.1600805284680717,-0.1258553703121177,0.010822131348082882,0.17260536157421968
000000000000000000b5_000000000000000000b5,10,Palm,1020,-1.5643169809537947,5.485950557773868,0.13278277585544018,0.0387311667458217,0.03779758916253925,-0.15818507210650498,-0.06655141687586218,-0.1525002600809643,-0.02398860166904128,0.040127070282168956,0.0214659520094081,0.07690894150816802,0.008246722602920429,0.21418006649026392,-0.113913834045729,-0.05949331705000335,-0.06926476242169297,-0.1584966867946717,-0.051874226353363286,-0.01659337660477491,-0.13986518005895165,0.1346013825753292,-0.056167115212097864,0.0720976396710164,0.2891281332217624,0.19490977075182242,-0.05524722768769172,0.021685535729093614,0.14892100323405022,-0.03551285704593251,-0.09730061590187783,0.08919043203594391,0.22121458564202304,-0.07962295044892233,-0.04236060037240575,-0.042136855357290885,0.18731679369171733,-0.049678268539249566,-0.1208956434553829,-0.07804413083957147,-0.06004037662739063,0.024222719768414825,0.11661065502710116,-0.06618172497757269,0.0631901154156395,0.1602023957603033,-0.009364965209459395,-0.2396182463758283,0.008097036584722304,-0.0679596233726093,0.035257027839971006,0.058640854573278715,0.22844667586373263,-0.11656843898651345,-0.16130779262877773,-0.018317298776488668,0.19126176206737977,0.05212088864765432,0.05756718004387448,-0.0631463313506871,0.08037439597138352,0.3821355587217586,-0.1329630986573791,-0.1015518314976894,0.03185326910464297,0.14368410339914509
000000000000000000b6_000000000000000000b6,10,Palm,204,-1.7355150374975454,5.154944042127472,0.10626712199681869,0.09894595592946902,0.13371659467324026,-0.10388613730767199,-0.051011451101009374,-0.038497410498224624,0.0749726726522981,0.11496845104823934,-0.00044477614190621147,-0.08163557002962657,-0.008581013335745666,0.16373008872907097,-0.09934580214246402,0.058615464640296676,-0.10176146429352208,-0.04368244491183628,-0.043142079592313615,0.0883222893155724,-0.07556972808346711,0.14757220073727295,-0.29203549162840836,0.2542708309775275,0.15220691890750912,0.06855100979261367,-0.1831349933283578,0.07785331433611503,0.14104560086241336,-0.025297359235889615,-0.16866906393468573,0.19117895831919846,0.06489389450512996,-0.05162690066414873,-0.0577222938387196,0.13687525913864199,0.15977263646712045,-0.060607157126595305,-0.06318384331818075,-0.0011341037760740614,0.02471568250522043,0.008852402168095208,0.15891323849801353,-0.10182991458790357,0.038623455533693625,0.24232640537952974,-0.10841229994496834,-0.1589491221325131,-0.06923249730495808,-0.05866461617326667,0.013289911120157387,0.1126541073945918,0.010857664096011313,-0.1272617620673798,-0.1663417539257148,0.049976856563463484,0.21470595773872794,0.09015506856337303,-0.01219953110040632,-0.0465860038748294,-0.007522898432729471,0.3398921983249278,-0.22490595623101217,-0.0018762014609765396,0.06977467188336307,0.10627556520493624
000000000000000000b7_000000000000000000b7,10,Palm,508,-1.9475896105058017,5.109692835243494,0.09771480987021947,0.08062277682417722,0.09917578641770122,-0.15292688759925765,-0.08641267592415997,-0.13256161318935478,-0.020740781104784,0.0507424461215704,0.02730688075755233,0.05774411416566004,0.01380704574557935,0.2183280204161331,-0.1117482978987488,-0.04394820889603328,-0.1052995365198727,-0.126976965249586,-0.043587717625262194,0.006088633384494743,-0.14773021884375176,0.06193668697987142,-0.10642557223599643,0.09756078068096156,0.281454437572466,0.19993182513085514,-0.06783181514075443,0.04768474874896691,0.14619912995304649,-0.04281357563868525,-0.130616268122194,0.0719385336348527,0.22512552712917805,-0.08735804218244343,-0.07034314482316005,0.015245378064766092,0.21249840309753668,-0.060258592243443584,-0.07188488982129825,-0.02116375591459373,-0.07385493768296261,0.019596702661302246,0.14406609208451016,-0.06828918011546131,0.0734931143987624,0.1680209005016241,-0.03553714955180771,-0.21352308470091755,-0.03325008249401347,-0.02016535130340542,0.03379305960457362,0.06617757555392077,0.19115979014733883,-0.09592240416314739,-0.10257278393833986,-0.0016192439612868722,0.19123644146557803,0.08731905051660925,0.06280443318287632,-0.05380292861316207,0.0781230719862439,0.399594099180509,-0.16389904549128584,-0.0718466247082436,0.049924953152482195,0.16947993957502713
000000000000000000b8_000000000000000000b8,10,Palm,234,-1.6745027531166237,5.229522433828926,0.11190883190883189,0.09129322384224342,0.14711002014346877,-0.028358586605414703,0.00039117104861050164,-0.030257133186775597,-0.030104923484392875,0.08190985058343762,-0.007380198937292353,-0.04877624319377486,0.03290279544028098,0.1669630023955283,-0.1322399997371162,0.025226063611300014,-0.1279539427636313,-0.07455804309322182,-0.024341459727849526,-0.010474866668638264,-0.13442535251070425,0.17628696392248866,-0.2207222074350102,0.14285577210606043,0.24810602102412943,0.07564769631666975,-0.15459694989106748,0.039264319771816866,0.19462047798841337,-0.0697512133728973,-0.16999300071964424,0.16673902542414648,0.07402176020399777,-0.0560815202568374,-0.042067186519320274,0.07136505683218482,0.1874342872728109,-0.057520283125819416,-0.13674083275005994,-0.07564033557113138,-0.04771235257971125,-0.09307058100599043,0.1026458594163323,-0.0676917819247692,-0.012368418458383825,0.2641532349490827,-0.05372871052225142,-0.15126647541872448,-0.05043188517236956,-0.028816004363870544,-0.09088443958109467,0.08822773620928172,0.07901155702770463,-0.15451913629537617,-0.13885389248711044,-0.009363131208575265,0.25728066457016857,0.08834577102166488,0.008013748821130578,-0.02664879057035915,0.015759619081418357,0.29617799860014393,-0.22645622820940006,-0.11000686783847105,0.1673704722378309,0.14371619068274197
000000000000000000b9_000000000000000000b9,10,Palm,749,-2.104564479714111,5.40594445686498,0.18613984864607377,0.06419730729015076,0.012876715282044617,-0.1218760166701828,-0.03254551884891757,-0.09428412303165719,0.01609568877945164,0.05625795562865054,-0.018693518822225582,0.004632171358556242,0.05055514747588605,0.1670912851121757,-0.08784872204333444,0.010356825889600818,-0.02281550333162398,-0.0478953919849046,-0.02319962179484214,0.029145286115179043,-0.13034699091291269,0.20030369340332796,-0.20543217176920245,0.18931225486346268,0.10893507632116432,0.1044364471095383,-0.15871426672189853,0.06505941793979819,0.15934896150140462,-0.018232609518060452,-0.09924604329545632,0.22935149210866315,0.08378775956048533,-0.02325891910731671,-0.015798216666178998,0.10084477111350311,0.18814585537348524,-0.03921350984960592,-0.1435633927384404,-0.023909382701220484,0.056451534251230236,0.07912019049877597,0.153054740679486,-0.052056470013330566,0.03475142815051616,0.2517325317519348,-0.1166982607593156,-0.236738935266245,0.03020869553612169,-0.07815500765085213,0.05454153660731284,0.08277543452785179,0.1010276729346677,-0.1446095550186356,-0.20252520726084092,0.0537452114802307,0.16067387042777526,0.042561919031860455,0.025555334833218566,-0.09614763552479813,0.028302229449595446,0.32989197438183626,-0.26234790049426404,0.027609633554722943,0.0326216526559313,0.1326438994142645
000000000000000000ba_000000000000000000ba,9,Rice,434,-0.7617236050049705,8.473356988487375,-0.002966033978423743,0.02397773277558965,0.1931488243621294,0.026050101254923175,-0.1188097452769849,0.004955343301140823,-0.02431223722885734,0.09709161843105361,-0.11708761429935666,-0.041667632264797076,0.013163742410310089,0.04110832947979946,-0.25365302604280165,0.11959639769886447,-0.025301293192798897,0.14306486161827156,-0.016299438181344616,0.12740792711771615,-0.10843713070300856,0.11849565126493353,-0.13356295079701705,0.17035177891523465,0.13791533564722533,0.1778822395498363,0.10551829586989758,0.03679435594604695,0.13862233065269114,-0.11370075671002111,-0.258793905924166,0.2416594822622281,-0.07236720368096634,0.07559644730757574,-0.2149705625450686,-0.019898337576649855,0.07441944519743378,0.01037658327087951,-0.19747399529071588,0.18328888038453836,0.17835082926276136,0.049193840724145406,0.08085539592180954,-0.14767166828780845,-0.17161382453044463,0.14785819704225772,-0.11674092027702919,0.07882484049913446,0.08279864001261475,0.016975250568285465,-0.022330156604071054,-0.039607878572048644,0.1893224335907671,0.11797603544896766,-0.10114238231662048,-0.014038131381584858,0.10686269194584852,0.08924918987202721,-0.009816997007531655,-0.00036639576766822244,-0.12681021301626277,-0.07939179719958821,-0.1699432866125577,0.14685440020410437,0.10374556400675383,0.20751848367430462
000000000000000000bb_000000000000000000bb,9,Rice,23516,-0.3667831241207831,8.515332932330965,0.022412584323391094,0.03959929839747214,0.10914144461035596,-0.034687358722576396,-0.08906616379179266,0.016559491197564277,0.017383772802785143,0.08560414076546503,-0.09739604646543952,0.06533934538765523,0.07094334228026311,0.015756764362222387,-0.2905801640268286,0.16182871818635966,0.02725693776171368,0.15081360558524892,-0.11559422596370124,0.1325040501844221,-0.14518696833665773,0.06494473091492212,-0.1624575969086693,0.12509218359039814,0.04279821197428935,0.17706402191732945,0.1338404197582164,0.07588471049413195,0.11228998437606166,-0.11791905699974473,-0.20215939294548216,0.16934100803471044,-0.05727092154946616,0.051835405004381864,-0.2603685538665536,0.02210738813934397,0.2053445444295405,0.004164392004095922,-0.11798071829047128,0.19984424847653356,0.22192997459532324,0.0965196828859116,-0.022426168536981074,-0.11775670825180808,-0.19542458678570968,0.12312330708242257,-0.11947789848056528,0.06194227703254904,0.05517642834193265,0.02750006196342368,-0.051695762009181793,0.10800691819173529,0.1938830571334157,0.17131883081853383,-0.09809813292923368,-0.0655753387273883,0.1723747869619016,0.06171834285411962,0.0564737011207499,-0.028912969281379233,-0.10043405525463235,-0.09487240145183405,-0.12121047036026218,0.12441879583781053,-0.0064041627910915565,0.17783761319115288
000000000000000000bc_000000000000000000bc,9,Rice,39,-2.651529506631308,7.746492065872175,0.054028923786709204,0.07506540876783087,0.13096659075897826,-0.02570214611737099,-0.039695974920888354,0.036719604885694805,-0.10747897751357957,0.05485858496239114,0.020773075444355686,-0.13958497224933206,0.2169832115852877,0.08319955835526767,-0.1877605260304222,0.047927917270477786,-0.06700066049547014,0.05094056526582474,0.036322124626622855,-0.05521978726130973,-0.2283666045603762,0.035964076932935025,-0.19074793718392333,0.1321874229832707,0.01979199321759871,0.1883362414850304,-0.12190656453632229,-0.0195238517729867,0.13505811374323481,-0.08710811423614188,-0.28663531777718626,0.24171689389682469,-0.07738088900718654,0.06128293851477238,-0.14225376827452949,0.10186851211072662,0.13541773873953802,0.0896870040122635,-0.19561864766017015,0.09303719476729853,0.10788749889095907,0.061166218121235384,0.09792210096708363,-0.12489082108459268,-0.07684302881534712,0.23408432654107394,-0.16443064304655997,-0.12754226678102107,0.015659460365342676,0.005626238429006587,-0.09870917497215072,-0.10763670777511604,0.10211299401610817,0.007411744989599634,-0.09745048748508953,0.12362424708445467,0.11232287384536516,0.10886858111771602,-0.012544287699997011,-0.04074803576533677,-0.0896822721044174,0.0003612022989185594,-0.23460799100937507,0.03341515590650535,0.19757134829799186,0.19007758357239324
000000000000000000bd_000000000000000000bd,9,Rice,34,-2.6534873206734964,7.746886179833646,0.04969853223873167,0.02885948843205097,0.13273265938439963,0.04468507587579432,-0.05432842571861497,0.044990840626908155,-0.0898224664721713,0.0754678064997625,0.08417215098265371,-0.06918425040142927,0.1853332428703892,0.11283081167876607,-0.2540127100436484,0.07661487663115991,0.00924169437094329,0.0556184273017165,0.011309677273446813,0.07827215776737449,-0.14426668475925544,0.02249451568401291,-0.08811271682836916,0.1824004342221317,0.012478458511432209,0.2369912024786847,-0.0884438112038356,-0.053356853698803594,0.15444557523124586,-0.1468774453264581,-0.23114729628875774,0.21052898206572132,-0.12363932424180743,0.03873804192957454,-0.15880588913766194,0.047737295610285585,0.1030734785263586,0.1919515118619535,-0.11460931316009677,0.04668973471741632,0.17248388628807923,0.09522491349480966,0.040652237827080044,-0.0919700567654974,-0.12250672818146864,0.17727299454960754,-0.2336277902164326,-0.17286744917113323,0.025213831784155368,-0.010625777415925998,-0.12237465228305852,-0.05069181536513101,0.17357486939412436,0.052966053780220235,-0.16750480584390615,0.1021706583440758,0.139723635705724,0.1322550150394644,-0.027395797996245752,-0.020079155076101893,-0.12062148042608044,-0.0685347264626727,-0.15114910554764002,0.17188502159802785,0.18641698894090505,0.13066467648189606
000000000000000000be_000000000000000000be,9,Rice,311,-2.7084240155938355,7.9416194365008055,0.036657481478184824,0.0876253629880172,0.19018379030573201,-0.054544047491009474,-0.0586605943051831,0.039674475931221066,0.008006814099449736,0.08931296520878065,0.03332242978522973,-0.051258840589384944,-0.020287423461913586,0.06919188884809326,-0.14903513489123027,0.10441514579477838,0.03995475398406,0.11512485304316543,-0.031807504163004305,0.10672818146866588,-0.11025371147134849,0.09618759047657897,-0.20912401982418338,0.1434635948825025,0.05923934771563246,0.16050181045875253,-0.005826697869110426,-0.002565622175987216,0.14969577617315127,-0.12970188314907324,-0.2472048470103633,0.1796182769179798,-0.097995453146267,0.03222287742409235,-0.253335756344023,-0.03131499015342845,0.1891261708642854,0.08393724402313725,-0.1805710640601994,0.14587513335830515,0.13503764938293578,0.05309281243548421,0.03540542779119083,-0.11422903137675217,-0.22792717616647565,0.19713357835410816,-0.17599444191017302,0.06284518321545877,-0.02197245432439412,0.006373408199418709,-0.13070273491150444,-0.09005232961351739,0.17835277304919822,0.11232543506022291,-0.09368783463199286,0.02406019945333909,0.16463873034239856,0.1665603261669083,0.017532311960153805,0.03551362263586472,-0.17552961945133638,-0.11361427895034185,-0.18841588258782482,0.08461252226759182,0.08540806096097095,0.1759105760707914
000000000000000000bf_000000000000000000bf,9,Rice,176,-2.70505489758994,7.940347254477103,0.0820334836251791,0.08376393694732792,0.1572168047254552,-0.08344727552340005,-0.055697808535178736,0.031500821362413015,0.007165425885149044,0.061024431162839426,-0.00028835063437140045,-0.03304812834224596,0.01988920345321726,0.07526301073013872,-0.1858372653874384,0.08162315193457058,0.041034916640452924,0.11460067806088564,-0.014060675963790126,0.13192653175352134,-0.14125581070217746,0.10867218901820976,-0.23717171717171717,0.15655377302436124,0.08025095243088319,0.1755073223585334,-0.018698752228163956,-0.03269267065114812,0.14003669917164724,-0.11345391632588861,-0.2533944986194121,0.20360350913984132,-0.10709097899409316,0.020517633078186683,-0.22341302296319598,-0.04166055013805874,0.19090524623396596,0.047987487330047846,-0.16243298032225362,0.11682709447415326,0.16187690049281742,0.028217818321624524,0.025983712558106987,-0.1076771171926881,-0.23882248086400334,0.22170528817587642,-0.1637289853552829,0.07134738387333539,-0.030848624654852996,0.011967425116214027,-0.12178427877389812,-0.0753011079654678,0.15704728950403687,0.0864087239173744,-0.0858910908391877,-0.002026842822690562,0.17780993324245917,0.14078361469364925,-0.003985879556813801,0.021513403935549222,-0.1568900073398343,-0.10510747614553839,-0.18361644122889792,0.04607982943623077,0.09885463632868473,0.16533256439830832
000000000000000000c0_000000000000000000c0,9,Rice,24,-2.6693714082375055,6.478578046699084,0.11584518774830192,0.13716775599128536,0.19175189029860307,0.028409586056644846,0.009470716391131596,0.05247981545559396,-0.0006740997052415656,0.11393566576957577,-0.11857747020376776,-0.04862745098039212,0.06044854543124436,0.11475330001281554,-0.09306676919133662,0.023521722414455933,-0.014568755606817849,0.04687171600666406,0.058234012559272026,0.03315135204408557,-0.14569524541842876,0.1565961809560425,-0.34,0.13965141612200432,0.041917211328975995,0.11497885428681275,-0.09921056004100982,0.17536844803280785,0.2011764705882353,-0.05109060617711133,-0.2534051006023324,0.2073433294886582,-0.13892861719851338,0.013707548378828628,-0.10396001537870046,0.1431013712674612,0.13367166474432907,-0.011649365628604337,-0.10664359861591693,0.020545943867743145,-0.0289504036908881,-0.05304626425733688,0.1154453415353069,-0.08376009227220298,-0.1334076637190824,0.280079456619249,-0.03341022683583232,-0.06799948737664997,-0.08444444444444442,-0.041312315775983564,-0.17107522747661152,-0.013071895424836562,0.02730488273740865,-0.09505574778931176,-0.08775855440215297,0.05031910803537098,0.21427656029732153,0.08514673843393562,0.013282070998333952,0.018400615148019942,-0.11931821094450851,0.05929770601050872,-0.25578110982955277,-0.039610406254004825,0.13392028706907597,0.20491349480968857
000000000000000000c1_000000000000000000c1,9,Rice,8,-2.6618361766458585,6.453775716926764,0.131918492887351,0.048935024990388286,0.14861207227989232,-0.027120338331410948,0.02611303344867355,-0.012341407151095699,-0.05980007689350246,0.07840061514801996,-0.13034986543637062,-0.0501960784313725,0.0509727028066128,0.10930411380238368,-0.11325643983083426,0.050457516339869224,-0.10324490580545942,0.008788927335640111,-0.00017685505574778233,0.040146097654748136,-0.17962322183775467,0.21360246059207993,-0.30911956939638596,0.21104190695886194,0.07578623606305263,0.13273356401384082,-0.1327412533640907,0.0549327181853133,0.1275509419454056,-0.019108035371011137,-0.20879661668589,0.239438677431757,-0.1267743175701653,-0.03247981545559395,-0.1539407920030757,0.08467512495194153,0.12234525182622066,-0.037893118031526285,-0.171272587466359,0.028312187620146062,0.02323721645520951,-0.052172241445597796,0.08674356016916569,-0.07467896962706647,-0.06472126105344095,0.2940330642060746,-0.10998846597462512,-0.048396770472895,-0.08143790849673199,-0.04139946174548246,-0.1398154555940023,-0.050272971933871535,0.03328719723183385,-0.06352941176470583,-0.0792848904267589,0.0040369088811995245,0.1881122645136486,0.108396770472895,-0.035386389850057626,-0.015786236063052662,-0.08357554786620527,0.1697808535178777,-0.2763706266820454,-0.008904267589388688,0.19394848135332562,0.18156093810073046
000000000000000000c2_000000000000000000c2,9,Rice,254,0.39021842254971967,6.90196228128642,0.02020058911321202,0.10069294971346572,0.13775077423280566,-0.019482512782787932,-0.00473228043726366,0.045549773406351836,0.06407977549519109,0.08042721303435682,-0.029749430110163528,0.028720873558625196,0.025354512346856248,0.05886627493362633,-0.17320073745107115,0.10486626887901986,0.06152787994926236,0.09765499035803914,-0.09049602363718373,0.1367074444414171,-0.13166395723025967,0.14408946286558466,-0.2933970277936711,0.2126605454594992,0.014411900934528486,0.13517926176182993,0.09579501524247182,0.08450293194319564,0.16061926515240954,-0.1323839710347625,-0.19644388742064678,0.22147508378061737,-0.09904900295767524,0.04424367369303745,-0.2816787001970774,0.0657111286694699,0.18562406342805762,0.024703763240667538,-0.13759069043705174,0.17351751446294122,0.15580657954087915,0.025229303084519244,0.013752675379245387,-0.08413674934231834,-0.14769752396867342,0.2136600398998568,-0.07778934207618507,0.04403660615087469,-0.02421939472098856,-0.025971355656667434,-0.07592379672264146,0.06615238839089746,0.11680619507336666,0.0751727833328792,-0.12760107408719235,-0.03184989419575144,0.2547742085872484,0.10756105313825388,-0.005105486381676317,-0.02508471908139506,-0.12187922876422452,-0.09112642926554593,-0.20283730969614955,0.07082606023727998,0.07837591235351633,0.1806609813911669
000000000000000000c3_000000000000000000c3,8,Rubber,291,-2.7126700054726514,5.1844618429309595,0.11348318317961235,-0.013282546628246317,-0.03221092601180351,-0.06437132955736026,-0.0193739917636753,-0.18028720119541647,0.0006466452897444916,0.09361686160887099,-0.05409624371276705,0.08017217802827616,0.06979773837976666,0.16831337669492696,-0.09377836438800301,-0.05563474793596432,-0.17032455135547916,-0.1448455854277564,-0.020456948226362813,-0.01079299397139084,-0.1367391605924763,0.14967100943200537,-0.14050424697875913,0.09960641624751777,0.24750850518766906,0.10904566179278123,-0.031136636583074674,0.050305156224608266,0.16500278111379307,-0.01244205572532898,-0.21688258943493843,0.11834116140897433,0.12640446246553333,-0.031669976258140164,-0.11527197443224979,0.06636390180356216,0.21343458965689907,-0.09850760545441811,-0.1413815199282327,-0.12551091240350323,-0.07772638332335828,0.02375422616995045,0.19225848900304005,-0.07299566251943804,0.07925241547329796,0.19675731380079825,-0.014335696949758923,-0.23506729502662868,0.040431502026051266,-0.07350659474085433,0.018197811838164244,0.007208646951806761,0.15225146024989064,-0.0985720797314276,-0.08745142959818517,0.059582476208595386,0.13742427905735435,0.010256060648098588,0.058451533972527045,-0.037139086077123344,0.1434070691816919,0.3568613182083021,-0.15375487355510895,-0.09851352440443865,0.09719782637130046,0.16447705151732542
000000000000000000c4_000000000000000000c4,8,Rubber,230,-2.7033856685288,5.1815811296968235,0.11576417097103117,0.007543319459070916,0.020566805409290706,-0.06065466459388525,-0.03238968289788204,-0.12978660381458634,0.043845878675425796,0.09859726192267185,-0.07741744813867571,0.027853902345251785,0.0814747505140163,0.21919248449592965,-0.06720679337378596,-0.05817775771860318,-0.17135563244905802,-0.14378175618073313,-0.022478578473162453,-0.013206960533574027,-0.15090008859468762,0.2301720742858098,-0.146786887986226,0.11688882202497364,0.22814930712267856,0.09281299834511807,-0.0627130033599117,0.014056934623806885,0.188791066980927,-0.022650017551777705,-0.21469896193771626,0.17201330591912806,0.1101010648078498,-0.03435574946090965,-0.11085315012620561,0.10004526687060158,0.16126479782023634,-0.06715945372181263,-0.11509178743961349,-0.1571419688079835,-0.1113797703224512,0.004136469250956977,0.1460687695368002,-0.06542848068468644,0.07113785667719769,0.1968150042625746,-0.0322300118683449,-0.17194938401618104,0.01934747505140161,-0.1258223760092272,-0.00892847232669707,0.0123906858566103,0.12140240375775199,-0.14495642144325754,-0.11695969777510319,0.019951389933637546,0.13648850776457214,0.032816274676963665,0.03254373735854098,-0.035201711716229496,0.13284255219564378,0.3444039917757384,-0.174612440031426,-0.10343419754943747,0.09733540611470502,0.1392852916102502
000000000000000000c5_000000000000000000c5,8,Rubber,338,-2.1020459172023473,5.408658269073858,0.12979113631762018,-0.002805293366911672,-0.014868200441796372,-0.048228332753219576,0.007835311407310313,-0.22341338902424876,0.04781647477415372,0.14118466042873812,-0.08974227026928648,-0.014739528947673714,-0.012761591468006128,0.11678585159554013,-0.11545472951914258,-0.06799387581926838,-0.1493217219594648,-0.09338729528242434,0.0026564202662152994,-0.014282899840525583,-0.15666891887280493,0.1499499737242617,-0.140251746597235,0.15915626443175016,0.19550878246646142,0.0750216689529971,-0.033557234472858605,0.01411509910844485,0.19414581101033054,0.016748405824796527,-0.196329222488392,0.2306845114191401,0.03517500096685613,-0.024997577172184527,-0.1171815118900559,0.05179564527980814,0.17427216204964405,-0.1439457286569344,-0.17785949418635066,-0.09190639012305232,-0.030328071360810206,0.011222629439291643,0.1953382517875464,-0.08627541978619963,0.0643812461752307,0.22501240988331753,-0.0406441764546635,-0.16931548858085985,0.01983652168374017,-0.08706310044611877,0.1414034201683922,0.01052030511705781,0.07599716995511509,-0.0876908062215488,-0.14500549401800397,0.025316252965973465,0.035578487108963504,0.025236902511323545,-0.004568293032493183,-0.0514529459538775,0.05185188218459441,0.3692547927629109,-0.22423073510643377,-0.11338251787546434,0.04517024630945307,0.17373563649847917
000000000000000000c6_000000000000000000c6,8,Rubber,1220,-2.0216634658649784,4.791527532607145,0.11628546397665461,0.020155576984892308,0.05710711517007956,-0.03198673902219192,6.9683160953231e-05,-0.1795873213959322,-0.009435967250931224,0.12515907500898138,-0.08886372832643179,0.02060186183119983,-0.019635827329967638,0.14014095461392523,-0.12191260612248754,-0.04692177661807245,-0.18348115794051464,-0.10221899521621568,0.022644607055293964,-0.026443952830248113,-0.17750837319820242,0.125490649876151,-0.20899628768254325,0.11764574785233922,0.2095229451472006,0.08004255614171091,-0.03929046205431702,0.0087885995928426,0.19866376740345765,0.01152893275600177,-0.22056001159705285,0.25710993880033534,0.038263618658649544,-0.006140689898588811,-0.07940249966910579,0.03953591619868773,0.10660283245410022,-0.15116813835788248,-0.1363592061061004,-0.15702429708624044,-0.04510895557194265,0.024788700436780272,0.15399413844612095,-0.06473752213839566,0.06347818304435239,0.24635175626020256,0.002273375309622408,-0.15651100144332883,-0.02748309918631545,-0.10597744877443098,0.09147851078714993,-0.01362764636552143,0.06576249992121563,-0.11603224484908073,-0.11459400860955116,-0.02177871058420152,0.07057199942014733,0.010747291394860732,0.024963815934602684,-0.03534343033259587,0.0052514984778868025,0.32474944693402913,-0.22887308160165384,-0.1080098574949105,0.024917478145227854,0.19704406249803036
000000000000000000c7_000000000000000000c7,8,Rubber,1433,-0.9311566099299391,6.2750567301020945,0.10873078232565549,0.019432324193309047,0.030745467213882216,0.002494075363681309,-0.005638069849671317,-0.16542090070569773,-0.004362957722256698,0.13690593531448125,-0.10325235905563186,-0.03629927079954482,0.03200813042812184,0.1370608598925798,-0.14928075599244797,-0.05520650842058972,-0.1870854867404318,-0.10242141556484392,-0.026276092747622663,-0.011260986367098588,-0.1871389312125107,0.11877070201943368,-0.09370623194203309,0.09881088732579901,0.2539798504681623,0.10699785068440848,-0.0461346419716717,-0.0011125035649770171,0.19506867426855254,-0.016124647962711198,-0.22799433252495885,0.19733205839291504,0.06939002740102372,-0.049654722417407184,-0.09601966928281647,0.06297604684225533,0.17244436288259946,-0.11599708416404336,-0.18738705093027452,-0.12177505404142962,-0.08583499877791377,-0.06151201172558835,0.12169662588842713,-0.08723163805428849,0.031447199571370994,0.22037246396992086,-0.03472645793810043,-0.17872861718062696,-0.019632751695426588,-0.09106890822226565,0.05088437454808965,-0.01740130547245098,0.11275688962831136,-0.1109838639011835,-0.10061683828191044,-0.0006850336429195543,0.03662762161635719,0.05819596467406246,-0.0012657110516031583,-0.006868923944384473,0.07137648759817265,0.33140779768798995,-0.2086899316463446,-0.20461711945563904,0.11791700706663627,0.15606279510832832
000000000000000000c8_000000000000000000c8,8,Rubber,2010,-2.0200932138602927,4.960438417206022,0.11675524721643606,-0.007869824273480715,0.009606316743847078,-0.002976551307285181,0.01684816976249085,-0.19096719401837406,-0.010893047258899639,0.12338743039894719,-0.07942139360865794,0.03658227126573969,0.027775157277816945,0.13121563271684636,-0.14014666383576158,-0.012610871058012495,-0.144583900948927,-0.1235227629633455,0.005027289542292368,-0.029037251267690734,-0.1774493315812326,0.14692709463065295,-0.1702292076717527,0.1009059431791446,0.2542713116463052,0.1510618686651326,-0.031941147778982784,0.03660390856176629,0.21336155057086728,-0.019704354046759638,-0.20325341382285037,0.2068446846888204,0.05315806205420414,-0.034624019464385064,-0.10782822527118345,0.027215066535832916,0.18071870558778574,-0.1440301147090384,-0.1730190110577447,-0.11584657259645637,-0.049843791423505264,0.013321504740809575,0.12321069010962103,-0.04632590985862685,0.055572533334863505,0.2324069311267576,-0.021643631133069736,-0.1979235693887349,-0.004329417885581705,-0.12540278997171006,0.03837795260529336,-0.003096857121543368,0.11053674342627498,-0.08586970568151166,-0.11153628244781472,0.002260867901935915,0.09927702510132916,0.038867745088475306,0.018965258291395733,-0.06085484916823032,0.06989737204022177,0.31035809036325485,-0.23422317860906924,-0.10037700769508855,0.10695719403750181,0.18110046461273024
000000000000000000c9_000000000000000000c9,8,Rubber,303,-1.9950670523103653,5.006247789154736,0.0965973229387529,-0.00522002834654859,0.07883781688434122,-0.005632360237177096,0.05957454799689885,-0.21217896645489231,-0.02842978646192181,0.17450490608461075,-0.08081989283126693,-0.004935192481185832,-0.03087819739298031,0.10450918217542628,-0.13728581162614525,-0.004085151306364771,-0.20693031240840346,-0.12620401140460066,0.01204309588975043,0.03042952507476812,-0.2064759555540329,0.11324022367634684,-0.2103044906566781,0.145912298265582,0.159456314720284,0.07606518437310854,-0.01749923550601885,0.01569155300766524,0.17931564782775852,-0.002440087145969501,-0.237284314359925,0.24016190777093854,0.012197796480916796,-0.030148952611524102,-0.11357317507990705,0.03660739776399782,0.11644386583987114,-0.17729499824261546,-0.15708911144863041,-0.15253884327302392,-0.012890497815640809,-0.008276481627401475,0.13403222675208695,-0.06924252286820373,0.04367794564923616,0.23825251267918027,-0.04553800708790598,-0.15141472624771124,-0.04953951450508368,-0.04070290304693674,0.03815176442673098,-0.019901358071216547,0.06232951784221094,-0.06278022035190828,-0.08253621671279003,-0.044663806634411954,0.097283324641576,0.061393193529272146,0.0026912218326792326,-0.0025984420818091067,0.04206577059089988,0.3406052254591087,-0.23068680109072034,-0.12157050537810411,0.0859006500419361,0.14502307439509807
000000000000000000ca_000000000000000000ca,7,S_Flood,871,-1.6392055662208844,9.607021171982282,0.08673474081107192,-0.12419548959134764,0.1690468427978111,0.07735115567579542,-0.05558904086611565,-0.08333977349522458,-0.12252074734128132,0.11362737373376218,-0.1526306538463745,-0.03286225248524475,0.02671967109709193,0.028948399692602517,-0.2500672045680567,0.0130018702512634,-0.11770790268337133,0.07483540508794856,-0.019960105426200525,-0.06038874918284097,-0.20208544713218574,0.1667805414414927,-0.1848670232371105,0.12375605779107299,0.3300603892082485,0.061562615456123654,0.04342923833498637,0.035703374706628294,0.1475968220295029,-0.01964285572404146,-0.1786625739195072,0.25493443085345163,-0.07484748204677964,-0.023431418896997545,-0.1042543824220217,-0.06140010620308091,0.07163536412516422,-0.18773385313694146,-0.19157764544326542,-0.0025403282584504513,0.12227906691367929,-0.1857383299102041,0.06462945674431493,-0.025966944622111653,-0.10263034927394786,0.3073665829313198,0.0251683822039655,-0.023304363640055385,-0.1338204726522652,0.046378982560359376,-0.060840611069397886,-0.06805006111311948,-0.03056544091714257,-0.020239994244022518,-0.007584895149838578,-0.020307159085240976,0.07271127284348372,0.05169461008328948,0.023493498702918687,-0.04161253884953721,-0.16506808517963809,-0.003835458498475583,-0.15668046070772917,-0.07126563968375667,0.08100051600748803,0.19272735779888592
000000000000000000cb_000000000000000000cb,7,S_Flood,2827,-1.8269460594765656,9.32370986116331,0.11194710423339936,-0.07914124074343801,0.17438349675582585,0.05381407140215855,-0.05842813850676731,-0.1084905468183375,-0.10648418943654088,0.11151049492950316,-0.1979473650783548,-0.008441736988045864,0.03605483292799002,0.027249164187755557,-0.21674624069787857,-0.01666098057303472,-0.131787401297452,0.06309991245782175,-0.010651308637925551,-0.05415532949899405,-0.17494977238625667,0.21601169695147318,-0.17798601854719148,0.13794619277203793,0.32710536218621256,0.0470019435533148,0.049637679829001,0.014445947226903944,0.16803006435308881,0.02823105096717307,-0.13912663723389018,0.27449771638265436,-0.05564959301795025,-0.0020320338821005236,-0.11431554378897286,-0.03460332730996359,0.06191222200054476,-0.18666996326818872,-0.18037647896573747,0.0486572074330748,0.11444827823969636,-0.1491889965860318,0.05006388797429952,-0.017642889112198256,-0.07927182097930549,0.32453433939519055,0.049727961015238985,-0.03767071166745337,-0.12556126340893345,0.03578882003289254,0.04360050357492223,-0.018144168381266625,-0.009661479551210661,-0.04408454912514258,-0.025954611617773155,-0.03296327349267176,0.0598948759470079,0.04362907412144681,0.004362176284678398,-0.06574178498188565,-0.1408600838811009,0.018706135581985455,-0.1779541187595258,-0.1397528827243528,0.04302308695452902,0.2211622941137031
000000000000000000cc_000000000000000000cc,7,S_Flood,368,-2.2431671027654896,10.525527179738981,0.09107299867943765,-0.08820670979389193,0.16390418400949464,0.025425839560035402,-0.13245507580696386,-0.09075405780385468,-0.0925053909031643,0.1387606773314611,-0.16735101883890807,-0.045880179863931884,0.0406661317553449,0.03598248165421322,-0.23045868645838555,0.04507112648981157,-0.10378382896210485,0.1108866155157715,0.023418083345870276,-0.008779900707085899,-0.17173996623372279,0.2268921652207345,-0.22220951807833106,0.1309355933336676,0.2872746268157732,0.12352723868746132,0.09706851879711813,0.04613777309730367,0.119434665596844,-0.021641174798990328,-0.13126439663674502,0.2675775203517042,-0.1220522207177841,0.031731106764956586,-0.15177607274793972,-0.06070023235210534,0.06402286745900403,-0.19494107617471537,-0.16924677799508547,0.06113618507931728,0.22729351587182184,-0.14504973003694227,0.042990154288484315,-0.05601357337478892,-0.12599050532403921,0.27429784531033213,0.020692543001855423,0.0429380004346154,-0.055025659027464306,0.027114487738829515,-0.036853885629272984,-0.0296294067499122,0.00010798522307474064,0.03364542065760657,-0.029125754308543493,-0.023261788944051585,0.09193387158785078,0.03329104190695882,0.019317152265850873,-0.07716279691757347,-0.17864600571686473,-0.06932417297694862,-0.12460826103672497,0.019425471808501713,0.0656286043829296,0.18465673737525695
000000000000000000cd_000000000000000000cd,7,S_Flood,417,-1.595691574515853,8.045437948921391,0.058395986786118924,-0.009435810060141032,0.19701686401743654,0.023742648326552103,-0.03480498646065842,-0.06356721312684566,-0.009563560224484747,0.1269130024699963,-0.12194225242643253,-0.05289151838851867,-0.03477356523086027,0.028760013903525356,-0.20387480557653068,0.061398410683218094,-0.0643720686657133,0.05901393763881624,0.047159725506791754,0.07329805820856576,-0.06977224218318537,0.16247136085825684,-0.2905676012822959,0.23475420355756915,0.220439694380597,0.06380840425698653,0.008057406439323733,0.09336412761371062,0.1757703594909539,-0.08559939591579327,-0.2543343502821733,0.2830102792045487,-0.08100570062980754,-0.02812421343202251,-0.07443482814670982,0.021504217617831896,0.06302287351203233,-0.14544238196524667,-0.12332685178270299,0.0256873716712904,0.09334568792486192,-0.11227616753194904,0.10161492950967942,-0.1010281048517587,-0.1498729228842992,0.29826786782799825,-0.018698434562615152,-0.02882211877556774,-0.09786577197296369,0.04327647455276836,-0.08869416577464667,0.0440389925660394,0.020332928582163064,-0.059710367807253584,-0.12014504659248376,0.012445904867801245,0.17518412490307636,0.04511705053488923,0.02899264901804045,-0.014110492459550213,-0.18101224671934882,-0.03587094799362352,-0.19788987264628896,-0.0024849324692495156,0.04037023207270397,0.2062483623251341
000000000000000000ce_000000000000000000ce,7,S_Flood,2704,-1.4668041257036821,8.086085265733699,0.09117967827576555,-0.045992529045496805,0.15450063585011678,-0.0074035475659111425,-0.06337821820920034,-0.05849711876861195,-0.020177446544228515,0.1484459322654691,-0.1847909429463861,-0.025746219592373415,-0.0008397771453400871,0.0874536193407633,-0.22374259786290662,0.06377906540270124,-0.10606996853736271,0.08415625305697168,0.019262823356515097,0.07656850232841712,-0.0914289224217358,0.13389724935106886,-0.3598698042855615,0.20606118720837907,0.21358442019341672,0.07811183227206647,-0.04299802761341219,0.06790763224886191,0.18472763092938763,-0.03744049284640178,-0.2520539664990024,0.25517313550318604,-0.07510982348618757,0.01947189178490747,-0.07667915617343349,0.07788820412722458,0.11425987728888978,-0.1055805573186462,-0.08068398817933017,0.01556187993238831,0.11663044937199844,-0.05398467589843684,0.1468736193862624,-0.06857267004725079,-0.1126528258362168,0.27595549276677833,-0.04777036142221126,-0.049584433843150866,-0.11073988384076218,-0.01797772363383221,-0.06674836032568263,0.03334031744731768,0.007298376364120305,-0.05318398249194095,-0.0719617170455605,0.01854689479922376,0.08384365139488904,0.06014461893354623,0.020974977762308056,-0.037684823088070314,-0.152205114555394,0.03103697030500329,-0.17459638873532934,-0.03400708421203495,0.06639640193007237,0.20758674974804864
000000000000000000cf_000000000000000000cf,6,Salt,797,-0.293211320519183,5.546572901219726,-0.06091061395650833,-0.023812557374660898,-0.06840345644494417,0.0642991765062853,-0.1536144239475503,0.1341465713650333,0.05731226817983814,0.09886401186301762,-0.11210235229476934,0.2042645696062271,0.19425417402919537,-0.028078612752454494,-0.13600907285442282,-0.02674211298906844,0.012919188980977749,0.12252837799572307,0.016704085920047115,-0.15926552715705808,-0.049345368083021784,0.10382702917563312,0.10115827471047953,0.15817639871162376,-0.047988800755620925,0.07273673816218736,-0.15096890154689077,0.035678739525431005,0.06944596639551331,-0.1877803778780191,-0.011966211239090044,0.051052731865989145,-0.126044215211117,0.24155751310783372,-0.07562168203813123,-0.0873240048104266,0.03522444074931122,0.16475037831699701,0.18595453828442585,-0.05911572472126101,0.011930398355617461,0.32358792607997017,-0.08250207790942289,-0.12095284267174528,0.09711288535391027,0.01926609638122964,-0.21831981425925845,0.03506745065236462,-0.14435007865423824,0.19120058543258864,-0.128605994123484,-0.10218118019466499,0.12055712574596102,0.19227335109505703,-0.07988140841496631,0.038392337277863835,0.06800974627556138,-0.06711689404277957,0.05224312432675972,0.22000865413698137,-0.040733450169006466,0.16619099786444452,0.0736088281845077,-0.14027481950046233,0.022100639798320935,0.18411681251830078
000000000000000000d0_000000000000000000d0,6,Salt,1102,-0.28561585633071385,5.527047500317333,-0.06564377375447523,0.03244068489642748,-0.014190326071711883,0.08874621027372549,-0.19767937921405349,0.11964757377275663,0.06082909616641928,0.013446845447548761,0.0021444774486428734,0.19449685343693718,0.2159424094181283,-0.03595746714756501,-0.19593787395745457,-0.0880601136935326,0.05661019669246293,0.14115888695608483,-0.058101400340927055,-0.060706736415074174,-0.10618409365098301,0.1279406845475459,0.06415223517968445,0.35219468150948496,-0.007583569351729168,0.11055929207738749,-0.11911799942922968,-0.04227948066881993,0.10683602774585509,-0.16212890337445246,0.0089715040494686,0.015151118060832386,-0.03239960060035541,0.2065270721647614,-0.08652654186474415,-0.10921311152837347,-0.006738661871638074,0.2224503070506876,0.09632352766735672,0.025139290974921666,0.04399162405078037,0.24616811487414791,-0.10253590863768015,-0.0568371650998394,0.042689765418996294,0.028109808387252938,-0.2331914501681958,0.05519105802528831,-0.089233528079037,0.1851137249319855,-0.02673554984785272,-0.05056762336976352,0.15503583362813825,0.19713774752276625,-0.07554776851846033,0.06191431328589936,0.10239222524353676,-0.04441217987497475,0.06347121831544612,0.16560499207689905,-0.06660166304876454,0.1762979058033661,0.0688847999966507,-0.1067737314490936,0.03778890012287605,0.0976656332793962
000000000000000000d1_000000000000000000d1,6,Salt,16244,0.3815749872190188,5.827765456952569,-0.03777274306162051,-0.05158427028946584,-0.03004971190498299,-0.014506961834711897,-0.14215591317377313,0.12109226642793891,0.08078783556529928,0.06602138987514601,-0.1453739507497211,0.15530862914184218,0.15778406217902854,-0.08682423112887933,-0.17046816138471163,-0.04328486921998155,0.004059768651100307,0.10810239578833399,-0.005718710465099649,-0.14278309982683338,-0.05089053601171142,0.06126029037569222,0.09364240696544172,0.25247629929617166,-0.008623205837998568,0.130079391925955,-0.1182848867345075,-0.04762031082887159,0.06006612916953406,-0.23637359941779823,0.006113160310645189,0.09509797957162495,-0.06629292372442888,0.27017318079222646,-0.034571735285265685,-0.06630349681770528,-0.011274666487923805,0.13285295438336986,0.09341462345520694,-0.04415871720203836,0.05951850580076361,0.22556907203591972,-0.11585830123678112,-0.08870161789723248,0.10034695613160355,0.028444911750930914,-0.1928905604373746,0.0546872459506179,-0.19647438462713135,0.19333324055368242,-0.16494882492205323,-0.0715539237697773,0.12164077593704842,0.21525592840667707,-0.17159580526157184,-0.0016488799555339172,0.07197130723025187,-0.01864528266125361,0.12804875589588643,0.1864805393262171,-0.01931781394858737,0.14316709397376282,0.03244872101831154,-0.08944384374354149,-0.011769530424198957,0.16886579243620523
000000000000000000d2_000000000000000000d2,5,Shrub_Crop,73,0.3482126707024321,7.18096035950666,0.07694911862139427,0.0023384051444913113,0.2811175891253627,0.02612525214222134,-0.005725089928531142,-0.055993637852669906,-0.11721182053267182,0.22542057059192194,-0.07044456031136599,0.030523981819426636,-0.05276958809309376,0.048537706782954874,-0.15762114676652286,0.03862371163883223,-0.13457163472426303,0.031659056316590516,0.03086526257024427,0.2047827758554402,-0.17188583948218011,-0.005430155946343066,-0.23479441521438013,0.20577965271523593,0.14140820443138305,0.02095463810020378,-0.02601233456046933,-0.013388317454298379,0.17569470119500924,-0.05913173542315123,-0.12664549462008812,0.23217034544142665,-0.07865383703844145,-0.01026875859126889,-0.043670453408330784,0.10547513337862673,0.024857036018812537,-0.20695938864398833,-0.03091413734443544,-0.07760134405629021,0.005380438503631368,-0.19434211288598166,0.03634766396486068,-0.012802662832524882,-0.13740300095326874,0.1454344746225108,0.03718527647427485,-0.05031742269832988,-0.2156262343777156,0.27609949808556244,-0.07695585996955856,0.022678737893223323,0.03280424283600086,-0.1169143585449221,-0.05215865341570413,-0.1059335450537991,0.19963070052087448,0.035135906632327886,0.12590731699609736,-0.018130855887882904,-0.0006404280756084274,0.14508308184944668,-0.16439198832904095,-0.09943235741785296,0.23016647969958867,0.06866484439599096
000000000000000000d3_000000000000000000d3,5,Shrub_Crop,16,0.34921655968137655,7.180006813679408,0.10475970780469049,0.051437908496731986,0.27465974625144174,0.01896962706651283,-0.0167896962706651,-0.08929642445213376,-0.11016147635524795,0.23529027297193386,-0.05790465205690114,0.04157631680123025,-0.06281045751633982,0.05433679354094575,-0.14108804306036138,0.016555171088043042,-0.1496309111880046,0.02977700884275275,0.028712033833141054,0.22787389465590158,-0.14715494040753552,-0.05075355632449054,-0.2332641291810842,0.17622452902729716,0.10627450980392153,0.04958477508650514,-0.01318723567858515,-0.008246828143021856,0.17447904652056895,-0.059919261822375974,-0.11177623990772777,0.22945405613225683,-0.08229527104959626,0.003840830449826982,-0.00935409457900807,0.1387581699346405,0.021334102268358274,-0.20493271818531333,-0.013244905805459405,-0.10192233756247594,0.005517108804306025,-0.17870434448289116,0.047716262975778495,0.008458285274894218,-0.14760861207227988,0.11466743560169163,0.033371780084582796,-0.05523260284505954,-0.23182622068435216,0.3130296039984621,-0.06527104959630907,0.028846597462514372,0.043210303729334806,-0.12533640907343327,-0.056635909265667,-0.10910803537101112,0.17370242214532866,-0.0016339869281045871,0.15671280276816604,-0.03167243367935405,0.02306805074971161,0.11996539792387541,-0.1725144175317185,-0.059930795847750816,0.18930026912725872,0.08337562475970778
000000000000000000d4_000000000000000000d4,5,Shrub_Crop,1894,0.22420847394093493,6.026461600935882,0.13778204873683947,0.18788767377667673,0.2533916164971072,-0.07509736122123442,-0.07283307086422364,-0.029028328394529387,0.06386110126598206,0.10582494670435826,-0.1487535417090413,0.05540508950541721,-0.03840573055526117,0.25008764803724665,-0.07601875162140137,-0.05319412929881972,-0.09562553919843189,0.07465662422908577,0.037901854822306534,0.0034025415454294688,0.01000339809195306,0.14958077613719356,-0.2793954563004157,0.25863473028609335,0.18159643740304576,0.17337008306852977,-0.0336893900364046,0.08638493764277971,0.15977852722553706,-0.0018601244667898495,-0.0948225014585,0.1801344702528919,-0.031114602579545552,0.01406730495581461,-0.0051773117885371735,0.07629050154132089,0.23072477606898814,-0.08583718308326702,0.07668089643046067,-0.0838675726621269,0.017118718452451224,-0.02739831605665431,0.041913568292919534,0.010396066495422296,-0.03601009602756144,0.15856762101490487,0.005854721622379808,-0.07008686042692534,-0.17975001897978476,0.00928785817492822,0.07526258075543193,0.16199322249139003,-0.05723734718228343,-0.13357299422243168,-0.11933436372250619,-0.0223679707301269,0.14673628492331148,-0.05483346304544547,0.18375897175442632,-0.14395493245023536,-0.13951875385431725,0.06373803918320746,-0.25358808061394633,-0.1086139966473783,-0.04040483170513164,0.17565197692220558
000000000000000000d5_000000000000000000d5,5,Shrub_Crop,29,0.21628406515718715,6.315651893819959,0.11654297418764664,0.02855771652812577,0.13051319784167892,0.06017208235559264,-0.021279879091596034,0.03188800063636,-0.008877222288509694,0.21460181097455885,-0.1162311577775126,-0.042247941773058066,-0.014262949263545847,0.17269962481273776,-0.12401596203051875,0.037812512428906604,-0.08036590701189195,0.032070423842288726,0.024325922390592444,0.0395900780866775,-0.0528496997176152,0.23295867637115697,-0.21858542470402628,0.20961062721234536,0.2510206949581726,0.10200002651500084,-0.13441620596852666,0.08632860040567948,0.2505116069416272,-0.02183775470972699,-0.21751846106934997,0.291066831059672,-0.07108989911042168,-0.121398401145448,-0.0016821116546686312,0.00014848400482574082,0.08142226464622357,-0.045692770685015004,-0.08487769955852521,-0.041704914555409686,0.023738349971496323,-0.06047965636558879,0.07694441130069332,-0.0582778506940301,-0.09067069694679761,0.1821029047183444,-0.052862426918028824,-0.11537631414973018,-0.09449097827095677,-0.0323355738509061,-0.05412241975897859,0.12575110368691084,-0.0035848281165069126,-0.13547468480292724,-0.23027111588381127,0.09201129539036706,0.16167999045459963,0.0726468599610229,0.020128067454162155,-0.02442349759376362,-0.11222208964721789,0.21040607723819751,-0.17456415967333513,-0.10834665712126634,0.08615678320009543,0.13235864190165586
000000000000000000d6_000000000000000000d6,5,Shrub_Crop,53,-2.680217044159239,7.834600211851305,0.11118626362864789,0.047944404546872335,0.18270940784748968,-0.03841077089363302,-0.023975684243360638,0.032687572994421564,-0.04079243832198061,0.13077002314059177,-0.06416109914183946,-0.12590106852952054,-0.02851269105496431,0.09532240865269523,-0.143176281981531,0.013179256164174842,-0.09530615945971431,0.006606457603389093,0.05352600233582144,0.1184542955176891,-0.08062965622801097,0.16225631651106606,-0.2855319797175252,0.18114716400803751,0.12238311824914944,0.16444995756349148,-0.08577832908968246,-0.03519923396661658,0.13025004896520204,-0.05124066940871794,-0.27813163297135357,0.3118022821411213,-0.1489018011940255,-0.04563353717365596,-0.17221823246501702,0.0763456725642532,0.0926958426729922,-0.0015773323757915885,-0.13913719686912868,0.01574662865516162,0.05778329089682484,-0.04257520692331681,0.13333159234837105,-0.11936425032462111,-0.14254720608184077,0.27023336452598057,-0.15334827678759252,-0.011162034921256688,-0.1097644592428166,-0.0906391591042632,-0.09842020122884519,-0.07846387093498143,0.04197862940958843,-0.04526676967494355,-0.07408471342662107,0.04057887749994555,0.10124059686767786,0.12568054376763652,-0.018757371983199468,0.017431902098612246,-0.14265050452293382,0.024594314233277428,-0.2531473381065338,0.019598848048283272,0.12898957585253856,0.1687803674929091
000000000000000000d7_000000000000000000d7,5,Shrub_Crop,48,0.22360804671121604,6.859949824802537,0.027015250544662254,0.010674099705241559,0.20100217864923745,0.005690119184928875,0.009282327310008921,0.07959374599513004,0.02611303344867354,0.1407266435986159,-0.06281686530821474,-0.03365756760220424,0.07871075227476608,0.13652313212866843,-0.2389298987568884,0.12220812508009737,-0.010085864411123885,0.020924003588363396,-0.027439446366781972,0.16117518902986028,-0.12281173907471482,0.08334486735870816,-0.36777008842752784,0.2608240420351147,0.04228117390747144,0.06957067794438032,-0.031932590029475794,0.04791234140715105,0.11237216455209532,-0.09247468922209402,-0.254559784698193,0.23593105215942586,-0.09018582596437263,0.04833781878764574,-0.1973023196206587,0.13291170062796356,0.09954889145200561,-0.0058874791746764,-0.06986671792900163,0.06293861335383823,0.11355632449058052,0.044611047033192325,0.17680635652953988,-0.097597078046905,-0.07524285531205942,0.20889785979751377,-0.08490580545943864,-0.04953863898500572,-0.012101755734973687,-0.11335255670895807,-0.05936947327950784,0.1064206074586697,0.0147648340381904,-0.012408048186594843,-0.07996027169037545,0.0725336409073433,0.143038574907087,0.11123926694860947,-0.08209150326797382,-0.017220299884659694,-0.1318198128924772,0.03490836857618861,-0.2231423811354607,-0.02064077918749194,0.1769665513264129,0.15344611047033188
000000000000000000d8_000000000000000000d8,5,Shrub_Crop,16,-2.5543080713394337,8.023924209012721,0.1206305267204921,0.04222606689734714,0.172637447135717,-0.03364859669357934,-0.0541407151095732,0.014851980007689312,-0.054098423683198726,0.118638985005767,-0.02989619377162626,-0.09724336793540943,-0.010595924644367536,0.08446751249519413,-0.14971549404075352,0.04001537870049975,-0.08910803537101111,0.04462129950019218,0.038258362168396724,0.06901576316801225,-0.10814302191464818,0.16179930795847744,-0.29191080353710114,0.184075355632449,0.14011149557862357,0.17862360630526716,-0.07392541330257589,0.0024798154555940007,0.11740099961553246,-0.042691272587466314,-0.2256708958093041,0.3063629373317955,-0.10999615532487503,-0.016578239138792732,-0.17264513648596688,-0.002499038831218758,0.10700115340253746,-0.006620530565167228,-0.22870049980776624,0.082156862745098,0.11391772395232601,-0.050984236831987655,0.13844675124951938,-0.08995386389850055,-0.14177623990772775,0.2792541330257593,-0.12577085736255283,-0.006528258362168374,-0.12597078046905033,-0.02797001153402533,-0.08311803152633597,-0.1118454440599769,0.015824682814302143,-0.025282583621683924,-0.08883890811226447,0.0751480199923106,0.08390234525182619,0.13495963091118796,-0.012564398308342897,-0.01575163398692807,-0.13038831218762012,0.01576701268742787,-0.26154940407535565,0.07886582083813913,0.1353171856978085,0.19030757400999612
000000000000000000d9_000000000000000000d9,5,Shrub_Crop,43,-2.6461249176866644,7.747757703528331,0.09834070974491026,0.07544718936366152,0.18457873984066947,-0.06543315182890297,-0.0066421680391262625,0.005363232388258508,-0.027976359718533978,0.13764294591525617,-0.06979784161726701,-0.13134554688268374,-0.03768282324329636,0.0515837379183319,-0.15057679067979218,0.006562055738848192,-0.12921541804136152,-0.011092692434931082,0.041043248124603186,0.122038214282521,-0.0897558184240408,0.14860545586223542,-0.2898691916347022,0.22280947399479625,0.12124424416369371,0.1417458401509258,-0.10007599939200484,-0.016970932467834356,0.14550968768720435,-0.032841751383635945,-0.256094704183543,0.27235893171678155,-0.11473511976610067,-0.009414625859463703,-0.13845408295557163,0.09270709834321322,0.1253027905188523,-0.05494130164605738,-0.16245057804243443,0.0533047217975197,0.044681204903301894,-0.10173117673882134,0.10638913476927475,-0.11415001385871264,-0.13022826640916282,0.2821612438865195,-0.11363071448369588,-0.028248169308763126,-0.15802580402886185,-0.03770571247194725,-0.06825997156728625,-0.07006535947712414,0.027999248947184856,-0.03485171177454106,-0.09378861439696715,0.049107409493665176,0.11077671378628969,0.11920567223697501,-0.003220228355820206,-0.011202846847813436,-0.10181128903909943,0.08257432293482825,-0.2732659174020725,-0.03407920030757395,0.12857022790876493,0.16502990799603012
000000000000000000da_000000000000000000da,5,Shrub_Crop,18,-2.549034073052579,8.031296016234995,0.11508735956256139,0.055527361271305864,0.14118330556623515,-0.06986031013712672,-0.057806826434277384,0.031516083557606,-0.06756034004015546,0.0869887650049126,-0.054748173779315595,-0.06263573839121701,0.009155453030885528,0.1017899098637276,-0.19846725618351915,0.036095518817548765,-0.07489427143406378,0.02822162416164719,0.0340211029945747,0.074877183989064,-0.14399248152420008,0.18463326071169206,-0.28414028792344825,0.169756931094878,0.0838617625699517,0.2294331240121321,-0.05352129522833095,-0.040435729847494495,0.10795506001965054,-0.07453885257806822,-0.23187321115810158,0.31209876543209875,-0.14656926823016786,-0.004258191293946747,-0.18069289589474127,0.04279037976846506,0.12264342774146691,0.0007415951129907013,-0.18704600794566187,0.04911273441838606,0.12787560340040152,-0.04672049211841593,0.08573454654192827,-0.0848596693579392,-0.1492690845401341,0.26530650604468364,-0.13373659703532825,0.02181724977572725,-0.0432278183604596,-0.07167841428510398,-0.09800674954077489,-0.08030415652099615,0.051337519757358244,-0.04106113033448668,-0.0982220513477722,0.023091973172711305,0.10307830321671149,0.13216113460634796,-0.04515186466743555,-0.040117903370498496,-0.12373018924345335,-0.01673886112179073,-0.2662155581186723,0.05429023025332133,0.16581656627792726,0.17119911145285996
000000000000000000db_000000000000000000db,5,Shrub_Crop,158,-0.20945557201656292,5.829185408737432,0.1395443816643063,0.12365876804928967,0.06185274407603692,-0.035562174236783275,-0.00398366743073501,0.06181497865961968,0.04599126918079216,0.16795799084091315,-0.08865022703049943,0.004495641890412156,0.031288063500406325,0.2069871860384759,-0.15670662208790187,0.09327395986937834,-0.07313915290613636,0.022301062395670587,0.021900826848485693,0.07784853926678634,-0.11167817635865461,0.20685753775324972,-0.31649949629889185,0.19828712423167327,0.017262688644581657,0.10653039970021264,-0.10243071068089679,0.10821154473206505,0.12887273152000933,-0.055740975963480405,-0.21038023350318036,0.21990101178222593,-0.10710895030635731,-0.03284228558636159,-0.10766686620043894,0.09332613065082074,0.2592611410411769,0.007443680376096819,0.050461215014673,-0.12760233405846824,0.03995581056944988,0.06265204716783707,0.07213661736722483,-0.08083239649793893,-0.03883374943424872,0.25462845351593105,-0.14689384316645493,-0.10610991877515462,0.016777967578195326,-0.09056263657113375,-0.10197051766847218,0.08869616846490393,0.009076547968405513,-0.1250315604027662,-0.05337343475488975,0.041948812287386984,0.26119885730415277,0.0034471649170961624,-0.004353924245300001,-0.005890236958521289,-0.12260990174178378,0.20383786177662924,-0.16988052307048407,-0.06771767431221679,0.055651039765620774,0.06604042262226306
000000000000000000dc_000000000000000000dc,5,Shrub_Crop,313,-0.24263119962747492,5.804314327087554,0.13525061017328058,0.22973911484032317,0.19085704318687946,-0.07277318996257273,-0.022957206186364754,0.053328026944662425,0.1035518165168717,0.04028256519672327,-0.15146870274765295,0.09824503478018405,0.019176305991920006,0.14017788685354485,-0.15770606783087848,0.12782363136321367,-0.04382998428965018,0.08973122895715947,0.03317907956266511,0.06934585247993824,-0.06532243066994381,0.12427267467783955,-0.30691326634017635,0.19128548493882297,-0.021687996629460502,0.16744564943687176,-0.015027299650048554,0.23408760208963617,0.12097799691197655,-0.0730029369387296,-0.1944661736147193,0.1081060737268659,-0.11672463159291152,0.07769240879337386,-0.17092212014794012,0.09045152208600031,0.2510985084380178,-0.009648586866933687,0.01180710785849138,-0.022711540044195313,0.09729853226763356,0.08062192840551614,0.08875760490251351,-0.05110209516369345,-0.1430950248921218,0.17376791673883105,-0.11019600473152988,-0.0654509631955269,-0.0033180651825974994,-0.014174346804436211,-0.13765184931330168,0.06479886698775227,0.04775828416939661,-0.03828618385899744,0.0030254276740452266,0.030628671941118707,0.27338887844807785,0.017888622341124608,0.06919255680722451,0.02454283373438326,-0.142612536588901,0.011417186557640008,-0.17192306227759535,0.03424841514630031,0.04136113782730402,0.13495797266472834
000000000000000000dd_000000000000000000dd,5,Shrub_Crop,159,-0.7626155500939221,5.835047911217763,0.07945739302010109,0.14759451493015502,0.15771814904282092,-0.04065664149492571,0.009803292879613288,0.03055544674399538,-0.007435166445416481,0.13316600533418446,-0.053651353253102906,-0.11647460217284593,0.018727968681614925,0.07228414809011528,-0.11966756859359846,0.06908421772951377,-0.05361227781283924,0.012059996276226595,0.029034212772542686,0.07349858182266614,-0.1032493066285584,0.13358887123723576,-0.36544241571335645,0.15377539843166269,0.10276647346569652,0.10095198024949278,-0.11271871728096836,0.08148003066067958,0.18546093785892698,-0.07957848819636372,-0.25408321424512587,0.23039343842112006,-0.08773364864505424,0.05847891111062746,-0.08397582932544083,0.13384576324055333,0.18279645709560183,-0.09721660029161495,-0.11658834652371243,0.014446306331140158,0.013060482301195211,0.004990823558428177,0.1285868279979398,-0.0991711460758924,-0.08195164414267367,0.2694541770339903,-0.05266595576447371,-0.09311213152174173,-0.0792937404336503,-0.051573390979279814,-0.07912931407610518,0.039761775224333135,0.051464676140526466,-0.08064783984872771,-0.13427907505337808,0.03635640863818702,0.2255616248225767,0.10164605292110675,0.04630749179681734,-0.041235809159031675,-0.047953302914457145,0.10210335163785576,-0.28556022236246825,-0.006743801972632674,0.14274490459644207,0.168641862467024
000000000000000000de_000000000000000000de,5,Shrub_Crop,62,-0.8495092819574295,5.977501158954236,0.15147920774888066,-0.037334523942404246,0.05386910741526208,-0.08997234314345595,-0.0515980206124195,-0.16013493569470794,-0.04745668539395513,0.059776512755639846,-0.12583646488323347,0.06642507224268578,0.048231573464300286,0.11436296213615108,-0.179771055797398,0.016584192184147493,-0.15597673351440508,-0.10159864072131063,-0.05416279098609711,-0.035662710371941284,-0.18456325730798326,0.19792585978097751,-0.08677654996217334,0.08881050712505113,0.3200823504607409,0.20577197355855686,-0.04325482754771733,0.028746263843930954,0.16944252210688193,-0.007287519688457257,-0.08231573464300328,0.08472870236013438,0.138687105455718,-0.07397750244943008,-0.14996614205454475,0.02672222842331109,0.2213401793354913,-0.107339360791755,-0.1695278490903002,0.03869677915441948,0.026207290000123985,-0.057357591993153954,0.09476057595713804,-0.03168607607495873,0.0247686373727226,0.26076422219741785,0.02084359613548135,-0.18132678498344307,-0.030560950502908277,-0.012655182250003099,-0.017339236769976774,0.046137093673649036,0.15999107043196778,-0.0694045714427453,-0.05787054606788948,-0.023846907516959937,0.1676794285076459,0.07388622242065702,0.012573823963487956,-0.06954446800858226,0.05778720343292278,0.33414542793714574,-0.15323039525740714,-0.11817191898897444,0.1390968734109709,0.16342399325321522
000000000000000000df_000000000000000000df,5,Shrub_Crop,43,-1.0976423239113606,6.2814477144997936,0.13158445320672726,0.14202051089473633,0.13996763320011082,-0.14296612215337567,-0.0028296808919646165,0.1057282082919807,0.08567867457060338,0.01333869799629837,-0.07809661758000049,0.00880663072342478,0.038898813515374185,0.16851479305812608,-0.154299151489141,0.1253027905188523,-0.039575476337365724,0.06046905036524409,-0.031800291480021066,0.18746278265067992,-0.09294457409046607,0.07407097449102756,-0.3784118809402465,0.20895004604669043,-0.03322371538674745,0.10854930572320125,-0.14827070089321637,0.08229249930706434,0.16431605017748088,-0.035389608647836655,-0.2433153617124004,0.13430397968580954,-0.043333601566481535,0.06409270137603601,-0.07765599992847112,0.17771769355256917,0.1830265640227819,0.0008097064635247698,-0.06943447511243436,-0.10018043149772447,-0.0021701849914612516,0.06644170846633222,0.11541607431846426,-0.04034798780433282,-0.054593671485922195,0.20535214541813077,-0.12642436272274524,-0.04099460851372008,-0.06090966801677347,-0.11767352449415697,-0.20684280643401912,0.045583898858220846,0.05309013527891773,-0.11502695743139935,-0.14035818066396644,-0.03267723505270776,0.24976297130799424,0.09040100855663738,0.03704621657144385,-0.01590229160519652,-0.012201389447707905,0.10183417826775028,-0.20334790733438837,0.032136477025830806,0.14296469157658498,0.08690181772663462
000000000000000000e0_000000000000000000e0,5,Shrub_Crop,10,-2.329544849217935,6.669465202930422,0.09998000768935023,0.08569627066512876,0.10961937716262975,-0.00223298731257208,-0.017679354094578957,-0.03908650519031136,-0.05527104959630909,0.16327873894655895,-0.11220915032679737,-0.1164290657439446,0.00207304882737408,0.07813610149942325,-0.09795001922337561,-0.04520722798923485,-0.11542022299115724,0.01014379084967315,0.08561014994232982,0.032147635524798115,-0.0703729334871203,0.13650749711649363,-0.33967858515955396,0.14118262206843518,0.2020330642060746,0.0452441368704344,-0.13661822376009225,0.0562122260668973,0.22449211841599387,-0.00549327181853128,-0.2418946559015763,0.24573933102652826,-0.09382237600922719,0.009768550557477867,0.02784159938485195,0.11433756247597075,0.09945713187235676,-0.1273910034602076,-0.14243752402921953,-0.06841061130334483,-0.08407227989234907,-0.06473817762399073,0.14000153787004993,-0.06977008842752784,-0.07710265282583616,0.28790157631680124,-0.0038323721645520726,-0.12683121876201459,-0.1638262206843521,-0.052933487120338275,-0.04263590926566698,0.012604382929642392,0.01122029988465969,-0.1417670126874279,-0.16894425221068815,0.03334102268358321,0.1290949634755863,0.04139331026528252,0.09800538254517491,-0.02153018069973084,-0.06804152249134944,0.13421914648212224,-0.26152402921953094,-0.1301899269511726,0.07153556324490576,0.20199615532487503
000000000000000000e1_000000000000000000e1,4,Water,92449,-0.7107665502183166,8.352270661512994,0.0050188237454977,-0.08177487294354904,0.009653997911310297,0.0671300303444838,-0.02612562498947586,0.03226525056996102,0.01263709884472225,0.1270997993515333,-0.13231874432392243,0.11915908472520081,0.232339633882079,-0.10573712237505396,-0.13191580636815586,-0.051547885651379535,0.03688485723036442,-0.005639740046580463,0.037815778882901926,-0.18308117959435297,-0.03665163143307134,-0.019806920530836696,0.02531697239816528,0.15581752710823663,0.05380335941240648,0.13713202656132414,-0.05685710565342653,-0.1129609133207099,0.16068187017783572,-0.21062530135748359,0.03938652860087252,0.08173111278964493,-0.19254233566452916,0.3902298942223822,-0.040421435014707956,-0.015282893403131036,-0.022693473121161243,0.10107574042434002,0.054381512981820056,-0.004837119231493787,0.13254169314561948,0.1287808377522519,-0.05975025094522118,-0.09935358147879396,0.09509012841474417,0.04675436954133655,-0.12164519125186674,0.039486359986859954,-0.2666965866721476,0.17436570077859437,-0.238099443870149,-0.052597077360719745,0.1346938042866358,0.2508157529450998,-0.19811954352512298,-0.11738626551329154,0.10752558627781554,0.05713086046228029,0.07896280164427778,0.17590365001019354,-0.05359241359250786,-0.03881968868740322,-0.006091369374518697,-0.031442862296732085,0.0224729429984795,0.19314230676407018
000000000000000000e2_000000000000000000e2,4,Water,49486,-0.1542231940257729,6.585454396777688,0.0631100971349564,-0.029972263737037548,0.02497671138115666,0.06551954911561982,-0.020769852724997942,0.047186584276287136,0.01895937014516141,0.06809831286307591,-0.052712391341467754,0.07181169690858004,0.22486662156480344,-0.0918267608003742,-0.2020388870172843,-0.06505545457903167,0.10034566710645099,0.04103230342872823,0.02215309296523273,-0.09643487034410779,-0.10066321057673962,-0.006858635647971287,0.05453644332636072,0.20291988772610112,0.06765034349343467,0.17653003642535608,-0.06678773407701527,-0.15664975541026183,0.25431005391324385,-0.20496565702728933,0.13425636861818382,0.05209452968907912,-0.172595073044865,0.4170886058935764,-0.11371161188692187,-0.059228789837266385,-0.06404141378445387,0.03639521656717944,0.01890315457124533,0.023424342106132055,0.15261632309864745,0.023195211091434752,-0.10002471885414974,-0.10112559215618525,0.02584752011928295,0.08431147832163696,-0.1060070240255136,0.04642348051541545,-0.3015339167611909,0.13378065630405284,-0.19500332452599264,-0.015440655350303634,0.11003324277377668,0.20283441265637897,-0.15982776949346078,-0.06699253438768454,0.07273858696853866,0.08176410470027883,0.0374550273777135,0.056579144718820536,-0.0339233970351701,-0.06360405530172741,-0.012407790144973998,-0.03473904308377778,0.014973526468008012,0.23660422530775155
000000000000000000e3_000000000000000000e3,4,Water,1551,-2.3339271518369524,8.411071186701909,0.008671802319744544,-0.08625822880700296,-0.02331216655003739,0.035615880516123403,-0.012841680938566677,0.019542312620424915,0.06056768821990051,0.10762143509253866,-0.1053306730461998,0.10949563365377249,0.20297877793865424,-0.10544188355864714,-0.14267459993440992,-0.06647830485274346,0.05290879791063841,-0.0007566201661762244,0.011221077247728141,-0.19590302891488193,0.01169764840235274,-0.03726000340592104,0.0642881637301132,0.242904383103161,-2.0980870572272497e-05,0.15556922881667043,-0.09951318133604814,-0.16255387564818466,0.14911529092490586,-0.26539702653668645,0.0501970699658986,0.059988037135942564,-0.15293488022634744,0.36444624903728184,0.015121734412023679,-0.025879011469823493,-0.03244245443465052,0.12081507112648979,0.0759125179002967,-0.014325492526184492,0.08831756669495014,0.09978743978596734,-0.093680856269386,-0.1117818346412913,0.1128280225504697,0.06700131948457058,-0.1451533965882784,0.022675284093232963,-0.25381046966263776,0.19399896533372202,-0.20788774639323118,-0.07171202069530859,0.14258563945672825,0.24734185705988693,-0.2118036335278476,-0.06325561933601392,0.0715083595036477,0.04128444374045486,0.0812633141397037,0.10614551611974861,0.00960781091238274,-0.055050631471157074,0.009258830420576661,-0.04545114944879351,0.020682458341296547,0.20361086136835232
000000000000000000e4_000000000000000000e4,4,Water,8,-1.033873860861209,8.72286598243546,0.022314494425221022,-0.009519415609381,0.11401768550557476,0.06423683198769702,-0.12569780853517873,-0.035563244905805425,0.000653594771241849,0.03640138408304494,-0.10037677816224524,0.0392695117262591,0.2621760861207228,-0.02748942714340634,-0.1489657823913879,-0.004928873510188363,-0.026605151864667387,0.14259900038446746,-0.017493271818531275,-0.12661284121491728,-0.23475586312956553,0.015317185697808525,-0.1398000768935025,0.2053825451749327,0.046958861976162974,0.20533640907343328,-0.12535178777393308,-0.06948096885813143,0.1129104190695886,-0.09151095732410608,-0.05021145713187232,0.11690888119953863,-0.10908112264513646,0.20393694732795078,-0.18312956555171084,-0.030526720492118374,0.012310649750096088,0.1773087274125336,-0.11793925413302574,0.07600153787004994,0.18309880815071122,0.1695271049596309,-0.012372164552095338,-0.06765859284890421,0.04843521722414451,0.16292964244521332,-0.15524029219530944,0.2000153787004998,-0.1390772779700115,0.1957016532103037,-0.1921491733948481,-0.1430603613994617,0.06395232602845055,0.14789696270665123,-0.1008919646289888,-0.03995386389850054,0.029165705497885396,-0.01399461745482505,-0.061214917339484774,0.08892733564013837,-0.1127489427143406,-0.036155324875048016,-0.09932333717800843,-0.010372933487120324,0.11460207612456744,0.2806612841214917
000000000000000000e5_000000000000000000e5,4,Water,406,-2.5301562971587477,8.735787907172327,0.04695427866887115,-0.002101503211155996,0.13398954172608865,0.02167442230441869,-0.08172059628449076,0.06927581850860692,-0.029557407817758567,0.09328356088885856,-0.09324901563059297,0.025651975462260588,0.3130173124016341,-0.07520169392976929,-0.0837601301507756,-0.0576989145895004,0.0015330215926803253,0.10591076187067117,0.04180430793006853,-0.2437827057800808,-0.13861724270506037,-0.021184879631365686,-0.010096003242405805,0.1485190046268676,0.08943949182106917,0.16940994653439462,-0.18354229047941012,-0.1364868002643924,0.10357986602348847,-0.13069789376196722,-0.00391649289871457,0.13931390541341618,-0.1466208335937485,0.2817088539269663,-0.10131896977858076,-0.04319899697539592,-0.00021757452135689217,0.09108008856010284,-0.016307937644293655,-0.04038870991263302,0.04451580767533513,0.18484001037872885,-0.06120859161785062,-0.02918559174853169,0.10975058853832267,0.09710763007028367,-0.15030808537072704,0.1378913377386113,-0.23085490044564141,0.17498733908708847,-0.2189011804857169,-0.19967447154656315,0.02954149881724152,0.1766670265131069,-0.1412525307621358,-0.09174053935299606,0.024770313805035155,-0.0655252337581415,0.08566405872693902,0.10135245443681189,0.005399211746902928,-0.03690236608504113,-0.10057321644005808,-0.09061190940202987,0.10583803501116468,0.24515103133883706
000000000000000000e6_000000000000000000e6,4,Water,456,-0.3731915202732002,5.566395507535871,-0.0018721544345292132,-0.023587284242902486,-0.019479552398874875,0.08293733179546324,-0.13801763154522212,0.04413444221857984,0.03192712654377192,0.0727394996526302,-0.0521918020734265,0.09896773845417077,0.27474911808548674,0.005411009260945486,-0.18766749630708834,-0.03526619316457228,0.07119677317091264,0.1141609502418098,-0.0032695926667880523,-0.04537930755377481,-0.12699393620537308,0.06878987164181115,0.0617113525836891,0.2854436552742872,0.050174359389438566,0.1723144269747802,-0.16077891769022706,-0.09544439722913586,0.156002482176221,-0.2293278563575413,0.05955766000930812,0.08740511409242054,-0.1262789615330136,0.322722974294637,-0.11795517243705185,-0.04243698442569317,-0.029836972284613846,0.1277597685100872,0.08928374376926548,0.01614615161510074,0.0959193832331694,0.17415811732329664,-0.10645676089493245,-0.17703582292910278,0.04072940906668819,0.038130273781339104,-0.1857231699009153,0.015991959907457935,-0.18209136836709225,0.17992998644246133,-0.13050095442373713,-0.0005383894183748461,0.13668278732201514,0.19219031816372917,-0.1566317947887789,0.017269471255994595,0.06289173529749013,-0.004674990051059956,0.06018319539718188,0.14011156302906436,-0.04613097526592331,0.10721409444410718,0.01206418583945439,-0.04953169158960449,0.047540419676642534,0.2595986698773076
000000000000000000e7_000000000000000000e7,4,Water,469,-0.36480189283377984,5.589224257101915,-0.006471645725893474,0.0017834046114787584,0.0005233348826800192,0.049649134456240744,-0.12113982730932582,0.05815837602234333,0.039968619581282845,0.11021616255515959,-0.03970314845282561,0.08699950568462674,0.2320030101592876,-0.045219937550671364,-0.14948044421163253,-0.056751011788970726,0.08357907283486994,0.08281072803719083,0.021984524567801915,-0.07721130711576402,-0.10811482216533085,0.06907600734177193,0.07099096706285672,0.28078359233655414,0.06351226238227216,0.17371321018896285,-0.17914762978647703,-0.13034907846662222,0.16932782126605392,-0.2386955320612295,0.06152306518158914,0.07388150694869691,-0.1228552901991935,0.369907260533713,-0.06921923583597908,-0.0521118251222057,-0.01791667793836873,0.09702930396624554,0.08383982214483682,0.006804140444588676,0.08402292377296246,0.15544987207642785,-0.10562812892203999,-0.16654916224610997,0.05850306877213861,0.062545863531248,-0.16164988207750172,0.03307332180750551,-0.20221725447568548,0.17095632399872437,-0.14859470975981845,-0.021695706670142405,0.11789501987508491,0.1689488953322036,-0.19478944050549687,-0.010184306675552802,0.051017543687068,-0.01829193134672652,0.0537820372515409,0.16497194370870966,-0.029850024879720657,0.12419733594344964,-0.00861535132051059,-0.09967352232083934,0.05428687834513374,0.24295946531963677
000000000000000000e8_000000000000000000e8,4,Water,1032,-2.956728340526936,5.09384052354542,-0.02236837948433664,0.024146705649884175,-0.03664267470173959,0.016992569941793344,-0.15255957011167437,0.13924084058307923,0.16041141004205295,0.047034324901871316,-0.0784799525525364,0.24972714728086096,0.16783938199082635,-0.059366492911193926,-0.1525276205633492,-0.004914269705450163,-0.04126349734300159,0.16627349647869477,0.031041966566228214,-0.27853908305988456,0.006016767552134052,0.03492455197613316,0.1286754349102462,0.16000256311674993,0.04042881539300621,0.11337565456339092,-0.10593135019625724,-0.03243147388154224,0.06550092540436145,-0.1981739283340635,-0.07719016836100599,0.07478250762229192,-0.059444697775751086,0.2336958653350381,0.03563757529155448,-0.04784760780737279,0.008140578012630751,0.07850272256645471,0.21078607214279538,-0.023052970086043196,0.011175546674057927,0.28492678725236864,-0.08228582328204115,-0.0035142714936711623,0.14351105269589212,0.039853425486321536,-0.2251948415785223,0.04958546057121734,-0.15165133267169154,0.1711163565593435,-0.0887215114043793,-0.08437631322478827,0.1296409550292225,0.19958203314765635,-0.12784230275177405,0.022899600332609068,0.15224442596616086,-0.0501320005126233,0.14077543222791467,0.24034518625811777,0.09926837918629981,0.1544473950090752,-0.009019727057869758,-0.07671867409374446,-0.03984984904434485,0.08319668344614023
000000000000000000e9_000000000000000000e9,4,Water,1981,0.6482405102184774,5.8782361655541076,-0.014471846245599959,-0.016768512712366814,-0.057940826160714366,0.03461091053202265,-0.12310093135847838,0.06558074099174761,0.09091946735044044,0.05920999980398169,-0.008493203697331449,0.10091644556388339,0.22624582126899123,-0.038937223888377434,-0.18613248777651434,-0.051651162786184195,0.07429755301275219,0.07602471848574525,-0.053737480303560445,-0.06963134009926285,-0.1253117689949949,0.0809352827252982,0.0847586714308809,0.31009853896522926,0.018251109492504768,0.18372223163498055,-0.17927478287095336,-0.08570906114818957,0.13866836833812024,-0.22699011621554324,0.055739211086637895,0.039767316612781003,-0.08938755936102698,0.30750721628636213,-0.07457475777673361,-0.005300240791944813,-0.026570978699801098,0.16517196333255116,0.09225996835372405,-0.03314408837046904,0.09019327595238188,0.18536701509398879,-0.10351230189297363,-0.1484151884269262,0.09618433946016566,0.06305441098354395,-0.2092459060808554,0.0015285232779455504,-0.18725847880896973,0.19211150295356832,-0.16104407480445232,-0.03034210621822341,0.12134656398414696,0.13979352095580833,-0.19368632535810693,0.0544741363600106,0.06098753226780904,-0.009041558007530542,-0.007787724249264559,0.13015116113652553,0.006794761693217394,0.1269221463961459,0.03275497076125533,-0.07387638932798918,0.07978556766016871,0.24238108241287232
000000000000000000ea_000000000000000000ea,3,Woodland_Savanna,413,-1.0352069537412283,8.72512861847476,0.06278337722593187,-0.0940236619739288,0.14066454232075012,0.08654328331532012,-0.10538617573982068,-0.06752567693744162,-0.08644021250906474,0.1264517930801433,-0.15138107619252417,-0.06783459146370409,-0.031086274323621068,0.03438409328503746,-0.24441588400065908,0.06854297983733203,-0.12931364636249978,0.13009203947448036,-0.01669732166711812,0.026556967752205538,-0.12440676104273544,0.2333125367129238,-0.23649194340414795,0.22690248581985137,0.2844286561417521,0.09245004482351261,0.08128324643250451,0.060020871093535405,0.13373183903006197,-0.01655895059918282,-0.15813072453973276,0.3138582013064448,-0.118890983445555,0.009848177223697697,-0.18112638741106277,-0.06832909301972696,0.03757050045009691,-0.15525665766472752,-0.2146465924355784,0.07840620063246298,0.1754037234701125,-0.08883839610952386,0.07312546022064521,-0.04189158016147631,-0.08967145249592023,0.22244377977179572,-0.025629330495907193,0.028387666133252863,-0.053366399401236025,-0.009616267909623126,-0.034203123589083326,-0.005935210242288995,-0.03545427210432191,0.01017883790272505,-0.056268319225330495,-0.012744139197719608,0.11134536632865175,0.015461663562068198,0.0071823372087285965,-0.049494839477831634,-0.1701134504981786,0.03352541814332907,-0.13445437729761225,-0.0010079192860261302,0.06366364957415331,0.20266833486468694
000000000000000000eb_000000000000000000eb,3,Woodland_Savanna,4527,-0.7382226898743229,8.470520660217339,0.004717126774998677,-0.06980685327141764,0.10848540947063993,0.03311567223596772,-0.14909922922204477,-0.08177191029566966,-0.050658709964146044,0.13677727220342348,-0.10451782024330583,-0.05241842464797693,-0.0032427146718560828,0.0865852295344087,-0.21513237292040824,0.08107928107377772,-0.11059358573663744,0.11707675940172538,-0.039523620377780254,0.006974612659809424,-0.1539524304894712,0.1893182916257846,-0.16313316478590117,0.24874540870459244,0.15794716939084869,0.17813852329654856,0.0863857242719937,0.0985649756465691,0.09715895408870198,-0.053229422643938956,-0.1879676157247637,0.3202098868194566,-0.11733719516384537,0.021421283058197398,-0.24130264761127793,-0.03335520899975001,0.0906542699461312,-0.061106265988162566,-0.2796634656582696,0.15359610120897066,0.1919921812199977,-0.061445446675748784,0.0712238678654715,-0.0889228871293576,-0.07747591600212893,0.1740184719356975,-0.10261726152971527,0.06505606796658636,0.0749966534255953,-0.004709721083129981,-0.00349204869038576,-0.051822531426843225,0.08610871063082817,0.06998301361891443,-0.06304373086526757,0.034828561205707737,0.05903715644532562,0.04028012878769923,-0.03685966392256903,-0.05606752835968082,-0.16521029149975194,0.021577726600370398,-0.1760411905940579,0.0912416296360841,0.08462528940161412,0.20915800425776324
000000000000000000ec_000000000000000000ec,3,Woodland_Savanna,536,-1.6208080126334272,9.622832822056631,0.06111070942863533,-0.08181881825015633,0.19175116344459936,-7.976266304004248e-05,-0.13450222933774034,-0.07527104959630906,-0.18932603418891697,0.11659981522606114,-0.06351070483797847,-0.09184527191034443,0.07661117710180351,0.07899751530697144,-0.28511284408407783,0.07671790987392904,-0.08643954391824037,0.13393172545576615,-0.02969133570899823,-0.05530180699730868,-0.15775930038389366,0.12265638359528765,-0.22182593376829807,0.1556766341303861,0.26300033856094385,0.1642590966734952,0.05759243000682856,0.03840233664434455,0.06773720784772787,-0.052106135986732964,-0.1699695295150544,0.30599666029713024,-0.13370884906494054,0.01565517280953934,-0.14733586967125153,-0.04132956899470347,0.09095583214263167,-0.12495653221780367,-0.1997250196537497,0.12177601037488449,0.25255039680490277,-0.07662598197019511,0.003180292310075908,-0.03257392392133905,-0.10922010478174293,0.17775402112849817,-0.06151296573648479,-0.02848927220873713,-0.020135998209643773,-0.025709399943764415,-0.09099209833187002,0.01081053785283498,0.05680616525217047,0.07892922928609543,-0.0584630480813923,-0.04236935277476511,0.10478116912553723,0.05385333998978574,0.034786390997721836,-0.09700746555572767,-0.19009623164454542,-0.0566850866773399,-0.11231856863318929,0.06726930514670014,0.08111725111466883,0.1933133639759679
000000000000000000ed_000000000000000000ed,3,Woodland_Savanna,1163,-1.7748340676849848,9.362003980039797,0.0845501647458167,-0.018278147534366494,0.2012937811140169,0.020487073726190984,-0.09561510669717278,-0.08367028621507103,-0.12745332752830363,0.08576734326998375,-0.037479810496855614,-0.09484857831318926,-0.005994334476157215,0.05980672160287576,-0.2687562128859097,0.027740372361579252,-0.08290730167608658,0.10741949570953428,-0.009311849434191381,-0.010250545213280277,-0.15392764804065368,0.13499129741421628,-0.25237788363031216,0.19367641852148273,0.2502112191124321,0.16737892000662483,0.05252533667353943,0.03829679900216956,0.08293628715458665,-0.02839513739506892,-0.17263888516983508,0.2932946419509924,-0.11987642824060987,0.014008078776500689,-0.1617759952766364,-0.03820450035256624,0.11493604384582554,-0.14133948745819366,-0.22522155808186742,0.10439083056553086,0.1868820213668729,-0.07112190132573519,0.044373593991066954,-0.029450039554202764,-0.11649364306274156,0.2507170368695419,-0.05580640821061278,-0.021300412600087956,-0.08583938382056239,0.0003845865222153089,-0.0712058428483257,-0.053238390023282886,0.027318707699895788,0.05484676672078299,-0.01590789705526973,-0.03532599902874841,0.09776241230058016,0.0530560142388518,0.020353148121150532,-0.054707498901639416,-0.20213467734977253,-0.023176957866922625,-0.22810228092046086,0.04000149423315255,0.054657885071652076,0.2017555388280782
000000000000000000ee_000000000000000000ee,3,Woodland_Savanna,433,-0.44762631376963474,7.469105510043188,0.09833489162544515,-0.015905483146027483,0.07922850777769783,0.02781449309334742,-0.09317574604899694,-0.08375758834983521,-0.12763142262746693,0.12521558150045325,-0.08420964400794503,-0.05016766512790865,0.008946070662109869,0.09347351746929806,-0.26902383432202753,0.05025489396954267,-0.10512453462116629,0.11152761462326177,-0.00928560963850284,-0.04300381892556864,-0.19763569350214386,0.2089723174511846,-0.20280109000535412,0.1796404118863503,0.2505733715847431,0.14597647200890043,0.05103583361524653,0.08714644305396838,0.12782647995574625,-0.029231748670124166,-0.17074576930350996,0.33994713349724254,-0.12756649822905206,0.04012995534671773,-0.12178552750629751,-0.04268644232587745,0.17384963857390073,-0.12209523251405345,-0.23098225677990256,0.09325700809690354,0.16937553774396588,-0.06468686319793501,0.011177367383125844,-0.04502428893488287,-0.044727227847168344,0.24158269203619498,-0.05285414297041549,-0.06280206671266066,-0.022528908316485092,0.004518993849407716,-0.015641239423813687,0.0006310594699320616,0.026414001365614358,0.005300075561628891,-0.07704707640426088,0.028995065852270314,0.13216874305760884,0.011571601968686722,0.013323708326784924,-0.08925314743929538,-0.1097911355820687,0.11759911137393414,-0.18096489802731758,-0.0022190790005265355,0.11723485282352761,0.19677633313887977
000000000000000000ef_000000000000000000ef,3,Woodland_Savanna,1140,-0.5134505016119069,7.489757261053161,0.09539170494479178,-0.013095422138583647,0.13548009200240121,-0.0017729213460409906,-0.07335068158670413,-0.08459553343181093,-0.14945873719284752,0.12341072596909419,-0.07092036126456083,-0.04886239435574707,0.004669243273504783,0.10284201083254076,-0.2688182278071187,0.0923337178008458,-0.10979523395185384,0.11114953088218428,-0.03593009436316661,-0.0004247758959104819,-0.17122483255428067,0.173060132067963,-0.2403642323802586,0.20224011007911935,0.230115380724013,0.15838912159290958,0.03894923005321835,0.0774115758446481,0.08666426543097455,-0.01982184989578903,-0.16028750075881742,0.3120495895640678,-0.12342502546254136,0.03858327094167556,-0.16251309550307907,-0.03385693761508726,0.15825022764523763,-0.11319457428654293,-0.1903664582448046,0.14992301206688383,0.20016549640151896,-0.033928165280560064,0.009713834759910141,-0.04229282934363972,-0.03830316275116853,0.2218199477933588,-0.08249895789068977,-0.05780626884396686,-0.06344053906392275,-0.005864087361810901,-0.055599182500657596,0.02088087577652316,0.012926364353791008,0.04516708148687747,-0.059211072664359814,0.011238538483848993,0.15251645453503035,0.037654397431487165,0.0020197359989747522,-0.09530979312949807,-0.14277126881024163,0.09968953911113806,-0.16287500758817453,0.0447954025779558,0.10961452073089295,0.20066484550476535
000000000000000000f0_000000000000000000f0,3,Woodland_Savanna,2045,-1.895884727939221,8.87010146968919,0.031142041475490396,-0.02504539818708053,0.14258899482895893,0.02704470445352498,-0.10621915776234266,-0.053172733075204245,-0.11405830933936446,0.11347727270590866,-0.04818513097745925,-0.11856552445034774,-0.04077318390801352,0.05616560115584654,-0.19491574145358798,0.056961894475418,-0.10505855844423197,0.07971653558110521,-0.011234257277387165,0.013927041414389212,-0.10815300866978939,0.17880782734494627,-0.19168051407724504,0.2320167774478313,0.20015232057634405,0.20294313734890376,0.03074964020796962,0.027693542731824936,0.10986281935949026,-0.0723898669780007,-0.2024753240478319,0.3290807579180097,-0.15042483754132552,0.031213182065577518,-0.1891387344908719,-0.03009950846439535,0.09654397734931737,-0.0868337530515346,-0.28921706058136376,0.1316570474587073,0.15674678443216777,-0.09092302847597639,0.050547419696580824,-0.0943198788504327,-0.10783129678353913,0.17501069458897223,-0.12128192184875289,0.013739338546675157,-0.008268371483978777,-0.028537573944194823,-0.06807697246404192,-0.06314471864780234,0.06295927182417141,0.03665737740515445,-0.10313911613832932,0.015141575226379897,0.07493531639608234,0.11109567224943573,0.001294488014295795,-0.06498143933732461,-0.14924751341641213,-0.044288852604179835,-0.222379919703631,0.07953659350503704,0.13206608329126748,0.18770545464458374
000000000000000000f1_000000000000000000f1,2,mangrove20,1032,0.7604918348166193,5.796188597677034,0.10925475890310521,0.07239946472585078,0.05512483272682834,-0.05028370125980164,-0.18361524637214666,0.029111283972473277,-0.03476414855347819,0.052507711703012216,-0.13665733811384406,0.22269067651380356,-0.034188818254159814,0.17298588199529696,-0.15568764547922828,-0.032895219191187604,-0.165154964250482,0.19943104768887338,-0.029608945873531002,-0.060543321143626885,-0.0906141048910824,0.15104625829660026,-0.18148392538349886,0.19797901224633338,0.18327226558658116,0.25129964921064946,0.0015819198936604447,0.17136992629549158,0.04402766973942635,0.008625066685740996,-0.015423048380318822,0.19469142756661867,-0.0411862461963049,6.085912097017065e-05,-0.06674922286896211,-0.041536558687922616,0.2506488559856227,-0.0463339979554673,0.1452133198620685,0.011896020910264078,0.11202524968035547,0.09936828113218228,-0.0689893869084341,-0.012592771414691398,0.023833170903260186,0.12152761758298088,0.03650826009078197,-0.10142103961207523,-0.12612340513040596,0.04583806466803164,0.10504635962912294,0.21567041895037387,-0.06848808895803339,-0.04756369792178913,-0.0261618518816555,0.07269768037934124,0.10036777744993723,-0.049528535536421545,0.16410772243233815,-0.1384203451862581,-0.2123455796667352,0.2446249355495352,-0.14538099538340946,-0.08742069985008744,-0.031082082323733533,0.1107373133171797
000000000000000000f2_000000000000000000f2,2,mangrove20,385,0.7682507926047882,5.812792297000247,0.1284604822321085,0.023446886062802996,0.046790714859918967,-0.04925242539083366,-0.17610106003185585,0.0262131348082905,-0.01777873645001669,0.024318798464127152,-0.13536787549244292,0.224113123324196,0.04552414905356082,0.15614422025494684,-0.15589496547282009,-0.0031669737413682064,-0.14428959890551582,0.16736723637761697,-0.03551976512530142,-0.05503769279547823,-0.14860090774277623,0.17301285719278794,-0.1648409752492797,0.2044347778327017,0.13980477039300565,0.22039155769259572,-0.05015165995096789,0.14581308887191238,0.05067637322308598,-0.009671724661344045,-0.002375430029409276,0.23208464276976384,-0.025388357125381327,0.02129498644377536,-0.14888882897187394,-0.018668544066467917,0.2110681506114032,-0.0034938809748498246,0.09656066348107867,0.02667329748298605,0.13202466583781458,0.14591646569501238,-0.053777198579966705,-0.03268497131472906,0.016696395492243245,0.1463863748708039,-0.0066781108165191285,-0.08751191599634504,-0.0833875482456797,0.040527070008038846,0.04543083828896975,0.15705751534125234,-0.03699596059457648,-0.04516672408713929,-0.040809398982409324,0.06616068744788464,0.09999622522805911,-0.06644860867698234,0.11750781168082203,-0.0899250538004863,-0.16608756871732647,0.26000085881054735,-0.11331793466049518,-0.049299080773129174,0.008796776464596548,0.1241528483050974
000000000000000000f3_000000000000000000f3,2,mangrove20,948,0.7539349295098936,5.980192537220075,0.1914052530915568,0.10486969471332834,0.11563582328770008,-0.13734633060637175,-0.10602562792304808,-0.04502403327509538,0.07342810376405046,0.03824105301920548,-0.17355810893895074,0.12285310583238836,0.05113249204703801,0.18511400191747085,-0.10400199858217463,-0.03861650095630206,-0.09162791980364576,0.03967224550116227,-0.002718331313662215,-0.0738449509033364,-0.1088824324302402,0.1994415649936652,-0.21015279744726548,0.18577950382601952,0.13971147092079153,0.22337387275585338,-0.030122072490781655,0.18138891727784018,0.08501514347776006,-0.012641097143747006,-0.05771671719900002,0.21411349416079825,0.05650076163500888,-0.04435398913433161,-0.14644902885453012,0.09935639813963143,0.2749614964708478,-0.0778442565906978,-0.007954746389330927,0.0033515184844517664,0.04816926952794847,-0.008788830002092648,0.07800226138275278,0.00782782344343378,-0.013316332407042369,0.2529133066314968,0.035367117807659124,-0.1308567136625478,-0.04048536995670275,0.0012118026659658607,0.08967787462465747,0.07728945537013511,0.005767791355807633,-0.13439491789104155,-0.09733237946456813,0.008902580474565904,0.16493721175075468,-0.1105718183691115,0.14282893466810068,-0.12757073310005723,-0.05729500338234073,0.25677349023501184,-0.22327634454129133,-0.03679655828576152,-0.07698136224788579,0.1716265571339812
000000000000000000f4_000000000000000000f4,2,mangrove20,144,0.9312163572478404,6.034772217420014,0.1395100175146311,0.09024990388312185,0.10765902003502924,-0.020918450168738483,-0.13127258746635906,0.05879448075526503,0.031392199581357555,0.0689081122645136,-0.16521466102780977,0.20021060275962232,0.14533555470118328,0.13661754026229225,-0.16955828954675545,0.13891024819513859,-0.012318339100346022,0.1862458883335469,-0.057260028194284204,0.028801742919389948,-0.15908667606476137,0.11664188987141694,-0.21929001666025885,0.13004058268187446,0.06400956896919983,0.15424964757144685,0.049917553077875994,0.23098252808748768,0.08139518988423253,-0.056186082276047634,-0.11264300055534195,0.2521658336537229,-0.08927164765688407,0.030043145798624424,-0.31238412576359514,-0.011197829894485,0.20067452689136656,0.10257507796146778,0.06932889059763335,0.13721346490665978,0.18922508436925967,0.16850057670126872,-0.0002857875176214296,-0.08205476526122428,-0.1293340168311333,0.1326297577854671,-0.04317911914221022,-0.029406211286257384,-0.009393395702507584,0.025856294587551752,-0.051450296894356824,0.15812166260839844,0.028209662950147357,0.023159468580460474,-0.02386005382545172,0.03607116920842406,0.15092229484386344,-0.04019266094237254,0.06265410739459178,-0.001576743987355293,-0.1993737451407578,0.09764321414840443,-0.01786278781665168,0.09931052159425859,0.011232004784484585,0.11754367978128068
000000000000000000f5_000000000000000000f5,2,mangrove20,685,-2.6506159254331716,5.028179653849944,0.17843270836315056,-0.010471884760774196,0.00874093905488342,-0.12981078024454376,-0.09434368028018418,-0.16402764798491312,-0.006638749273861515,0.026155914204811687,-0.15080968858131483,0.15799820956005126,0.07050512295944565,0.1300703996497697,-0.13569294235513008,-0.10136157626067456,-0.12757478454384472,-0.10216405256821488,-0.05462164187272157,-0.03364626182518231,-0.1276204940828485,0.17150389659227078,-0.05641185731484517,0.0593350227453225,0.26519426273443397,0.24525574386044668,0.039726528538995345,0.10122453744629378,0.13913938771443884,-0.01967099683726356,0.015841184047685166,0.06287118093265641,0.16663389993180608,-0.0095209647047598,-0.2168868234283838,0.06649714175064611,0.2792120043666529,-0.10937358736252478,-0.08379348762547809,-0.016539489303664768,-0.003821820355450036,-0.006024319674914463,0.07799726663242937,0.02535873625248005,0.0283023766827469,0.19823194335699068,0.12490162963711315,-0.17622374325427892,-0.015714023522676535,-0.03166458717450051,0.041703982466036314,0.04073222819970977,0.14069027914586468,-0.050191139286686434,-0.06766762923861397,0.036794921661236366,0.14661222382183153,-0.06388271776436347,0.11169471595708554,-0.12275310169867287,0.1354122193317,0.3501844602160314,-0.11217417220215692,-0.08491952281127131,0.04985509784277239,0.16828725616481024
000000000000000000f6_000000000000000000f6,2,mangrove20,2172,-2.4541881563712584,4.989996510512472,0.11435717810758432,-0.127053187504735,-0.07145165161720626,-0.09273305422266401,-0.13017047558560488,-0.17069156713347958,-0.005568590632728721,0.03526811829704254,-0.18102645037359902,0.1776135966971196,0.12312405697482832,0.10440401517195182,-0.09888764981311195,-0.031670465318977006,-0.16877979357705597,-0.1298232228290153,-0.10817394924604005,-0.04404270067540248,-0.1409852988969393,0.17734975144139914,0.03421469147367173,0.025827663676599784,0.2932022037139703,0.19506032174903687,0.015380031621213808,0.05142773391449523,0.19138401932108556,0.015484425525527415,-0.0319942110379702,0.029457093638018496,0.20383501741432497,-0.06661237390633858,-0.2783557252027305,0.05671387191355071,0.16072435661875334,-0.06405911311912188,-0.11236774636189648,-0.005644181335553751,-0.030512389695704193,0.011643772086525719,0.058928263176862804,0.005745516492806628,0.08355287631970418,0.12934331107953237,0.11505491229821649,-0.1308256705347072,0.04410962492822207,-0.016596478334228993,-0.014784227344207448,0.0003621216659125956,0.14241316733966178,-0.07507023435525219,0.0010994496379420518,0.08428742876199333,0.10476203018671808,0.03159711203298345,0.046539714502780084,-0.08116790326429199,0.20860266946485378,0.29001096759073397,-0.026790999070339123,-0.1427648099647182,0.1439794157651505,0.14564504514838106
000000000000000000f7_000000000000000000f7,2,mangrove20,603,-2.4229379286421024,4.953376241124488,0.07507366410291229,-0.08218020496007719,0.01891646470964412,-0.06977329168587407,-0.17400089135254135,-0.05266544376668494,-0.06382369837344097,0.04366520594515563,-0.1211642670920675,0.22193295983239003,0.0025125175098491956,0.16486823858408836,-0.16436479654782601,-0.06421278204645103,-0.1725220877542315,0.05826604514273432,-0.06482578775990605,-0.03338754133982145,-0.168243289511688,0.19484339165380324,-0.06729270474489014,0.1678594085831256,0.28674783203041565,0.2126746250804162,-0.0030747199539914237,0.07909916010107093,0.09509708920475156,-0.013861335383826705,-0.008581977973773315,0.14970509492777043,0.09564194916740146,-0.03863527422480063,-0.12333187324941354,-0.024721401323511846,0.21731710536131335,-0.0757014619329343,0.11244926208378839,0.005168569557696587,0.06353458900550428,0.06277702860808093,-0.05139005727482027,-0.037771720661080053,0.07045638142747747,0.16665686051352868,0.06391836791946963,-0.10582372005154285,-0.04297640338611948,0.0792005626105025,0.1238494953146608,0.1277827701171191,0.022609495136135256,-0.05485600320835904,0.000825196075243418,0.08429986425682683,0.14887275783073606,-0.025349505197324897,0.11547450495822818,-0.11245354669686296,-0.037051089547775626,0.3680457127409218,-0.0996017477650833,-0.1360111654976431,0.09002063882815829,0.10198450270753114
000000000000000000f8_000000000000000000f8,2,mangrove20,606,-2.2665149646725777,4.923932583470824,0.1652065275731725,0.08606184724585487,0.00773898843171512,-0.16656381209055157,-0.11373934625296436,-0.10729673659407461,0.009191082891449438,0.031102330532937907,-0.08866769952658468,0.20123349359157366,0.011294462779611273,0.19728253794237552,-0.0734568958625966,-0.1236749003620085,-0.09707512850477663,0.015303278886135429,-0.04295397936564124,-0.08583639448143196,-0.10172518059187692,0.13814468413392664,-0.13569901396137304,0.14089518755797145,0.183857998256573,0.25956048892086436,-0.004300656132510583,0.10521142541013039,0.056405926636492895,0.012389548066686669,0.010719309531875883,0.09032017388590066,0.12254520031011172,-0.011870428103940678,-0.07978165290577496,0.02182283280231134,0.33309280639713335,-0.09379890699565917,0.09278716106904804,-0.0322405573890722,0.03979104254139366,0.1112306386347977,0.07310465763992773,0.023520580431745562,0.0644136109112641,0.1711326565182469,0.05209197274975475,-0.2016726240098058,-0.017060105087786714,-0.022808389258764387,0.16577589477517526,0.11399677453327799,0.04747998675300051,-0.06366710950218432,-0.05221855518885218,0.06174421363704993,0.14959212184194196,-0.06964450078225812,0.17633837201482544,-0.1506456897131466,-0.024207292701588445,0.36901674019766445,-0.1786102577962525,-0.06556026306206164,-0.04697335246788803,0.13237122558853345
000000000000000000f9_000000000000000000f9,2,mangrove20,327,-2.2401861967050327,4.935641778675925,0.22449986890480841,0.1101882479921272,0.01776197581029168,-0.19065299514301134,-0.08856363172480117,-0.11942713164896586,0.0479397832167585,0.000999286324831542,-0.1273979074150497,0.17658284804597613,0.048684544993868456,0.20584677499950027,-0.06098825786835687,-0.11935395349001263,-0.08392312060640046,-0.018464410888778315,-0.039502096935194235,-0.09371845926114042,-0.09504337898738073,0.16273844334159873,-0.1379782652402569,0.12202787213104344,0.1271887194645202,0.256561496578004,0.012738455099015023,0.12773520417341244,0.04586822052680274,0.004428877625284058,0.0475917636947445,0.0958671506019209,0.10395249063227854,-0.014029701585017238,-0.1390915514733806,0.06021170403761429,0.3503123122487587,-0.09115045142599819,0.044627577960487975,-0.04585900271243589,0.04612274507452433,0.0888089384581559,0.08331662604479337,0.030204896493585702,0.04349002442015357,0.17979572664947727,0.036419208326131866,-0.18810154174999735,0.0016601471793370346,-0.03742846493997246,0.13119301327294722,0.08759237508039129,0.04399399431176195,-0.0752389988795182,-0.04405701406304557,0.025278256892491316,0.16071597962204606,-0.10250284823409483,0.15998513862581665,-0.15648763648890626,0.0032489973863263476,0.33380828592155215,-0.20545285452431256,-0.0338916460030075,-0.05054278112276266,0.15328134203852434
000000000000000000fa_000000000000000000fa,2,mangrove20,196,-2.269552132250769,4.9258189664725105,0.1836144653940007,0.13412047171809896,0.028195121185729154,-0.16772858162872986,-0.10828833494181986,-0.022538270210044762,0.06617360669758096,-0.013698969783992012,-0.10152390367911868,0.19318378331724845,0.07237467536034017,0.17383800579055148,-0.055774466649404816,-0.07042660201335432,-0.07446304011800794,0.04272548234980262,-0.04237585230170495,-0.088947265180582,-0.10522263807483777,0.1719310469285753,-0.1886646423275192,0.16389551899191043,0.09364122119436007,0.24908661503817212,-0.029232712692920264,0.18321901309543423,0.0427848001945876,-0.0013382607945138752,0.02369638051298947,0.10832411395930919,0.08864439893604496,-0.004904550055316229,-0.14713242159608939,0.10040816326530609,0.3625123775000196,-0.04933863741575057,0.07218134312548545,0.007837174085320385,0.0828529058682296,0.08959034594229845,0.06940125069635694,0.015915699613178562,0.02707404530439622,0.19695941121546656,0.010036642107823505,-0.15361344537815122,0.03882337248624935,-0.014702665379877413,0.09725647121593733,0.12504703842321238,-0.0016489733148160987,-0.10707718381470233,-0.07083366680005332,0.08651743050161238,0.21790080738177622,-0.09408532040267084,0.14196015661166425,-0.16272422694568017,-0.012739841034452968,0.3173724391717471,-0.17190719425024906,-0.004375083366680019,-0.004957277028458426,0.11397280480819776
000000000000000000fb_000000000000000000fb,2,mangrove20,264,0.6495773436557019,5.835441521728479,0.05964046462316354,0.04008271876783984,0.0268782403038458,0.022834574114850906,-0.15265876760686448,0.14849743105798466,0.051155849148928685,-0.01692169678328845,-0.010564701222140663,0.18517050551652625,0.20304265259282556,0.08069809979844578,-0.14789742872787853,0.03271981638763642,0.03185930819148808,0.255384292754535,-0.1586301306024489,-0.011255111670336567,-0.23035708876539326,0.06675660876352914,-0.1602425640487924,0.2728209429939534,-0.06378618946092991,0.24603660596740182,-0.1597725816410937,0.07141891813172087,0.1666657346242121,-0.13021844745028133,-0.04606759637901502,0.11378840306175943,-0.03316253655353997,0.10205002737874706,-0.2513445877459718,0.01964326075052715,0.10599559609940229,0.22968322207076533,0.017308960423147248,0.034821572122610146,0.12508941782298183,0.236298393391819,-0.020879149045238975,0.013213099856698454,-0.00860275185534701,0.048957860030524346,-0.15038528304964285,0.04971095033378766,-0.07472254261181593,0.10504048559411877,-0.11343748907762745,0.04629944193958033,0.04062143930656037,0.014656600608157672,-0.0982803816713851,0.05416937541505011,0.11576340102291656,-0.07466988221313477,0.04959863921801634,-0.021313713839665363,-0.1155644099588736,0.17297822515815592,0.0006104878077196253,0.004496405811284686,0.16012256358277116,0.0959050714760057
000000000000000000fc_000000000000000000fc,2,mangrove20,103,0.6235434041499387,5.843433350186095,0.10469819300269124,0.00854996024680575,0.0830557328585346,-0.0643994281512338,-0.1566405751335371,-0.007218134921968025,0.0290750010264909,0.17420812756856024,-0.21147475018943424,0.10728778699753265,-0.004661388636932008,0.13098472208224615,-0.08920064351649662,0.04315293221800424,-0.18344430633475545,0.08265797695434537,-0.03792238235480748,-0.008070980914734047,-0.07763466627846642,0.24007077188385348,-0.25161644326491306,0.26311194723463344,0.18335531890273715,0.11548478367170203,-0.11390988529430425,0.13948332045553796,0.15619145735583398,0.014005068998854044,-0.12791973214185728,0.2649400715930766,-0.005714904275054768,-0.0565117971803227,-0.11636510229448715,0.056197056397278074,0.16098483406307504,-0.04345871453473829,0.03163115008043952,0.01273356401384083,0.060003210117094585,0.03264584569788317,0.04335360186336095,-0.051059674583711225,-0.010149345098785734,0.19093418140147736,-0.04031907070842801,-0.06508086882192432,-0.11029245659809704,0.014550340981623933,0.028594230001157094,0.10900661806698689,-0.0942585935954431,-0.1059691007566171,-0.07447053597757394,0.088885902733452,0.11064422570855867,-0.030184059155739178,0.06499725646969234,-0.09285928115773244,-0.11920911673254869,0.3111257432727517,-0.11768259407322797,-0.10680880766546097,0.04047912863984348,0.13420140871882733
000000000000000000fd_000000000000000000fd,2,mangrove20,1129,0.7435714860371967,5.852123192885984,0.08534026396470115,-0.02240337486876511,0.01824123650745486,0.03410687924416884,-0.18027209675096004,0.07978916605284671,-0.019140692974596852,-0.013880877730136479,-0.15350732786905896,0.20181186700352693,0.20098580330723786,0.05763206833646114,-0.1812050621669324,0.06464077827939035,-0.09427413112555671,0.18860449190183373,-0.03629367869345062,-0.1002625889272675,-0.23190502801096124,0.13480263263192696,-0.09380625902213119,0.15040418126298086,0.061557682556514816,0.20102683133726926,-0.08850879388557031,0.16545106144022415,0.03075631127770231,-0.085251397142681,0.0032442655938354353,0.203755930896647,-0.05471221295618055,0.01286678251772757,-0.23360483073724114,-0.04513835211571207,0.13621741859181363,0.12871413835858592,0.10031614875930048,0.0940080210343572,0.14505201208637813,0.26868771941295316,-0.0949001218785852,-0.08145595020515714,0.014365259120546743,0.10657420376233298,-0.11168657963193958,0.01499958624621108,-0.07612562995291376,0.13793215050830415,-0.06110615628178706,0.10062802717085373,-0.003976722177781995,0.06629187043615094,-0.00427083812215034,0.09554567313995534,0.10242530552226793,-0.02804154156148292,0.0735111146527073,0.03987401452531199,-0.17501298982574323,0.17951724638169753,0.005125289074277823,0.015569510806806242,0.04147650508474456,0.1824836328876711
000000000000000000fe_000000000000000000fe,2,mangrove20,541,-2.5220898675844308,5.032951165714476,0.13090520424037105,-0.03653308374924754,0.04146347807362584,-0.09369886884114666,-0.114681556432511,-0.17984096831802923,-0.024699045795694916,0.0276686984459979,-0.15720022371603123,0.14771216246275246,0.0846360670323727,0.15452813897114784,-0.10050665853670666,-0.12639301960500046,-0.14403071191870606,-0.09041618430562393,-0.04881137000485377,-0.05249463984064138,-0.10215982620078583,0.13451615722944607,-0.027289944646627415,0.048724044001276307,0.336753971350419,0.24900134385964162,0.032086166205092415,0.03872430694578577,0.15926944066017545,-0.008436510626866787,-0.04859567022778807,0.060890784932000376,0.20313324677484346,-0.05514728090504075,-0.1951836241002145,0.07368609115930809,0.23760268516090427,-0.07346129492353641,-0.06279353668182502,-0.05860154739290514,-0.06100653736903405,-0.0037645694354723432,0.09103258308868831,0.04483371602419369,0.05544746404233829,0.15279298947298098,0.1303374715113837,-0.1480380430958944,0.018186095067942692,-0.04842158674930227,0.04444939064386578,0.03432002905181494,0.16293440387281727,-0.073584893056204,-0.05551978088905088,0.027180446024954102,0.11632994845576951,-0.04959684921411566,0.13210968907877746,-0.10968168790476573,0.1368640669271949,0.3246357827680381,-0.13462292691350758,-0.14789227234513097,0.053548919404665156,0.1993742489203285
000000000000000000ff_000000000000000000ff,2,mangrove20,832,-1.6295384734989549,5.029714856004461,0.18073921272883206,0.13000303137846386,-0.011886626445449956,-0.07749534202821397,-0.15347987460444204,0.002116419720225939,0.03995327241001977,0.01636131073847335,-0.18258288232336672,0.24399151214030107,0.04204078313074848,0.16507955520066242,-0.04648182651642854,-0.016211885961020862,-0.10823544198976723,0.16640123621092476,-0.06918064058202462,-0.10583303758909293,-0.1372080264986839,0.20827802916038207,-0.17873369709874895,0.11300550084287106,0.06970758288232333,0.1951221423712773,-0.003035371011149549,0.24870005619140567,0.017843432999142313,0.021757829828764043,0.060019666991985285,0.18867262591311032,-0.056933427971490216,0.03179161860822755,-0.18780727826575574,0.012992118415993811,0.311222828497915,0.033579318605270116,0.10856357022446984,0.04824875048058435,0.13748011119983433,0.19381266081093068,-0.02707649424777448,-0.026929952976665734,-0.027808313370597065,0.12406944074764141,-0.01970396001537866,-0.08327536746221864,-0.03924843994913195,0.04654141898086531,0.059326368556472324,0.13565625646940524,-0.027995371602637993,-0.022384955490491784,-0.012175198888001643,0.09972451424008513,0.11633728151894239,-0.09464769467364618,0.12245889155058702,-0.0626404045781208,-0.193430115635998,0.28944230029870166,-0.10291522491349478,-0.013172300594445881,-0.04382633898204828,0.13964865584242744
00000000000000000100_00000000000000000100,2,mangrove20,180,-1.6306525641047438,5.024780838070451,0.20282284591396468,0.09682600709128965,-0.015307616728608609,-0.10933675082233327,-0.13593711820240076,-0.046877354863513986,0.05788782092357636,-0.00989363065487631,-0.20753317100260585,0.23426921269597165,0.05599760775769999,0.16803417488999953,-0.04015412875389802,-0.03503131274296206,-0.11059541202101754,0.091278055448759,-0.05931257208765855,-0.0843087701311461,-0.11971156392840358,0.22644316288606944,-0.20343970267845696,0.15216267247639792,0.05384869067452685,0.18409124695629883,0.022883506343713923,0.26907326242043655,0.034350207185270584,0.031989064035200084,0.0940862061600239,0.1908216497928147,-0.03749600580973125,0.024599769319492454,-0.231839378017002,0.04614806271092311,0.2830015805886625,-0.01669033277799134,0.03742970652313208,0.06970310564312866,0.15098329702251267,0.16164620445127936,-0.006100901362723726,-0.02839694134734499,-0.04631210218292105,0.13674091161519072,-0.014337391601520751,-0.09780375069417742,-0.02100217864923743,0.04175522235037802,0.07117057541971034,0.11071331539151606,-0.02771344354735353,-0.0374672989021316,-0.012831304199239578,0.10403998462129947,0.10814541415694817,-0.12151565637148103,0.11170541244820367,-0.12060968003759234,-0.1601455850313981,0.2570495108718869,-0.11639830834294498,-0.0021089324618736305,-0.05361595967362976,0.17290341321713867
00000000000000000101_00000000000000000101,2,mangrove20,302,-1.6137397901428892,5.045467576767954,0.17216913515178822,0.14600945637312188,-0.0018872007964333601,-0.1012676224885487,-0.14979404253585601,0.013775038128483408,-0.0060327281152689335,0.052850584721617466,-0.1526832013158464,0.20165468706636008,0.017790814027208033,0.2174240676662822,-0.09043898042271054,-0.038355497503507266,-0.121716609251154,0.14869064623641948,-0.028104931623344008,-0.08980040789202315,-0.1044415418420322,0.1992704792603965,-0.16758139380930917,0.1455391329366443,0.14860611430651985,0.17569258894312165,-0.004274260281959799,0.20743931905965865,0.03826118838653494,0.038486471072002315,-0.0035521742783595537,0.2098465439935226,-0.027390178510048307,0.04384681388462405,-0.10694226112727909,-0.02447596568818407,0.3089071701918009,-0.03485587560566359,0.12063256363446558,0.03458374389880608,0.10092216187864572,0.17922867160109074,-0.010873861556049478,-0.023909703603555387,-0.013978118451639805,0.12740774689306963,0.028657546384350346,-0.15921701026859253,-0.03590692321598159,0.007535155862111105,0.11992229173191155,0.14946976583127727,-0.018153384714488265,-0.05557088333320598,-0.040053672683201265,0.10464706646195678,0.10781324554234105,-0.09737874633037215,0.15380167077868673,-0.09571153224307509,-0.19867040440380798,0.2941265076346082,-0.1144046991605368,-0.08051920937184116,-0.0755939513839557,0.14039572146219867
00000000000000000102_00000000000000000102,2,mangrove20,433,-1.6098484703533793,5.037541811907104,0.157973421130441,0.10835597962410973,0.01720240838263481,-0.09988838899233106,-0.1507077132351831,-0.011252946770339679,0.006650275742230934,0.025910375561717654,-0.1319322023062723,0.2148202015035965,-0.0049403631397765685,0.21972220668369688,-0.09755210511501614,-0.05066944406708022,-0.1243653133942976,0.11999293219076335,-0.05902224495286495,-0.06787654064478661,-0.10468057675454366,0.1966820009713798,-0.19008144851021055,0.1735946291753127,0.1686539819025015,0.20152504854679268,-0.007054597050521494,0.17741451369299244,0.04266854194469522,0.03704384439099186,0.05659688536919088,0.1978392748214623,-0.01317482261663436,0.05160040595507319,-0.10307664577400943,-0.009974632247501163,0.2924119609352594,-0.05556661898559175,0.14403143932028273,0.02446328601630388,0.11838502334774417,0.1636849213262264,-0.02238684179916586,-0.012445453116717383,0.029670308009088656,0.12059614662330083,0.03297875306441913,-0.14753394723827126,-0.07747370215577057,0.005665896843725933,0.1467544282577406,0.16170906020335044,-0.033682976790770605,-0.0637747961567455,-0.04726950817459616,0.08135069741341264,0.09964573938074978,-0.06685138865581097,0.14201381064131485,-0.1352917913078377,-0.18111165273970833,0.28317664284388755,-0.15466668087331836,-0.07091335451900269,-0.0590321896090773,0.1332568305137569
00000000000000000103_00000000000000000103,2,mangrove20,1076,0.7751624161083835,5.813383561482543,0.14261475068925447,0.04257338827359791,0.04276679401259734,-0.06870042834540328,-0.18503932573831336,0.011694787106474631,-0.0018651676721421022,-0.006281027171419621,-0.15538781909731597,0.24966365524269332,0.005403011995672243,0.14470831207328033,-0.177517711946649,-0.023457263363104528,-0.1655571420200123,0.17993788491415222,-0.03189588219572393,-0.04338377146908034,-0.11843211575759392,0.18007469246172114,-0.17179603498225585,0.20063738710733214,0.16177443905618225,0.2515689561778498,0.02073649111222589,0.17893506786780602,0.026900548688022437,-0.0007866576909938954,0.03987239680477479,0.19789563350670097,-0.002920009318692123,0.0017997653176001758,-0.12372027344358544,-0.023288097657606633,0.2692593211933071,-0.046146563589354365,0.09636430940916345,0.032065848279686504,0.13953112114442684,0.08012508772005045,-0.0813765366194586,-0.0022068721066675783,0.0024028504907320394,0.1671569270612246,0.04438150039518683,-0.08557920959768116,-0.08921458575412085,0.06441663129279698,0.0842475513421346,0.2000498521443711,-0.044392820033472925,-0.05773530054925968,-0.029778766816880513,0.07049642045024143,0.13601671647593358,-0.07562118658965879,0.14933489978832845,-0.12866678386494182,-0.15683015826054889,0.2395981528408433,-0.12160144296803198,-0.04832570829921001,-0.02910467663995401,0.10982450272914761
00000000000000000104_00000000000000000104,2,mangrove20,736,0.7037535460928762,5.777952492166691,0.0814374905972619,0.049000551627300507,0.06436989117897794,-0.0328616084114805,-0.19258387242364974,0.12952376176387007,-0.008373284522675216,0.041478779064908114,-0.10964695852765657,0.26746385169583603,0.08100086923089778,0.18087591728933686,-0.14268199521923003,0.07478921150727977,-0.03757208765859281,0.19749218527990903,-0.06867601089881814,-0.05549261989535794,-0.16558806813432958,0.1376952008424853,-0.1897736656469919,0.1602439697106464,0.07262725038864647,0.17666591444762042,0.005148270731992694,0.2672190461862494,0.02188639820804703,-0.03271517643715624,-0.03118583153636558,0.2554728950403691,-0.06806495829363284,0.03321490062350597,-0.2531270581548902,-0.01418693479096666,0.17053716797887097,0.08367759891680454,0.1114916503685873,0.08796508032027811,0.16602552529963388,0.22292905738595523,-0.002630510004513316,-0.033410561155408414,-0.036841850124534,0.05641509118566433,-0.0800417899470103,-0.09341089547498452,-0.02500526553332326,-0.0307921702355281,-0.020978553399194255,0.18234642194473694,-0.033586413252427956,-0.008005031509620026,-0.00101407485415308,0.12081298162913927,0.13047757551443423,-0.03573934774250702,0.05533231365862624,-0.0908042893201611,-0.23987145412299615,0.20600421242665864,-0.03332422312488504,0.0006988950738010371,0.031562191799140764,0.07899511893418916
00000000000000000105_00000000000000000105,2,mangrove20,495,-2.930588647373494,5.124507656882103,0.18141535306933226,-0.03416606666433652,0.06727035056446816,-0.14380445749303877,-0.13621092120746098,-0.1109512036939949,-0.011238070827459494,0.022130664585105146,-0.15626710783342843,0.12191152587000335,0.0724590930450215,0.14036907327795445,-0.16627339135297609,-0.024871987852379963,-0.16434779164190924,-0.03532652165639474,-0.049043825412914174,-0.05051260004893218,-0.16016031130217978,0.22469716775599127,-0.0869185511400044,0.1344177957972652,0.2729951106606239,0.192563699276502,-0.0321041402102532,0.1045151398646208,0.11746630472351346,0.01418556188567719,-0.024153942345407128,0.15781429830795454,0.15713614421803576,-0.04819367842205208,-0.1680905013223352,0.05087211989172769,0.24721158528770987,-0.0924349997475718,-0.07458999064074032,0.03710958100808154,0.08542541912784124,-0.008598775140874319,0.048332117794632166,0.0064373065526467915,0.01725446700763882,0.255978003798073,0.047247593194536634,-0.16213748402906414,-0.002915553070109001,0.006533244789300142,0.05163676752142722,0.07005081961483342,0.09016243169876384,-0.06709636930628853,-0.08072954069724539,0.032690457050318596,0.16017733661101594,-0.03875556798278824,0.07570110951887188,-0.09584590231418372,0.031790725400875304,0.37874365337341115,-0.11520256000994177,-0.054096116878123754,0.008211791113751872,0.17275903984093136
00000000000000000106_00000000000000000106,2,mangrove20,824,0.7751620474026713,5.807613668250568,0.1423785474593416,0.06513379842704259,0.0486469356446176,-0.051622863499102244,-0.16858534618873242,0.044291105362761846,0.02754840371328425,-0.029295827221046403,-0.16167164981355187,0.2554331978365304,0.04480248448132343,0.13887616040133924,-0.16107143257074386,0.019847556764948482,-0.14255995640213057,0.19335893961620437,-0.04885096471484078,-0.029468576313068512,-0.14466265775299267,0.16786292053467108,-0.18823312915495533,0.20232770816302914,0.09489486866515116,0.25768535626700706,0.005684594797370671,0.20571475496728292,0.021171020854562995,-0.007737278044665401,0.06146388804903264,0.1952550736647219,-0.01624610400032845,0.011137986510042793,-0.19236805858836964,0.019465478176802758,0.2572026442406393,0.004000925708185423,0.07860912345139842,0.06638231001519203,0.1597374422832144,0.10693960127359525,-0.0643910669160106,-0.018708338465787955,-0.020377300739446706,0.1579168579672493,0.014284423839971904,-0.06645323120681736,-0.06268320996778681,0.061900837243330564,0.03788759364396811,0.20352903849527626,-0.057987331235559096,-0.055032530430790205,-0.03419043459759686,0.08109017069611012,0.13904681918455555,-0.06542845731477434,0.11185548500763333,-0.13026252038984257,-0.16921243883047216,0.20598858542084258,-0.1265377394056804,-0.014310627353930308,0.006321616405937966,0.11710193614853134
00000000000000000107_00000000000000000107,2,mangrove20,610,0.933866684000629,6.036633129398256,0.13876892241949815,0.10546309427017349,0.09104089851948491,-0.03852288842248563,-0.16647438248845017,0.05899672887477069,-0.006172455738965439,0.08956101373368375,-0.15933806039291315,0.21036680721790482,0.0615004821600771,0.16633047818934704,-0.17560741455051962,0.06813238287922044,-0.06415419038074886,0.23455059529436978,-0.029833569686312282,-0.03594773762928505,-0.11415866533048445,0.13821781029994765,-0.2480618677557812,0.12427553084879078,0.15797858326873015,0.17169860268118814,0.030984501547324118,0.2188887250174901,0.05269841990155106,-0.014365823989512229,-0.11610233138578475,0.24490867951166323,-0.09731399650827863,-0.0040203452644316994,-0.14107038276577102,-0.0653380982093898,0.23820800322700597,0.033188042430086766,0.1530278518350445,0.026832756632064567,0.12724518312628808,0.16248338280989022,-0.01268132685411031,-0.013261986247407985,-0.06440115718418511,0.12767306395396472,-0.007971309899723302,-0.06412635745394264,-0.07201477363687356,0.02922134614051338,0.02002246298712347,0.2002522611101657,-0.011579808522573261,-0.024456369240077862,-0.013305046608807424,0.01849679505360483,0.1433117401251725,-0.05515306218919579,0.15444087709014814,-0.02660787465098539,-0.2517182672490404,0.14659673139586912,-0.054584201536609464,0.01923073723221205,-0.07333875369498488,0.11065968322398065
00000000000000000108_00000000000000000108,2,mangrove20,589,0.7578547571108831,5.976416346324533,0.203734099918472,0.1223412439645454,0.1105897235554563,-0.14909391647067957,-0.12325843070674786,-0.04115319365870116,0.05585700680618459,0.057675923260545554,-0.1731144544771535,0.1241338416920748,0.029126057693625692,0.185268797621915,-0.08717973823571835,-0.030680846925141062,-0.09795600360054801,0.06278530720520835,0.0033761077918966612,-0.0703757533507094,-0.08918768998994114,0.20379634579621653,-0.2132707741374122,0.1718981533157222,0.14762998951036851,0.22563201171809977,-0.051882565736438006,0.17168655910714758,0.08557690688379613,-0.0037173112861776272,-0.04582393215617078,0.21882538321097605,0.05406023150296767,-0.03999694514777843,-0.11915626026035431,0.07718520172142224,0.26144918795108846,-0.07749476007986998,0.009655004050290152,-0.010891462014413919,0.062149271306778275,0.012842807618070336,0.08050553887789008,0.009086540438606256,-0.02115043906973218,0.24287986401991135,0.04433253763571404,-0.1403447152688433,-0.04729548319211165,0.0033549065952823355,0.10151456701059862,0.0813659105907418,-0.009238395314848831,-0.14773891979642148,-0.11128904972555284,0.02447014958984688,0.15846630752570673,-0.11132017266442511,0.1592955562996862,-0.13453412524502456,-0.07556764441520136,0.2549503423327452,-0.22273580293331088,-0.037466274235650465,-0.08208466248778545,0.16333568974711954
00000000000000000109_00000000000000000109,2,mangrove20,156,0.7502383505655476,5.980053355358586,0.14940880726347852,0.046128609312000295,0.11630871755439226,-0.08428908013683098,-0.11523891205552103,-0.03793767683041035,0.032226658385827896,0.058376758445962566,-0.17108528278078447,0.15240292195309493,0.11194629284594679,0.1487636904937943,-0.11531186230148165,-0.001654196117863939,-0.12578396869054304,0.09616222557399025,-0.03198178215479251,-0.0317282307593726,-0.16447993375329015,0.1783140606670018,-0.2012646023718688,0.2230589812596733,0.13462120091877874,0.21185303482881337,-0.08738808545036915,0.13595205000049287,0.04340342471830357,0.0252620786876842,-0.06125139246246509,0.20525241770916508,0.031439190055106966,-0.028871341397292916,-0.1814177978883861,0.08205167637693585,0.1901710387523536,-0.018985597255493432,0.04473427380001773,0.045469296818777746,0.07349047210638902,0.06427153264523507,0.012331351846922764,-0.030130817535661773,0.026813355809895602,0.24506550734924437,-0.04376541566852986,-0.07704058596792158,-0.09076075276767315,0.056411833712871735,0.03302792811443328,0.07483906584252603,-0.026274312641094612,-0.06112757420715896,-0.0485974822307002,0.01793669101627577,0.14619308155640331,-0.0875205788700598,0.08309703368526897,-0.066909176943779,-0.031984148108715554,0.29000719644318257,-0.15156931752087457,-0.05779394512958523,-0.00027484498072731376,0.14437287433827223
0000000000000000010a_0000000000000000010a,2,mangrove20,558,0.7468340599107545,5.82031291051121,0.11420597812531434,0.015139917236133312,0.041523373282126075,-0.08184081391358985,-0.19621799721364402,0.009561362530815956,-0.03375795634157799,0.009871472097166904,-0.13114525844071548,0.23109237004240168,-0.012550893714714054,0.16345530186211804,-0.18702947170856532,-0.038527999294453844,-0.18309869790913058,0.17167436290701532,-0.011220277836343587,-0.04199697111257177,-0.10715415493627344,0.17092042073699248,-0.11854530722261493,0.20011448588149855,0.23884036881320803,0.253805553144021,0.016167148284572073,0.13536806218727562,0.0446625022909578,-0.0025139490050008276,0.0036025846138581876,0.1913582176141241,0.03296565010149111,-0.054877487153410766,-0.07385546501965741,-0.061688542730325625,0.2433395482024421,-0.06450808139687103,0.12407524539086838,0.027457429524624495,0.11812396390139439,0.07972924667793882,-0.09176233568836906,-0.043954971826386,0.016003439537316057,0.14263573839121702,0.03508702883781944,-0.09751132387736174,-0.09755872775703855,0.0856527472890906,0.10339943694112684,0.19656481722634936,-0.034429768534021195,-0.05033906176146749,-0.02010718237678089,0.08575692558279897,0.14161644473658458,-0.042891140573173496,0.1643447309347521,-0.10799606988765002,-0.16753203551432516,0.27553725545316865,-0.10007135386307166,-0.0860898551563432,-0.023106414819775656,0.11806729972894349
0000000000000000010b_0000000000000000010b,2,mangrove20,1574,0.7353893647971577,5.814526125874304,0.13761701466594556,0.06464330257104707,0.0023089545756763423,-0.08611626747018909,-0.1935349076471907,0.02230947240993712,-0.004883978256823311,0.02761389300469419,-0.16697927246240446,0.22221315523742943,0.04111775990761052,0.15842754252958124,-0.12271284575818016,0.010999620417716372,-0.16703078231566684,0.14672011107056368,-0.009646412019226286,-0.041523429313425016,-0.1040734308522721,0.2016266053472738,-0.1714129889442385,0.21051217228052743,0.14157006370826974,0.22427206425834653,-0.008532736162955584,0.20484448606659444,0.023986981842092758,0.010643155037135052,-0.008856060150846086,0.22444402431476115,-0.025658277263118895,-0.027270949937640024,-0.16563008949250774,-0.012852685434738944,0.23822396527188494,-0.0067632281006181245,0.059618903295428814,0.06572071048814669,0.16312365442477159,0.15773212042870813,-0.0259369698000036,-0.04655861517440018,-0.028607626721615684,0.12072807497067638,-0.04123578703724057,-0.10655215690182691,-0.034937984462041015,0.05429326126643693,0.047938203808817505,0.16056055070208064,-0.02569810164891127,-0.03218353609475777,-0.02159747961271857,0.12723269859554553,0.11639155500254761,-0.06532399082163196,0.14030838495798945,-0.10411134022834534,-0.2041891619243307,0.2501522872397333,-0.08484028476976158,-0.025008619986350653,-0.030762911537786975,0.12607134290545077
0000000000000000010c_0000000000000000010c,2,mangrove20,1103,0.6212036895800789,5.807851790509176,0.08806889602053465,0.041599900728606,0.10498195303222169,-0.039615978651073226,-0.15920510383237074,0.04856819488145814,0.04593532789362341,0.10680302540727235,-0.16238691932072988,0.11049385775678017,0.026903272784057193,0.13612483935497294,-0.10435269508937733,0.0406876077720299,-0.1183507424266348,0.1233031580363644,-0.019001771757358107,-0.01571103658785258,-0.12597261043681154,0.21124885714156244,-0.2442501262677755,0.24797888252060105,0.1272031853290264,0.1429335184912142,-0.1162600757153518,0.1452102911809845,0.16033557077391597,-0.02374014039512662,-0.0890188340281982,0.25268574085634826,-0.02186865153684177,0.014292682603768756,-0.14045915111106924,0.047365951375839446,0.13476900404091735,0.026775168069467677,0.024153901334412472,0.026702945341825768,0.07152119120095728,0.09178192500757254,0.028302385964251824,-0.05078428932592,-0.009407805004212386,0.15992130790061565,-0.06300649411987784,-0.04767324653360533,-0.09633139914455104,0.022342533016975474,-0.017293690306015932,0.10283757938138721,-0.07875244300696117,-0.09548268449647825,-0.108012240218648,0.10083335686149024,0.11858737642924837,-0.012467762067940234,0.05189317310484179,-0.08478948225157837,-0.13190441084972196,0.2573914837831743,-0.10952908481046585,-0.07440084241258763,0.05612525763331836,0.14227815997961588
0000000000000000010d_0000000000000000010d,2,mangrove20,155,0.6372788579056154,5.910204555506371,0.08855353400057046,0.06615976485470845,0.07251364859669354,-0.08088521784425341,-0.1512212424501742,0.022063573563517742,0.0009810618744651466,0.13458327442298865,-0.1367422455383165,0.0049215810296288085,-0.0072960523867991005,0.17249385472088896,-0.12339472411355432,0.02604655777554536,-0.13337877491287467,0.0522006672371668,0.026212052436407788,-0.020950354082176798,-0.08700891716585428,0.2291315250958068,-0.2305166003150153,0.2140465081668341,0.2549875854199998,0.1516240651858466,-0.1208357083503863,0.10653490592948119,0.1797617293596755,-0.0027645942627525177,-0.1810745742952462,0.2876221800548176,0.01455837084992121,-0.05722781560442009,-0.031255075591273794,0.05224908533938555,0.1749008693926653,-0.050842182287209596,-0.028328558494871665,-0.0010397985886321612,0.014632982351700925,-0.013270528704840544,0.08579846461038555,-0.058793069663032785,0.012745073234860018,0.17350428495243758,-0.03850866292120892,-0.12701298508018005,-0.06846716523421509,-0.04479984125212382,0.06724917215463032,0.11951770410884148,-0.0353976014188091,-0.16548275477173788,-0.14926189678907612,0.08835986159169547,0.15769021840235142,-0.003719462737656717,0.05436797261599133,-0.11723689399858613,-0.09100618868673337,0.32598916049658316,-0.15220627302154255,-0.09812325284319924,0.05008257369994166,0.15367548461509836
0000000000000000010e_0000000000000000010e,2,mangrove20,58,-0.28411374993414223,5.557918476365857,0.04479974545599169,0.1591228837714937,0.13173606968142224,0.004696336952630945,-0.16155802145063564,0.10680560527118214,0.05758633947155598,0.16956343051081146,-0.23389412560155906,0.10134457569369869,0.060952683980962194,0.11323920508027413,-0.03787402723090584,0.07820228294157415,-0.1180044810351456,0.2097898686181707,-0.053151970727439,0.0005865118190616414,-0.05686194964801332,0.1860525792467088,-0.2936557557438121,0.1957475241617945,0.06642750135889375,0.1591737925731482,-0.03624282437789175,0.2637235015710138,0.09282265441673623,-0.02960134696204372,-0.12848002757560084,0.15730713651248188,-0.07309231197550009,0.00483421495711198,-0.24115817523764066,0.11192724283763536,0.2351626032427846,0.10463986000079542,0.08116878123798535,0.028681806732158692,0.035060255339458266,0.10185578491031297,0.09054024314255787,-0.04990123162178997,-0.08814752946479468,0.14736295058929585,-0.028992562542258262,-0.0012854472417770317,-0.020137612854472395,0.038640841055827296,-0.062076920017499856,0.1630693764997547,-0.06307494464993565,-0.024923040209998772,-0.00036378581182304866,0.0799607577987246,0.17869625740762832,-0.06724416338543528,0.0888973736891646,-0.021814421508968652,-0.20750321494385446,0.20454732264778797,-0.04099537313234958,-0.059631176338013195,0.08330376910737246,0.0767821394954195
0000000000000000010f_0000000000000000010f,2,mangrove20,90,-0.5857528853013035,5.3616665385807805,0.05331009440813358,-0.02565714041607925,0.07982707505660212,-0.07172284164210342,-0.19748438634713142,-0.009422700670682203,-0.08099175530778757,0.0839096074159511,-0.07057729932931774,0.20762749369900466,-0.05466273655431668,0.22578119526677773,-0.1864705027980691,-0.031297364261608736,-0.163355290700158,0.13120355418855992,-0.02848477081464389,0.00028091759579648284,-0.0851651928745354,0.20627348455722155,-0.1276056217694049,0.2583122730573711,0.29987509077705155,0.2032052629330599,0.006642915118116953,0.06647973001836896,0.07833089837242083,0.01884061685676445,-0.029691827929428823,0.16477081464394033,0.019485838779956403,-0.0401158528770985,-0.043425349224657135,-0.08421581443034727,0.20227092144047162,-0.06016899483104785,0.14427886710239646,0.018827630398564645,0.12239668503567001,0.04652911273441835,-0.06471903968559096,-0.040092613951898795,0.011283181682258931,0.1365491904822931,0.016822247853389673,-0.0996519287453543,-0.11224264171899694,0.09122098338245971,0.0981331966337733,0.2149286171985134,-0.014977487291212748,-0.01409577512922376,0.005577342047930276,0.03118116963561022,0.17384903242342684,-0.0056456918279293965,0.09098449314366266,-0.10624084753727198,-0.18399624076210003,0.30673604169336577,-0.05286650433593913,-0.14957597505233025,0.040700926993891204,0.08592865991712585
00000000000000000110_00000000000000000110,2,mangrove20,288,-1.615291459828411,5.039256670469147,0.1508994403861762,0.13896215130932543,0.013258789354521749,-0.07256183519159294,-0.15832051774958344,0.020127728651373376,0.02600111068392494,0.018603742150454933,-0.16128305352642142,0.2168245119398522,0.0403656713229954,0.1794694348327566,-0.06916335597419793,-0.015898799606988742,-0.11954141569481819,0.13063116749967957,-0.05884873339313934,-0.084276773890384,-0.12453244478619332,0.20597248921355032,-0.1966786278781665,0.16733734888290824,0.10985902857875172,0.20034516638899566,-0.010295612798496263,0.23731577598359607,0.04942180357981969,0.014029219530949603,0.04894100559613819,0.21309667222008627,-0.02732282455465842,0.039684736639753894,-0.15077641078217774,0.01600922722029987,0.30239822290572005,-0.006448160963731891,0.09960228971762994,0.04988060147806396,0.11451428937588104,0.17198662907428763,-0.0288126361655773,-0.028934597804263273,-0.014610833440129832,0.10957601777094278,0.0016999871844162453,-0.11010081592549871,-0.0267495407749156,0.036075441069674016,0.08178414285104016,0.15745055320603185,-0.026048955529924343,-0.057065872100474126,-0.07590392584048866,0.10934384211200816,0.13781665171515226,-0.09094621726686312,0.13020013669955996,-0.107157289931223,-0.1839237045580759,0.28149878251954374,-0.12309453628946129,-0.043521722414455934,-0.032443931821094424,0.13126874279123413
00000000000000000111_00000000000000000111,2,mangrove20,126,-1.593405456630924,5.0395516751642635,0.1637152987556678,0.06972995734241405,0.008532981820179036,-0.08914129486217141,-0.1562539438433325,0.027833495053794895,-0.010949146543148817,-0.02105319687787968,-0.16906025155160098,0.25647522625607977,0.07536393206520076,0.1473938595045861,-0.11832762734723516,0.00371969267009636,-0.11010954272776646,0.10741363211951445,-0.06431226085205319,-0.05914892318583202,-0.17981264837089517,0.23841770259301978,-0.20069887650049123,0.17283511225841094,0.08528539084479105,0.19295826391558799,0.0006195419344208251,0.21616252601258368,0.024144559784698153,0.005591988429358668,0.06985445158455535,0.21417745311632277,-0.056343164716867095,0.04605896389056708,-0.21882035602912187,-0.0022023275541153244,0.2661086395342451,0.016399065072652135,0.06861732056657083,0.07895815406772728,0.18056156667460008,0.18941481603534657,-0.023224278818281093,-0.013868170361826611,-0.04366037482531134,0.15222911822681137,-0.017240743792070162,-0.09058884556001047,-0.00507692401579368,0.027946760403507766,0.029264934732062715,0.16187961894997646,-0.0014192343604108365,-0.011694159145139521,-0.01650403080622223,0.07593855842990786,0.1586886606494449,-0.06921196365256338,0.08026412307842525,-0.07369326815693594,-0.17913305627261794,0.26977218774219924,-0.08011521820056995,-0.019919566955322394,0.02735065267937237,0.11603058652654959
00000000000000000112_00000000000000000112,2,mangrove20,803,-2.2141788521388683,4.930409979755369,0.23739910361136127,0.12147794482723616,0.006045916816168487,-0.18222024961182184,-0.10141684178371857,-0.10173667279037708,0.07860343013966747,-0.05322133502633095,-0.13733328928475155,0.18651808888525007,0.07076071421902579,0.14881403502724067,-0.07052040047821435,-0.10885193595910757,-0.08486032051088689,-0.003930895435848747,-0.0427504125963622,-0.10563470415392487,-0.09500107009326325,0.18089059529264293,-0.15395354694022748,0.12283180671482324,0.09049861558180274,0.2771627925460224,0.015080089418620914,0.18706513396753713,0.044105730002302924,-0.0013026123202925565,0.10319625127417703,0.1212595404679587,0.09128505513015155,-0.0010789221312044466,-0.1849262880499549,0.11256235866749206,0.3395956435952644,-0.06909774619685977,-0.005677900491381064,0.003513008455891323,0.08801695678882006,0.056481925957206754,0.024179990165675302,0.025721307495967356,-0.0036638461210675172,0.18744448801423724,0.050466728238923286,-0.1564316818466697,0.0019245782946783003,-0.027389484741714876,0.07383683735013304,0.0957282164202579,0.032314805638026904,-0.09322150739034651,-0.08003336201279034,0.03591974156888594,0.16908511574483037,-0.12529546304395806,0.153833811404082,-0.156838537529631,0.020954331675287218,0.289992727196121,-0.15142669047205234,0.0008006883069688096,-0.05750730033424251,0.143529890553638
00000000000000000113_00000000000000000113,2,mangrove20,994,-2.2421899416941176,4.935992953363076,0.19367007117677226,0.0510451559800943,-0.0077506793935469675,-0.16749824591532272,-0.10758771777144989,-0.1281522274748065,0.016181425345614602,0.015912158843100863,-0.13739696154628653,0.18491677477398027,0.0350001276401198,0.1812565202827886,-0.09748047686348771,-0.09553001206005736,-0.12975971940833775,-0.029426354358368555,-0.03982606906336128,-0.08883739963812089,-0.12598417107798654,0.19111615482978608,-0.09515671499198958,0.10790209925450432,0.20249261814640243,0.23304226744550346,0.005159693261452582,0.09887384282627713,0.07123117018141138,0.0023242569604477992,-0.005602674099189527,0.10518994010197283,0.1213360903599219,-0.03819530794919455,-0.13450149571013156,0.01685678855911322,0.32134967436297907,-0.0893330455628813,0.029201645861327095,-0.04357017924540704,0.02859609018973506,0.08127702005961177,0.056874085729293054,0.0014645968854263593,0.05757556488488791,0.19308957938325838,0.03609885379172377,-0.1861052976838346,0.023886618441908637,-0.03260532050434089,0.10869424157401152,0.08563058473872838,0.08030188048707466,-0.08391367814731523,-0.03997564781228698,0.030971465084238568,0.1596279406543064,-0.08119551604126873,0.1339920491808985,-0.11789788326266709,0.012771623976848398,0.3797840948033452,-0.15835754240939676,-0.07721073074355395,-0.019999798870114167,0.14560101864551395
00000000000000000114_00000000000000000114,2,mangrove20,331,-2.3958280466351587,4.946071804346603,0.07869304276417037,-0.09658232773590447,0.0004902599627612581,-0.07282293238366369,-0.18113340093456964,-0.07155453805241067,-0.034991514999459836,0.028759192083918424,-0.13930426480170882,0.2332107915733084,0.024521547022932123,0.15881096162177918,-0.18042179919180512,-0.08162382351198873,-0.1376634364426417,0.01473028616695181,-0.05012025353948221,-0.04969857050100411,-0.17790991380261598,0.17713791232979176,-0.11717510462510929,0.17460391134713465,0.261172521375116,0.22151591707117063,-0.007662216832707842,0.1047256981105338,0.06799745856520438,-0.0016332087008134107,0.012965498977269936,0.14407602932174585,0.08230513246706178,-0.024634726824797795,-0.0756762156316824,0.00962158407584347,0.22658298980986863,-0.09190014066167901,0.13214550294971372,-0.015504517783655114,0.08515061021150357,0.06885847994787035,-0.021319246257830174,-0.0019690311999451737,0.07462897723510939,0.18498095666203213,0.06385533800037399,-0.14614653206819125,-0.042940119475312157,0.04993738174139387,0.1298203921104014,0.13848784629662536,0.007190541402272634,-0.040102075543800804,-0.012299615184027515,0.08997589818463962,0.15438375433106713,-0.051481198841718985,0.10688968105457924,-0.12461653721378366,-0.048866355143443514,0.37179434821141294,-0.11374755932821556,-0.13448994170264514,0.046093542920396594,0.10765127518930084
00000000000000000115_00000000000000000115,2,mangrove20,335,-2.4228819186324735,4.953038138773021,0.06679369014213817,-0.09973385666821596,0.019565012308698695,-0.06549673776446484,-0.1779492847182771,-0.053278245450945935,-0.062015734476406854,0.03370496995988909,-0.11596531758738025,0.22687448570297303,0.01929232729088124,0.16350212030963976,-0.17562457608153004,-0.048234215313283604,-0.17223722219353058,0.06227942180676773,-0.06767711614935698,-0.030065313570555516,-0.17676691513596948,0.1830247149489002,-0.052635553489759936,0.17827393597181335,0.28626528258362166,0.2245104810434563,-0.01260282210630814,0.04496438224104389,0.09274595878737796,-0.009634870629551186,0.0009486133347105278,0.14619479304745014,0.09122388059701489,-0.0490285825773095,-0.1464582967515364,-0.03644155233061907,0.1910113561374213,-0.057930784371108685,0.11206564639317826,0.007818990399788821,0.058006071143704735,0.07668233228322054,-0.06674209115896866,-0.029757005055460837,0.08586089162032969,0.16064214108236208,0.04538378465228641,-0.08157064734000125,-0.05290805488130279,0.08094925602667169,0.101436439486535,0.12195759380720386,0.023140766754462944,-0.040649164787366486,0.011024187023360697,0.06614144961467171,0.1479812930732726,-0.013994158389138485,0.09601909713256093,-0.10302223599419279,-0.029954403300682254,0.35711784790006135,-0.08584197811404334,-0.14736541054818178,0.10673846454004485,0.10623606305267203
00000000000000000116_00000000000000000116,2,mangrove20,2634,0.7767048509174259,5.812689571774273,0.1391048183383705,0.04513133637929687,0.04149238786437196,-0.056814477931360394,-0.18724463489744755,0.01868496930536323,0.004441443437589128,-0.016406749696469165,-0.14855476706143914,0.25227224970712453,0.029855020424654145,0.13729828227388738,-0.1731704265370745,-0.013345535870935668,-0.1570501854172669,0.19099442215583806,-0.03602310541737199,-0.04733211366342653,-0.13289483602037294,0.17175502559175737,-0.1717860632424244,0.1992160132324551,0.14278512703337917,0.26087285510479147,0.0091625526891269,0.17629866674139988,0.029545181063179615,-0.007779707413508666,0.04812949402966031,0.19160167647686463,-0.006723493125271301,0.004035058065687603,-0.1393623911368707,-0.012661679974146946,0.2626883124503542,-0.021671006157610643,0.09456805498264931,0.039018413862783305,0.14337661731061324,0.09327299791535114,-0.0880554030238355,-0.008249102252302336,-0.0006753316360712829,0.16157974402112144,0.030458187771364116,-0.0693361965507688,-0.07894502348112706,0.07532615952570075,0.06572910308137425,0.20044925189394766,-0.048511777930163494,-0.05257196504936331,-0.030957896282517317,0.07284947644399367,0.13769306063872983,-0.06758550023251961,0.13676452342814233,-0.12194802711532302,-0.15222080637754823,0.22842491804886678,-0.11725150977210153,-0.03840765642091394,-0.010219864621895017,0.11539856903352105
00000000000000000117_00000000000000000117,2,mangrove20,366,0.7510271335937309,5.968142311468856,0.1688878804495118,0.09835998344478686,0.1059683223980688,-0.1266383043091875,-0.13429051037537051,-0.05921387948729257,0.03102278862900561,0.07967679517965974,-0.1784300699814909,0.09104510035022256,0.010960055296092487,0.18376757153091597,-0.11427399718057155,-0.030335705266784696,-0.1345133754776956,0.04498933785450316,0.0030928835693711586,-0.07243536008638961,-0.09035314286434597,0.1976082339075135,-0.1818565789114317,0.1835117640756077,0.21853385520071092,0.1978179892979371,-0.057875848507194544,0.14033089417059008,0.11462106839950165,0.0019773815451392066,-0.09246884867736868,0.2289081752919747,0.06717735717452089,-0.04843803245073875,-0.10077973372998612,0.035430004853114455,0.24965731969419072,-0.10420220890241876,-0.012477084265614497,-0.006121563165071013,0.020304422636942876,-0.018897145486288344,0.06558032534775399,-0.001475010662145493,0.0005053962011248291,0.2129800434049115,0.05120670276039266,-0.12946378337041448,-0.04014008903679328,-0.006653010716769288,0.12017353560946502,0.09510070737820465,0.01169991365237831,-0.14687549765432797,-0.12728992421998261,0.027259965166823136,0.15808598206238453,-0.09649453867049869,0.14246660069792405,-0.1292520111012368,-0.04723681307945867,0.3267610818033417,-0.1766901759096438,-0.09714851160650693,-0.054419086395942666,0.1693949573829317
00000000000000000118_00000000000000000118,2,mangrove20,487,-1.6268207456985484,5.032686308224291,0.15567678518844827,0.15912603508206838,0.0011675181003673264,-0.08972255971680451,-0.13917692373885573,-0.0004976762215132756,0.03703923700172177,0.046273909813552984,-0.1579529591761816,0.2109854131288945,0.02376643953873371,0.18055920681273271,-0.04243700298495204,-0.01398508076580872,-0.10577211260556078,0.16386962209290848,-0.06433551461410747,-0.08723746276704503,-0.12539343973688838,0.19681869317360956,-0.18010889825189644,0.1534899150303113,0.08605226074002494,0.18410786563689369,-0.01844850385296442,0.21201524922889395,0.021818807645456177,0.028294914213219172,0.025383887258651896,0.19368396454688488,-0.03224171401459078,0.017295764462728326,-0.16786063171091198,0.014724774154941174,0.3135614086194932,0.021414603607678932,0.10190122737503421,0.05837388399817788,0.11245057381973601,0.20257279027889288,0.006757154687779999,-0.02768658713636434,-0.01324020851244229,0.13182205233021257,-0.02183838627853604,-0.10145748712981183,-0.03360148166042593,0.021411572077395587,0.09420341410308937,0.12993492472883986,-0.020510070759390413,-0.025244310551856896,-0.03061403487996636,0.09271644849911616,0.12026080633968768,-0.09231123395124444,0.13491724474949213,-0.05515768299508873,-0.20669200836512888,0.3114102852559472,-0.13788107085649412,-0.01496729657760754,-0.06506005035182327,0.12209450321981671
00000000000000000119_00000000000000000119,2,mangrove20,354,-1.6197903573243622,5.035963695386465,0.13933015767512275,0.12710104979180104,0.047693433859641074,-0.079082491088825,-0.10396574980939531,0.056991726346016375,0.024063756443088998,0.04725744335620586,-0.17425857503741496,0.21109742667422568,0.04439109686191965,0.2182460027325431,-0.04961394683053232,0.07005997258768354,-0.13263408032981663,0.07447218258079787,-0.07845396273054471,-0.05766734654424522,-0.12856576240776577,0.19742776029210843,-0.140104827130808,0.20631942951103113,0.11453899738692416,0.13593850257506346,-0.04719992527863029,0.23052202868518626,0.04487678576471018,0.04666644945338272,0.026601850222752178,0.2363720168470623,0.012768318139264104,0.052018758539197185,-0.18165512178062757,0.044275886936141415,0.24612663100024543,0.012162379962508983,0.06507049657128827,0.10902021604033212,0.1330570380362181,0.2108887281510588,0.03307810772475597,-0.07106315041802692,-0.02124797720129368,0.09877973921373132,-0.03901306972329195,-0.15926251745851766,0.02597818744203119,-0.009276049846104365,0.055797227055217745,0.11954046357659046,-0.036938422206148395,-0.048951011888082985,-0.11025954815292681,0.13339224157592577,0.12541564847939837,-0.09134253014377344,0.06600937926959857,-0.09346704983089943,-0.1837839857334315,0.31472206474259135,-0.12614878675520277,-0.013516748230254757,-0.007359359829009692,0.11497881084415595
0000000000000000011a_0000000000000000011a,2,mangrove20,1002,-2.6500866421311993,5.028668860894787,0.18445993058097568,-0.008257410592118328,0.009880554155050125,-0.13666569206838147,-0.09002955258264704,-0.16921684504884882,-0.004944881478872305,0.020569088658515294,-0.14632756785544632,0.1615944734905429,0.06736447903884651,0.1374318644525635,-0.1349007329439544,-0.09985080204834465,-0.12674725903824796,-0.10563104471564365,-0.053217793555526346,-0.034098784361304264,-0.1277930106722349,0.17007007131450283,-0.06068533444452882,0.0616886641941031,0.2576410577537735,0.2488146045471533,0.035320485518774015,0.09628938969427539,0.13177919439859226,-0.014724322980336862,0.0195917277325395,0.05623932450362631,0.1675778623452825,-0.013729649505295415,-0.21834322895922878,0.06639792310803226,0.28157025433945637,-0.10795860029268642,-0.0829519737917475,-0.01858974860736042,0.00208824949102179,-0.0006042202407948409,0.08191764107310175,0.025674448872343696,0.03040672979300909,0.20110741991603107,0.11603330823934598,-0.17927924236110626,-0.014767604353001,-0.03485955424790554,0.0393250254585024,0.03986048663917834,0.14034399482465285,-0.05011706690425373,-0.06773043685792579,0.0299222239872427,0.1486658056436147,-0.0636956306533415,0.10971834109558658,-0.12335185070075148,0.12692277881760505,0.3515226525035281,-0.11626727321980411,-0.08045841419813195,0.04225115321068738,0.16980669955744027
0000000000000000011b_0000000000000000011b,2,mangrove20,247,-2.1254863244194375,4.80621661345039,0.1630645329497997,0.06384140637282139,0.008810563361646928,-0.15776479616217362,-0.13120957837767158,-0.07847371067185305,0.054916281031742654,0.02102137608238498,-0.1256338966482838,0.20841015679114383,0.024210931018434176,0.16727219521610334,-0.08670050603396075,-0.05380502983125452,-0.10516540664054776,0.052241756907573655,-0.060372170778289845,-0.06628655749034547,-0.12396926127758397,0.20596126995689915,-0.17074591367069963,0.1999549846135167,0.14463898189266972,0.23769170063834058,-0.04844826110169395,0.15446765258457112,0.06620960172590108,0.0035384708777533224,0.04097632956492905,0.14038798531240707,0.08887394602200645,-0.04687054340669342,-0.11515471315143504,0.06633188418655543,0.3270669798442517,-0.06961582823174514,0.07514070421373276,0.016327821594621796,0.081137525741423,0.06836560836925065,0.005259391047043543,-0.021026606085793802,0.05034625424354067,0.20312735525265116,-0.0025776445372147475,-0.11805437646996558,-0.012970657501708283,0.04144478844169243,0.11166082182654755,0.12708883378706723,0.007947363751406722,-0.1033286792529189,-0.07177905726075455,0.05620858996928926,0.18898442984401823,-0.08032762235639666,0.1003478263576606,-0.15610464365153853,-0.029349284843730256,0.3600000622619453,-0.1523056687944686,-0.05114071666612183,0.001062686883120327,0.09550957510891946
0000000000000000011c_0000000000000000011c,2,mangrove20,263,0.7032769799311259,5.778019023789605,0.08215453839777911,0.04677230021211492,0.07531750730561362,-0.036081121183282786,-0.19001197258147276,0.13531689332707658,-0.021285992664418295,0.06118547560677887,-0.09190217860050898,0.2625126633073269,0.08024173212116424,0.19392342518159875,-0.13394368647332186,0.0792467360462413,-0.03373420284389007,0.20013735576986327,-0.06961370517043017,-0.08701561113523167,-0.15553140573309765,0.13259550655422087,-0.19992567935994196,0.13668261549009372,0.08622129833070928,0.15442554267662476,0.0055924673604623954,0.27277885224021764,0.021970140177147376,-0.03201295787083934,-0.054832610446698585,0.2755355573974912,-0.07199757917033953,0.03599060320467554,-0.2534447265822008,-0.022480268630228464,0.15606001201643702,0.08273156127432704,0.10521229769772665,0.07656043376121785,0.16665342227250995,0.240904828941194,0.019223960366223546,-0.017762574499717094,-0.027430455966774948,0.04124321882633613,-0.07389611775523594,-0.10849082613735866,-0.02847340084173529,-0.05015561432207263,-0.01947352802300369,0.18026433237874284,-0.02958277234699138,-0.010456580753527064,-0.011989772871796868,0.11787335377004747,0.12627819367514392,-0.03545568171352633,0.06067066922198682,-0.08322882541520295,-0.2540098207328857,0.2127588833192264,-0.025795284937206033,0.007160510069978911,0.010406292987634166,0.0805832211360649
0000000000000000011d_0000000000000000011d,2,mangrove20,368,0.6974833911938588,5.780197220133725,0.08043010213463045,0.016644434414857145,0.04386841181485377,-0.06411430386306266,-0.20442522106881966,0.04704678802467275,-0.07922036674857492,0.07197315413804051,-0.10942430168998543,0.2307665947879578,-0.05035153703425101,0.18889507380104642,-0.1791189007572338,-0.04555923307089242,-0.15636260301221935,0.17474817377931562,-0.01921635491366193,-0.050036273674004955,-0.10205556391354494,0.16614947428246657,-0.15024137873393173,0.20365294284806842,0.24344365879344063,0.20300937766410912,0.01088343947979872,0.15946040820420238,0.04577085736255282,0.011006134764221106,-0.021351152566738533,0.2198732928806646,-0.008055430185714512,-0.029658994032395528,-0.027442288083178695,-0.1033923407385119,0.17930177356535107,-0.07346873276164682,0.14805894054126337,0.02132540995938014,0.09805927486083944,0.113663306754927,-0.08054878558413985,-0.03536666499506874,0.01963392006418932,0.10451281279775335,0.02401049763468896,-0.12873326312622232,-0.14618775387392804,0.03503050666131754,0.12476388679939152,0.19463634388111592,-0.060811727930728934,-0.047259916754425514,-0.0049056382996506285,0.09282566905705161,0.09918927502799922,-0.010362068100897633,0.1364913160490112,-0.12373652274208914,-0.21165822509737056,0.27012252812463433,-0.08257258913795694,-0.12278254183173694,-0.014927034752519908,0.09412684084716577
0000000000000000011e_0000000000000000011e,2,mangrove20,657,0.7054796824010651,5.796955942464429,0.07516378491588234,0.05249955964717933,0.04850746434605115,-0.09392308426041497,-0.2208367347297053,0.03208769370403721,-0.03369990584349651,0.06539847395071673,-0.1211041064290341,0.19374990417571508,-0.05654642840214244,0.17412677596779597,-0.16367497104789924,-0.04529043682414616,-0.17504509739551052,0.18151473177685432,-0.011127437813696487,-0.04779962278879972,-0.06952034020400767,0.16299025606004477,-0.13364750824674032,0.2308051288083204,0.2404133289093236,0.24339965251627257,0.003264778738068767,0.14131569815379516,0.04252283251319445,-0.0011982746362041942,-0.03263477283353724,0.19870451418696825,0.009122542143666774,-0.047067624733959555,-0.023448094252473985,-0.07456118329386247,0.23146109943664098,-0.07253419098262753,0.15422687796579815,0.03156748633735879,0.08284283588386854,0.06516346306332241,-0.0969992925095546,-0.0549456391026282,0.02330652594102369,0.10580901737243079,0.006595566510246302,-0.10288430219731666,-0.14286723815977578,0.056129588373983276,0.12685204203745543,0.20604640411690386,-0.06440571680368803,-0.05481895793504074,-0.030740173109862278,0.10831942052494734,0.11229550512418532,-0.023419818042118165,0.16720369229256743,-0.12584055892330367,-0.18620914447493264,0.2762305798554238,-0.08612914948412884,-0.10801231466412926,-0.04192818942720188,0.08237412492677851
0000000000000000011f_0000000000000000011f,2,mangrove20,2549,-2.9825198782927447,5.087862524453711,0.19212501332966508,-0.0016048147580019077,0.07417225079710262,-0.15235015533301988,-0.14427269953358612,-0.04474105004427633,0.03461963282070492,-0.0021056210236307994,-0.17014014436611802,0.14161286610198656,0.05987434292480979,0.10725951587259568,-0.1418753115597118,-0.028734097351276716,-0.13157736205813947,-0.005760478700514883,-0.08998582643697557,-0.06881259569266668,-0.16047010919691837,0.24431881451878437,-0.08634383160413447,0.13170106738377624,0.2155146351804516,0.20057964246783797,-0.024950635366878363,0.17016183985728997,0.12932629195186868,-0.023297627176317604,-0.002201694160844974,0.18714636869755708,0.15826103036388361,-0.018283241696127647,-0.19478945614815435,0.08788935178837722,0.28058423978826985,-0.05172091670690072,-0.040308847021296806,0.049795472031534435,0.05011993908248762,0.00564678853487409,0.014092271298014497,0.006600376563982612,0.008423449411149296,0.22783154440554518,0.028450077066957798,-0.13712754653165504,-0.0012947067918621952,0.01204966131715341,0.05356411640572192,0.07266326784715836,0.06981799709168196,-0.11067055870263856,-0.09142506526068296,0.04921396529596226,0.14218452660797237,-0.031214092295430883,0.0994602643248085,-0.10098845707561248,0.07870052695729632,0.35884863669388706,-0.13210901018997276,-0.02768836985020545,0.0039231433001973345,0.1261504002519476
00000000000000000120_00000000000000000120,2,mangrove20,556,-2.8340928595707977,5.1073909442208345,0.12132511292004455,-0.08126935130096612,-0.007425257026212917,-0.07678264308968047,-0.10337993964689839,-0.1831989356611596,-0.055848801927316234,0.02201068211175,-0.12651160732313801,0.18590680396858983,0.0861763737798688,0.13932582653600298,-0.16064225436259982,-0.04422383200705867,-0.15879880178901856,-0.12605500374786674,-0.05544264934073498,-0.02596411452153153,-0.1615469423768943,0.12382951770071829,0.02895211858195102,0.021538367921579656,0.360672458572934,0.25962831119187696,0.05577423182561213,0.01973286422764898,0.1613945936676264,-0.037819433034886926,-0.055837406199607746,0.006915989699589797,0.22098639427558298,-0.07679503456058678,-0.21350637137348943,-0.010091746671866634,0.20935987542146212,-0.09461374844760867,-0.11550101095594112,-0.001540967917707362,-0.042783766066731344,-0.014047059929910722,0.07679558775125224,-0.0038221049458011342,0.04660753058452887,0.16583925938833705,0.10261443440403384,-0.1574620718649993,0.023495224581580366,-0.012745402294081675,0.0013528830914507099,0.028757063553309557,0.21473511847961077,-0.029704900439509938,0.008534293672328547,0.007966720049565865,0.13904878865074027,0.023156450618052226,0.08120960670909635,-0.058272772785231984,0.14633154376153054,0.28867502537762174,-0.06398125790025415,-0.1284024130176827,0.12197666088582419,0.1666356326703343
00000000000000000121_00000000000000000121,2,mangrove20,4421,-2.6173052121598066,5.034797108118414,0.14929568699804963,-0.053617197498813114,0.0011964566374824404,-0.10967066500704709,-0.11865549945512749,-0.1847850525709971,-0.016147712053052134,0.0016636824995797433,-0.14293524292198437,0.1365332092184195,0.10253412703568414,0.12251722646649657,-0.14243029558777218,-0.10043755898871735,-0.13622324196120694,-0.11854457522949124,-0.0706293031380671,-0.06004518123760271,-0.12802822083723472,0.1576400356169451,-0.007034797136208372,0.044919260517917094,0.31705346742127005,0.23512871921879264,0.03366291443419397,0.0503143493693941,0.1774216152835967,-0.006239738148143203,-0.009158957097304184,0.07055731092238196,0.20987696952636226,-0.04877721677349746,-0.2117930978645921,0.07043476831636358,0.22577852497182152,-0.06583793872539231,-0.1104824349829433,-0.0016224268135522112,-0.03492167898467178,0.0008213290505339522,0.07044719372196986,0.02146250189472648,0.04446970572538301,0.18497772288614828,0.10804748682518275,-0.17095664752677636,0.012818872145724372,-0.05725199736568874,0.04186092711718671,0.04318475459780441,0.18723929976299716,-0.06486761612140717,-0.06403898210117187,0.03822698993244725,0.10159714292199307,-0.022928171015602065,0.09342101731964832,-0.10001046176017937,0.14674022771155906,0.317979167096051,-0.10895338655351613,-0.11988297090682762,0.0363562637201897,0.19919284606924362
00000000000000000122_00000000000000000122,1,wetland,1246,0.8538606492887363,5.9157253522176445,0.06440071512191566,0.08495732287186737,0.032149876914854894,0.01647446376655969,-0.08437564759325183,0.06551025256985364,0.05886828315816298,0.08682755058401415,-0.11413637056496975,0.20825283274799233,0.17148885198494462,0.0875312187003023,-0.09991035674018447,0.11397784405676786,0.019050038169045935,0.1030570412787278,-0.14947736486090357,-0.04203578942041672,-0.14739731539233888,0.00942608195514377,-0.1840017822506839,0.008995330231674044,-0.12439364289447875,0.14063394558087608,0.07905012456623976,0.29705616373008775,0.13436397780085815,-0.11560122264371707,-0.13316517970924874,0.14997738244890374,-0.124204013396502,0.16342429106474046,-0.4126016478413352,0.11132421596089415,0.07615937320070126,0.18514775462950103,-8.353374396686134e-05,0.10505439629035132,0.23198387087815955,0.23982068879545648,0.1129970137427079,-0.08633464225081966,-0.11560551781849551,-0.0023116926876500738,-0.06082989441645789,-0.03357246842336842,0.042657651736614406,0.018468461630080493,-0.06650421525737411,0.06607316731495413,0.10858695538140348,0.07945717877369053,-0.014993961453274819,0.05479912343875638,0.09280860614790085,-0.07394148318062625,-0.02440310955843007,0.037718003262111145,-0.08178807632328099,0.03621883915496136,0.0562329712673789,0.21346944594096726,0.018189423378957188,0.09864234215386966
00000000000000000123_00000000000000000123,1,wetland,4641,0.9451817486705693,6.0408419019878945,0.08345370289599881,0.03948246911812957,0.06924626225257201,-0.032848771721151075,-0.1050439934054833,0.030045414551826067,-0.01587441092427859,0.07359220812508006,-0.16344659177958584,0.20371074026274513,0.18178439151368112,0.0966035820177892,-0.14950001578131028,0.1367242622361694,0.010081243510919852,0.13900608893484934,-0.13679870031589955,0.0007537783397746757,-0.15216400037079864,0.034097557989273795,-0.19631111001760296,0.06785525365618991,-0.08846565485686182,0.14567434118828373,0.09636927967886647,0.23752496698558165,0.05898115032248958,-0.10977270688241579,-0.12933817823701801,0.1485264621922468,-0.11991913673167486,0.1043408875690577,-0.36888032970263784,0.02054939007513805,0.1631809422080132,0.10230367532219758,0.0055390228726275945,0.13325943206667812,0.24483026393060994,0.22110581670931762,0.03508995968185868,-0.08116025187468294,-0.1371242608775684,0.0307124545023995,-0.04551623482622868,-0.0077883756939323544,0.022954856091432475,0.03840628482191678,-0.07165098600881215,0.14029956986195535,0.13549979823946848,0.1358660638123288,-0.03480951792777557,0.023145060230344124,0.0911318397172254,-0.016896277690089976,0.09936937552650962,-0.03498762057687353,-0.19038275849185676,-0.03555597970415797,0.04581104461421982,0.19252933480493012,-0.004461181745936469,0.1468667819654996
00000000000000000124_00000000000000000124,1,wetland,2355,-2.5417506636208143,4.9831187965655195,0.0698700010040234,0.12041965241198262,0.0262260979159575,-0.02408250950353078,-0.11706679531227167,0.06787681693550819,0.09204181635186855,-0.07287646838428138,-0.08953687092421579,0.2250153207446752,0.13727126019634778,0.1281089242990814,-0.1192140406556028,0.03657670126874277,-0.02131523152535645,0.13385728010866307,-0.08977809775923187,0.0998819627597094,-0.20206105278796085,0.12594177480325627,-0.1928272238915132,0.2922548652282194,-0.044686206758628645,0.2747312702692334,0.022813632842504622,0.1706667189085367,0.04870342371993129,-0.03140352844855518,0.03333572013377181,0.05509730619694693,-0.03667201656067277,0.12714864036451762,-0.2666625395589317,0.12329486209370719,0.17868945065224787,0.09906983676864439,-0.03203534162509763,0.12821390433697308,0.22102453816962442,0.11427067982182253,0.029490640134326895,-0.06475492114334594,-0.08012434871121751,0.08662509193344708,-0.08563466443985691,-0.0004376823873881604,0.09342559900609838,0.05255511231593921,0.018039483425858566,0.18365914138853992,0.06296430492600016,5.2790409698698206e-05,-0.05986254837474722,0.11775218252656373,0.17619970760878345,-0.061125443341651174,-0.032627294254781926,-0.08541906224210674,-0.10258670721941827,0.1321061326241499,-0.10719982107159501,0.09792221348803452,0.14905948145046286,0.07262722242221059
00000000000000000125_00000000000000000125,1,wetland,1293,-2.913886612336585,5.1079876348252276,0.1556743152806062,0.2066530066221778,0.09634217073390473,-0.08621687238503362,-0.06090959720709473,0.09120451917327291,0.15837758872561652,0.056852332064560765,-0.13425079829787637,0.14208444428982483,0.12029416968249165,0.17602696089581818,0.018317281145659618,0.0326317232381025,-0.02806911375926858,0.0999807736509219,-0.03874576171399358,0.022591679742427536,-0.055424455999283945,0.1359371507121569,-0.27252094426172574,0.14358625229810767,-0.0522172179003078,0.2187274630823471,-0.04651694139888485,0.2641946565260015,0.0835572730221852,-0.00945125216578901,-0.09261617207731093,0.12296523468128889,-0.02537668747191941,0.05958495944061014,-0.24841256545685772,0.20536381241910348,0.27548026771784184,0.059231189860048425,0.06313131394225491,-0.015464859282808977,0.07486360918356996,0.15477067092703053,0.1903667605980566,0.002283992741205791,-0.04792878460393449,0.1439915934528126,-0.04969192347639505,-0.06413315361781546,0.08139302719252779,-0.029306165485164952,-0.006105665231380737,0.09847534992341868,-0.031144282956195337,-0.09501120545878448,-0.08776206902396094,0.0996149675313766,0.21876951960591037,-0.08945241775948505,0.08632168066717152,-0.06088100448010206,-0.06583197074835573,0.19316180670591027,-0.17962307911199596,0.11375147817797482,0.016988884934195952,0.07872843242812491
00000000000000000126_00000000000000000126,1,wetland,225,-2.949649356219792,5.084537142393344,0.18056699559998288,0.20829212695971633,0.08946630783032163,-0.12011708317313852,-0.07866376180101665,0.05854951514374809,0.11889608270323378,-0.004978324576017752,-0.1441800333205177,0.16179896620957746,0.10632409756931092,0.1364288948694946,-0.03495489768892303,-0.01021528471955229,-0.01984030073903195,0.102477645350079,-0.03867121192703657,-0.03078337391601516,-0.09253029176812333,0.15092424281259342,-0.24055486351403305,0.1392689649280191,-0.014100833012943716,0.2558920073476013,0.01584484599940188,0.2795738391217053,0.0661005254389337,-0.03192836943056085,-0.030484548677858894,0.14928904267589385,0.0013213379469434801,0.07683608868383951,-0.24159924815241998,0.16348665897731637,0.3395278055448759,0.014498081934298752,0.04396722628049036,0.008102456320218677,0.06876890085010036,0.1258218292109872,0.12210660856935364,0.04115230894100554,-0.0403312913836558,0.17036592763467037,-0.00601833482848476,-0.08154265453458068,0.04161134606347981,0.0015105301379811163,0.017532538767140816,0.08016171557947793,-0.005199777863214968,-0.05684815242000935,-0.06390321671152117,0.06620387030629242,0.20728902558844886,-0.09085490196078427,0.1490760647614165,-0.09357276261267032,-0.029593267546670035,0.19064421376393692,-0.20407494553376906,0.1264859156734589,-0.03831524627280101,0.11514395318040069
00000000000000000127_00000000000000000127,1,wetland,4851,0.8449411313799065,5.9385580408153515,0.10853371889456909,0.16552055720287714,0.10299725990614107,-0.04927590525217807,-0.08701776610822579,0.0811567154094753,0.11253991634284925,0.034733088323465625,-0.13349016374226455,0.20940497094064403,0.11903190271949536,0.101851735346545,-0.061749372357380226,0.09919815341466352,-0.006771370857711269,0.1608645676531654,-0.10216941599376923,0.008816829960346183,-0.11264581411887388,0.051617335387313924,-0.32421205836265976,0.11845051112146181,-0.12180913561701168,0.21428528472192995,0.017621004432670236,0.29076929722176054,0.0963957236687505,-0.07207278871144412,-0.12978319630486376,0.12639777717385228,-0.07989092567112006,0.0920464204695544,-0.30276600241998164,0.16346334295255036,0.2010789786304698,0.13350478476199348,-0.03180737535655971,0.06941949843910625,0.1699146745249892,0.14459383277969534,0.0946193268355074,-0.013753687650540492,-0.1328674706166879,0.09091484484465202,-0.05946804944992452,0.025735822552431516,0.025616305543805926,0.00938207883668419,-0.10154735691067868,0.13208233580617826,0.049556621222463994,-0.019228720602917318,-0.042058777165054934,0.009100044058027232,0.16526169033666147,-0.038266531013276726,0.0596487642393063,-0.00610253211999792,-0.12823135195848984,0.031015380206350675,-0.08392003741484706,0.1328498061930258,0.024461308389467872,0.07062111039702072
00000000000000000128_00000000000000000128,1,wetland,2490,0.8471018951419175,5.892299702117499,0.08481883242311804,0.08943780350158802,0.01311505460519507,0.001226096234225631,-0.07603439517392904,0.06650866750353968,0.011915911242046207,0.07257541044609035,-0.15019589932200925,0.2453090485741505,0.15107417752517177,0.11793862416216189,-0.09724707055828076,0.11934615200517562,0.010438963080310443,0.15418435603235697,-0.15056696451318533,0.03384858156192626,-0.15552476109744626,0.01954493251745927,-0.18190351872696472,0.08220015471343271,-0.11579328926625376,0.18632327078402033,0.06821307220423405,0.2573086100650198,0.08684412698853851,-0.10242795094256299,-0.08785376029299817,0.11568387197386237,-0.09518783168043181,0.1319920388976127,-0.3675664318172343,0.06700357755512627,0.17437405755277932,0.13513739695421437,0.0022370141851527563,0.14309407719304743,0.23773731759023792,0.2528155837498398,0.061405681163716724,-0.09427410217571551,-0.14237889968177206,0.0021120329067133535,-0.047276744038823454,-0.008690238076488938,0.04723672236041431,0.047502372427039904,-0.08004098516325969,0.11544883107979782,0.12901674826951015,0.0960925192503964,-0.040954035287632605,0.033900016830103914,0.09998494863730197,-0.0683956649357908,0.06396146060597635,0.00838866731825416,-0.16281792143583942,0.03169012844920623,0.011102507685490108,0.1897851953758903,0.015779584311872603,0.09813987514842142
00000000000000000129_00000000000000000129,1,wetland,349,0.862641746914317,5.885136300523816,0.09643493961436474,0.08833120168680987,0.05014408167896627,-0.003979249770586355,-0.13073957668915082,0.06355184087231158,0.0006006946854251594,0.020390658651235048,-0.23063503237128324,0.24905686483818765,0.22864205854261477,0.06659955560402707,-0.13863691394867964,0.09429602235860349,-0.07240697593718083,0.13779315647827756,-0.022477579154590054,0.049866119378815035,-0.14586005602870394,0.037477144012276475,-0.09691013705330435,0.12194331252361608,-0.048382713723727544,0.22538459419949788,0.08674820903135115,0.2537929758115955,0.05301571249321119,-0.03536431326280719,-0.0747997078487555,0.1000505646384628,-0.1250842688893075,0.15874344119354575,-0.32393500846599665,0.04479158886432258,0.11752640873192917,0.10161822265846614,0.022228876043928408,0.11740232156686482,0.20154840159559523,0.23620397268407897,0.05146268406795266,-0.14219948465930557,-0.16901535556635144,0.034077437705797485,-0.0357806398024123,-0.04702533409565855,0.07084337190126343,0.05298997850727454,-0.053316941136812006,0.1391166941522381,0.07895327893503597,0.10980832807306863,-0.021285707833332737,0.12355468306767615,0.10246109882797995,-0.032344623899337774,0.02590178562576214,0.039662417694759186,-0.15192640256282294,0.06492825659956658,0.06953922284684419,0.23225891738795637,0.0467232241511695,0.12095114398363421
0000000000000000012a_0000000000000000012a,1,wetland,750,0.312628781837557,6.0151090196906605,0.2030610175573497,0.1802281994104831,0.05271441240548502,-0.04691906189926947,-0.0367084249647571,0.007676801230296031,0.08382343201332816,0.07458407279251567,-0.22522988594130464,0.1644694194540561,0.0633244034345764,0.10828319364347044,-0.05108984749455333,0.059524839164423894,-0.044459372036396216,0.0994933845956683,-0.04129849545046772,0.07813470716391127,-0.06957602973215427,0.1634524567474048,-0.3531002127386902,0.1412128053312828,-0.07241916186082273,0.24511680123029606,0.03336899141355884,0.2704536819172113,0.12238788158400611,-0.05377377931564778,-0.05273475330001277,0.13596378828655642,-0.10073155453030883,0.059861448160963684,-0.2577847494553377,0.1012057926438549,0.21177266179674484,0.05402164295783671,-0.11788844290657437,0.10514651287966163,0.18435764705882351,0.08068018967063946,0.0898857567602204,-0.055803439702678405,-0.1835659105472254,0.1331322209406638,-0.061627661155965616,0.014137823913879265,-0.03808389593745991,0.0446920620274253,-0.08956448545431242,0.06971218249391256,0.02766812764321413,-0.028396626938356994,-0.05686428296808916,0.04441032423426882,0.1061905420991926,-0.0244621402024862,0.09239793925413299,-0.06780907855952835,-0.14604868896578235,-0.011865713187235657,-0.15091893886966548,0.10405548635140328,0.03395149557862357,0.14254833269255412
0000000000000000012b_0000000000000000012b,1,wetland,1123,0.2971679970156735,6.027113188521053,0.16595422748220334,0.20175387026635072,0.0650303482837445,0.002718811827631183,-0.029373181011618545,0.03210415337891477,0.06857262584463879,0.08772481849059352,-0.16817577183650506,0.13140060179607607,0.08296528186467082,0.10540131321503508,-0.09087100207708314,0.07107479382373308,-0.0005516064613822376,0.13210574876503076,-0.06875388361829458,0.09758208621042044,-0.09638745013134543,0.11727377955529807,-0.357549610174592,0.14943764008842406,-0.0703496531746985,0.25868042396187785,0.028446241136791308,0.23489539436678064,0.12342043936111972,-0.057280195335515476,-0.0830181418681697,0.14383705424620913,-0.13163121383206608,0.06542781168829163,-0.256689875084006,0.08519257782557087,0.2402121247290668,0.07372513414424135,-0.09061048168678185,0.12621144754586133,0.17245162573611145,0.09588267818083526,0.045515859199301,-0.054103281736629094,-0.19276717667668744,0.11037754846670039,-0.08038089329982334,0.012835340062028328,-0.04094585170509456,0.017510903231615454,-0.08467690521112672,0.12122995368244897,0.04794604993010766,0.007501847874798467,-0.06343890612659077,0.019832963758373588,0.1486961210548857,-0.009500284670290841,0.07628569462461006,-0.04952199013804878,-0.16262963453675428,0.012334621624739816,-0.14338569007125485,0.08099385023158771,0.05543781879905765,0.1138659800343932
0000000000000000012c_0000000000000000012c,1,wetland,335,-3.0064364872724876,5.1137219185481495,0.12756370397149197,0.15821184733770588,0.05927547958018438,-0.07886693407242905,-0.1322202826696965,0.07988771253306703,0.08030784944940807,0.018046606643828105,-0.17474463897352907,0.18279867100483735,0.09510720905277531,0.0780496135240751,-0.05850039307499408,0.03239516374299203,-0.06588859623451367,0.15353966040615832,-0.028051116964198573,-0.05865720991352345,-0.13622976237612397,0.17948109510119525,-0.16249768458744338,0.15597472843395477,0.032650037012170945,0.22327504346778218,-0.03436400465951667,0.24538713583179833,0.09464997962896012,-0.052163633963974776,-0.09325093104259552,0.1897581068131086,-0.015432502998272734,0.047443520574750195,-0.1882288671980352,0.09244205730287429,0.29604099456580996,0.04216573418949079,0.11126356682561812,0.005455536619095976,0.04328695622234843,0.19287553007740993,0.05383591844698077,-0.026415924988666774,-0.030751524958827502,0.17315682257685042,-0.10283236642623098,-0.05215206550867344,0.034739704017398544,0.056608675193811776,-0.006691341447319353,0.08404023710742707,-0.013312537657732071,-0.011787521446975018,-0.06709575536389559,0.06225573401734118,0.2382692305485261,-0.09127217430724115,0.134506613415047,0.019646726000906656,-0.051981109446997964,0.25575063551905985,-0.17462528189502313,0.08998660675859455,-0.01742521533049857,0.09178816413893619
0000000000000000012d_0000000000000000012d,1,wetland,12769,0.4615457021235782,6.393783816802029,0.13286194225977832,0.03611561051613338,0.059513694513598274,-0.003798781103396155,0.00854579777671247,-0.06642717011346048,-0.05253435389901811,0.14134154261349202,-0.11640117572568051,-0.01692261170897929,0.06568896358440181,0.10753744147213028,-0.19587563100741776,0.11206332474100078,-0.07186212258524875,0.029437566694304088,-0.05973908178053649,0.06409397712025368,-0.08957234440183653,0.16450020111604272,-0.2719094919696452,0.18139648994318913,0.05707755130355984,0.18928786734765798,-0.011713277744672426,0.12302803830728426,0.12314341288580095,-0.06302615646692629,-0.1875019195524387,0.2596008902640475,-0.12438008249325717,0.008501987328801064,-0.1959825219485063,0.09404256614495726,0.22002589713427026,-0.023518430247660125,-0.15280932479899156,0.1467366590842049,0.16032616478616613,0.0634849425221219,0.08178423998745757,-0.08698402564433533,-0.051590232483762155,0.18989947931434406,-0.15603279388347083,-0.10747927965800726,0.009357654418776418,-0.016373588849316015,-0.01016093589069715,0.12656755540416523,0.09444304104317905,0.008654061708526152,-0.12145949998026324,0.03694146202857147,0.13056282834162378,0.10265103974389625,-0.02958199568357004,-0.08930887952545341,-0.05700059637779149,0.10288250189260445,-0.20176191202688387,0.10879059178579993,0.0847135903710474,0.17175142761678705
0000000000000000012e_0000000000000000012e,1,wetland,3788,0.7346422365787638,6.040219718642177,0.13882557557466116,0.13382576029770044,0.1197267885351544,-0.10050883686600919,-0.08079400864016639,0.04072007070629562,0.14969268176036588,0.10692118659584667,-0.1677487701708424,0.10003310399257533,0.06114978927364055,0.15511278863989844,-0.03775647982032738,0.026023440744705834,-0.028084706272098255,0.0810733748330895,-0.027712905482295574,0.04253146076949525,-0.04167783733573347,0.17520531255341232,-0.34299411281584086,0.16999378437421717,0.013240086767050463,0.18033202240873156,-0.0572387600090453,0.19226855725622544,0.1402049491971043,-0.05654116461583491,-0.16307440847014,0.19614277182807194,-0.05073889621691273,-0.009642006749901658,-0.16973317467451188,0.17978339092226325,0.18154302605569214,0.02554837368618273,-0.0068687902102472975,-0.03171971465771224,0.035311185243917624,0.0739347834294908,0.15870658145859745,-0.002957939578920781,-0.07954263387447032,0.2013871522893274,-0.028904048357649766,-0.07115711729750594,-0.04125827650562468,-0.03805931192900787,-0.016058513763084356,0.12773693165694128,0.005545458716024654,-0.12857158748544034,-0.12266174937995983,0.02552638555473949,0.1861571071478884,0.0035755559858993186,0.1031086816986562,-0.04689816726326115,-0.0868689201253518,0.13678269303456103,-0.1922758974596319,0.04623243354943898,-0.018383230883093835,0.12434468588354651
0000000000000000012f_0000000000000000012f,1,wetland,3619,0.7539686582892555,5.988056461550969,0.18494206800177496,0.11438649385494704,0.1265295055709544,-0.12884694272900116,-0.10271564521435682,-0.03907633034630013,0.09578293212836389,0.04763366992035176,-0.17570024664775452,0.11009721748144775,0.04240712145593243,0.16593562596654693,-0.10412977175548034,-0.010342101721031245,-0.08494425858483869,0.04098859250151302,-0.009344419680869626,-0.06150363448751135,-0.10537166025055295,0.2003032608348076,-0.23564982924181924,0.19828926723721685,0.12324712400984209,0.21882402659550562,-0.03159493038312146,0.1914630109638576,0.0970774456101703,-0.030550623556586845,-0.06617202833649859,0.21688959939420072,0.039589135005464196,-0.045845559219629704,-0.15445110649410138,0.10688971094183489,0.27026020875980383,-0.07457115299565417,-0.026603001651223656,0.010816525495167904,0.05232358290151116,-0.022253383319421716,0.07685241897418879,0.0037788853926673167,-0.025434713347545525,0.25110887803371057,0.02385800347369953,-0.09951012740970774,-0.03848837870188083,0.008404648922943837,0.07840026669445793,0.08942030606758572,0.006999888133658275,-0.1397059625610019,-0.10811089619600255,0.0009040245217820133,0.17665135489474734,-0.0973106205352395,0.13310841080847705,-0.12314540956519898,-0.05980982721908875,0.233723509959982,-0.22398491281065086,-0.030886702767730482,-0.06448318440661807,0.15956903943357595
00000000000000000130_00000000000000000130,1,wetland,6321,0.42055376716511533,6.15169620904539,0.13129823079862737,0.0487782211227704,0.023702059026985134,-0.018817846031861565,-0.03655175278805848,-0.024393757503001174,0.015411078247988626,0.18398889453942388,-0.1909592583043249,0.02621454114401495,0.057294756175764086,0.11865853013952198,-0.11851735070073018,0.13864206269222992,-0.054625650229692076,0.08442091534896369,-0.07596748138379836,0.1238922028759824,-0.04440301124249665,0.17421891145879234,-0.3947989726366303,0.18870327763268246,0.007746232708009487,0.16217011686875688,-0.01944152885352345,0.1372521843514727,0.15903234618060627,-0.07469839432961203,-0.17838055666102887,0.20711171594340727,-0.15509637203414572,0.03557663466663451,-0.23268288680421245,0.09560742247955571,0.16996960206791328,-0.014973409336374748,-0.11967939752280299,0.10244873264703355,0.17236241205708605,0.08884136843671954,0.1101492842158903,-0.08577494168361975,-0.11203171890431196,0.11701633503378549,-0.10033196558757258,-0.045431440245956974,-0.03460176957239801,-0.04503007100392972,-0.04513787031760564,0.1475529406168912,0.07332231570238672,-0.008667611747541392,-0.14476348131591896,0.04920095169850881,0.12292277786627644,0.04942270083287909,0.052299804858864006,-0.09521832505612061,-0.14678057512714765,0.04321502913370848,-0.13268912124813442,0.061648857749514126,0.05403380990639146,0.17933240601302078
00000000000000000131_00000000000000000131,1,wetland,84,0.8606894040208094,5.925137499093431,0.11105252558539755,0.11089141538968526,0.029751926914556626,-0.03564270152505441,-0.09700737811464451,0.0642331703923399,0.06401567162812834,0.03749253949945987,-0.14214166712436604,0.22374398125263176,0.18547152194211014,0.12102744365720142,-0.09658922392486403,0.11722670767653465,0.013521539334688066,0.14083740685816806,-0.1434254224565643,-0.036410904230973394,-0.18345910913384958,-0.003910583841379672,-0.19911462624265389,0.04941982021566792,-0.13892239248640628,0.16543966606250338,0.06231376210614962,0.2931641676278354,0.1021277530620091,-0.08145438567583892,-0.09202467915270679,0.14802951245857818,-0.09572655205873196,0.11893301111294188,-0.39297193387158785,0.08386151846359455,0.17763790483513664,0.14990351696234047,-0.011978543051207366,0.11700701195510882,0.24577287123999925,0.21009501839951666,0.066454294135955,-0.06118452609802087,-0.12387177093059444,0.017581516266637325,-0.04208344775818819,0.02563409677596524,0.06572417202174984,0.04511378407572174,-0.05671005657164822,0.10778784716500975,0.09555958331044832,0.060505666318815064,-0.0185423188883396,0.052012229728492655,0.11194595485252921,-0.08026876109921088,0.02431079621391035,-0.012762124457626142,-0.1353772358616649,0.034624778015781434,0.03999633840464286,0.1824946449167902,0.017522198421852347,0.09322202083447755
00000000000000000132_00000000000000000132,1,wetland,677,-3.0124135621214316,5.113901693834549,0.15109053045726642,0.21432901900587034,0.06689184991342378,-0.0982156050649761,-0.0995771993160226,0.07398849550536461,0.11630113858037783,0.012880309073262887,-0.14377635689488813,0.17621882732297595,0.10002615742042173,0.10938622061620429,-0.03616743247824801,0.023142922532351735,-0.031434881595931975,0.1404287522637867,-0.044956870922841244,-0.031311034217608565,-0.12201029373431531,0.1721956502356496,-0.18828890376783838,0.13626746217935717,0.004636598694854908,0.2397224564804924,0.011642017017656511,0.2678189106905252,0.08711277391890514,-0.04830811010649802,-0.07034049510556384,0.18379441607789754,-0.024219386135431342,0.061166884455870534,-0.24148812211187948,0.13002611766750316,0.331330808455105,0.060534472311240324,0.0923392604934927,0.03169675110754466,0.05671337634599118,0.17208016232820347,0.0850728812972172,-0.03450653282426877,-0.03356145829606493,0.17243398601946638,-0.07585465651490701,-0.06061061618727482,0.05325855241450704,0.0195380824441457,0.018278619119904416,0.09216798220432201,-0.0032706429807419714,-0.03409482888356195,-0.05690101012166092,0.07345321677777604,0.24122143681813096,-0.08667762711421635,0.10771060102437588,-0.030476268359459487,-0.045027835561484375,0.2182817766374369,-0.18065407180626467,0.13480428218438875,-0.01409179630377359,0.09229219303790095
00000000000000000133_00000000000000000133,1,wetland,1180,-2.9019874700550363,5.106444881482543,0.17220354622407283,0.14602222091894249,0.08312724571383884,-0.12126751770831294,-0.0939533816850103,0.05063481451071619,0.12785736906926276,0.07789108491518903,-0.15323655178256076,0.12330986126587555,0.09821505418385362,0.18611391967887186,0.010641747958738138,-0.01746467786183929,-0.06503131129487351,0.06904739376641314,-0.018706964075094937,-0.005210460122899273,-0.062267732749463976,0.20187839097087817,-0.24398396965964847,0.17551538847509754,0.03693969073172637,0.1929641663245557,-0.07514460539948777,0.22162229650916532,0.09334428088284163,-0.012620752122716792,-0.07826439635342336,0.16124192129493867,0.019710489446692583,0.009426048651431311,-0.205960992838478,0.174229885506878,0.28365001726845607,-0.004367967991450483,0.06130695495213702,-0.022884444705100353,0.034270626030405475,0.10038610964492141,0.14672875491173534,0.0006494503417850944,-0.04162774421832537,0.18736840459015108,-0.014627020898090017,-0.08604570601919727,0.03913175506161251,-0.02901700128373048,0.02379632344795675,0.08125756065137915,-0.04454302452120758,-0.12240001563935642,-0.1071376198202777,0.11023379534598815,0.1970366026104692,-0.11694709336044153,0.13500950742543608,-0.07076522067783574,-0.042719527691435465,0.2731816576414547,-0.18578106204263026,0.031055017952677885,-0.012019888048273454,0.11176577457170969
00000000000000000134_00000000000000000134,1,wetland,845,-2.4769490665823755,4.978513727140839,0.0440733536714372,0.046823902504498686,0.01863731063837528,-0.01549874536193404,-0.09743354968161992,0.07476545434277664,-0.0008911274452929941,0.10793765711412767,-0.001581621997911605,0.1475520248243165,0.1709759150440545,0.17754096398972627,-0.13979548148299809,0.2034340365221387,0.018962501905275354,0.09558774162873174,-0.15955214312201263,0.1310131333192286,-0.11002814120195006,0.03637279243986719,-0.11105918752232298,0.2299684645641526,-0.03467039759400682,0.17047484240244418,-0.03683884896341639,0.09967858515955398,0.04142545083934485,-0.10540433925049307,-0.07415147110010029,0.15377987073701735,-0.03508476712416021,0.09864091416819655,-0.2899467068878834,0.06318640304480067,0.11324998805648256,0.1240869306070264,-0.06476576828666258,0.16374323030058985,0.22884736639753941,0.263770811863439,0.06181793529571008,-0.11047840043315155,-0.06794582875498496,0.04417097657023124,-0.13725313659516478,-0.12440906433347207,0.13229125802774988,-0.016809411036720016,-0.03265089212387584,0.12069393428562977,0.17374648348723407,0.070816204054426,-0.20650497191567194,0.14717580175126085,0.12791693681765545,-0.013821174832620086,-0.013465480959758261,-0.05052483682880271,-0.06419051388974197,0.1110703985039891,-0.03406842611740132,0.259841144393713,0.08237472615220816,0.07184710477763442
00000000000000000135_00000000000000000135,1,wetland,400,-0.03642429493240267,5.628748121474519,0.09632049211841597,0.20937731641676277,0.14535271049596304,-0.03857670126874275,-0.14785697808535175,0.08769780853517874,0.04349527104959626,0.13607443291041904,-0.2652123029603998,0.12474248366013069,0.06108665897731637,0.15256178392925793,-0.1258926566705113,0.10849642445213377,-0.07151941560938097,0.1167506343713956,-0.007864359861591674,0.09269850057670123,-0.07211395617070354,0.16019438677431755,-0.2771443291041907,0.2057184159938485,0.016748019992310622,0.14179177239523258,0.059229373317954595,0.24118831218762016,0.08687720107650901,-0.06772672049211838,-0.0972692041522491,0.2096876585928489,-0.0982302191464821,0.06090242214532868,-0.2551941560938101,0.06831726259131099,0.182157324106113,0.07021514801999228,0.011958785082660501,0.055769319492502835,0.09983052672049209,0.11136224529027293,0.07765859284890424,-0.06572241445597843,-0.14718554402153014,0.08439554017685502,-0.027293810073048784,-0.05046535947712414,-0.0007984621299500213,-0.04683460207612452,-0.06398262206843518,0.1827523260284506,-0.0004979623221837724,0.02061407151095729,-0.03456732026143787,0.06781714725105725,0.13802783544790462,-0.04916539792387539,0.10911633986928101,-0.11362368319876967,-0.26054840445982314,0.012179161860822747,-0.07420545943867739,-0.05650580545943863,0.05825021145713182,0.16032848904267585
00000000000000000136_00000000000000000136,1,wetland,13392,0.637286891293502,5.983825324819647,0.15815950303095444,0.20126900920838733,0.10492177670843442,-0.02129022152586286,-0.07201609343341428,0.0517879990096631,0.08040127935354334,0.08591974321061145,-0.21355545633813297,0.15712127997824563,0.09244362406334845,0.10480323485544799,-0.057039012198690196,0.09015884893090927,-0.031196318666150327,0.11618768077896698,-0.05293110314615687,0.018487545227756797,-0.08658050827799432,0.09105188382191019,-0.332667074560515,0.11126792057277847,-0.10342694680889665,0.2657852392954277,0.025763755967399698,0.3220539843833614,0.07932923969597205,-0.04327315980389856,-0.08454359755943511,0.1439489774404385,-0.1387590151200921,0.11266845258027307,-0.26184950921826317,0.13050023954576792,0.19046954185895779,0.06457274267731782,-0.06952238294525996,0.0678232524297933,0.1512957749454878,0.1028009537734085,0.11701969236168239,-0.016183826917043655,-0.16834003280605697,0.07818670973437747,-0.042690937269325185,-0.013526426055230096,-0.004483662886758478,-0.0067017648299041175,-0.08880791185450682,0.1350437957646103,0.038012707179528836,-0.011165294847997526,-0.03231535339087021,0.007639704791420621,0.13142100019430075,-0.027854809082252588,0.07020410769316274,-0.024558613381398628,-0.18118868443669076,0.051395061269055096,-0.11697867330688451,0.10886353791873997,0.03299678875462379,0.09250746312533958
00000000000000000137_00000000000000000137,1,wetland,1510,-0.2933337305027571,5.530560429195617,0.10793334199021769,0.0765675555250018,0.06519644252974527,0.023843992758770784,-0.19341243688749357,0.07105534040651706,-0.0018812937459102518,0.029377432520859247,-0.1981944590847636,0.2599464800853467,0.17446591861000985,0.1066907837281127,-0.132513231029329,0.04699840866095817,-0.0582310929825767,0.20681235693862013,-0.049693897660349644,-0.013204580001069374,-0.15188367184297427,0.11695683015447443,-0.2276280289547321,0.13864511611682717,0.039446101983190325,0.16969766595120062,0.023173766584935463,0.2636331314242357,0.05397728331691067,-0.01032495397847489,-0.029191665966477452,0.17316815997922344,-0.1086487469159849,0.09517374621579572,-0.2757139459861337,-0.035404009155928264,0.20110565727394708,0.1453277420044761,0.09013629500625074,0.0771995284544151,0.1661168934006533,0.2114466213962536,-0.006951131887633631,-0.03397543990976467,-0.09704640344645843,0.07700862887682013,-0.02605542952150342,0.006424426672370019,-0.02113709704112781,0.09397860731099345,-0.04122469452655749,0.1606043931142123,0.001902640604352369,0.06516136687112187,0.03943318794859844,0.07033708380118697,0.1393975928769118,-0.06644979643590974,0.07919957428497951,0.0060795771366590895,-0.2218355344734959,0.12959433330532574,0.041588161455986074,0.03353232964397287,0.053430208961912216,0.12412220465383918
00000000000000000138_00000000000000000138,1,wetland,1715,0.7577248755013946,6.0040993532416795,0.12720870084728567,0.2278564938580474,0.12437295814684415,-0.036925990564292924,-0.08254027437305451,0.032884378401220396,0.21487116751462487,-0.001117381406344048,-0.07683349418198648,0.23561442504172536,0.0881785812364161,0.10100411256939748,-0.02225264783784657,-0.0026291031818890054,0.04110784930218581,0.19417220781870168,-0.05049834387536524,0.05702371929163819,-0.08009388629401337,0.08730467649244568,-0.37050992946198086,0.17402404771432378,-0.09759673056897826,0.2355331107232809,-0.0005847313715402153,0.2297288035662444,0.15400063891102656,0.007113155626396227,-0.10515465794160797,0.03726620508147235,-0.0741783862004185,0.06073957201928386,-0.20267348171761698,0.1601438334437416,0.17828750772017488,0.15215842303307875,-0.010117301822689842,0.01404553305916202,0.13215377355423957,0.08721009075899264,0.09221789780337901,0.027955697685236515,-0.12232309842704586,0.1449518653399735,-0.050857712272584066,0.06983590747223255,-0.037341314116683046,0.03578576080292059,-0.06273731453365657,0.1273652676756977,0.03994491466054204,-0.07464012383664947,-0.03577288394349334,-0.0004524476457249427,0.20467986858608989,0.0027560066043223895,0.05595702034315124,0.009350214035193921,-0.09333370098739772,-0.00622701965940436,-0.12458411712023741,0.09206222769219728,0.021986968456850522,0.04183067512719369
00000000000000000139_00000000000000000139,1,wetland,925,0.7364078046708633,6.04023862573049,0.11959667903197313,0.16121147583569725,0.12573485873416668,-0.08233234203061189,-0.07099526377588658,0.07458573313798224,0.174728505668298,0.10176815985535705,-0.16249437534420227,0.11350604860916277,0.07208297848021028,0.13922156343194403,-0.019902931305007383,0.035269594854369896,0.004207412949281439,0.10595794964514685,-0.03096382472437831,0.05124967735901988,-0.03909561603125612,0.14827195361451412,-0.39085926618660183,0.157506688695616,-0.05183735985120064,0.17488671508879117,-0.04831166391304795,0.22419717987884075,0.13947819653563595,-0.07287462410507389,-0.18301571329114577,0.18574750251982083,-0.09056967278697378,0.020069320531604234,-0.19610293753961572,0.21872568762534159,0.17497210428421497,0.05664921391980211,0.00017476854016645934,-0.03339203009237606,0.03220755426706981,0.09874661928364348,0.18251581408398013,0.0023386265157891452,-0.10038138345958413,0.19738583704812074,-0.04050580130303309,-0.04107579413323354,-0.03262691896048293,-0.05055645541735503,-0.0489150409925496,0.14014182486985252,0.0016914242962685821,-0.11994774566954496,-0.11171134594802412,0.01801140102039752,0.19230571194031398,0.017368454960150416,0.09415462244251169,-0.018441938131903493,-0.10835835697288983,0.07597656618556269,-0.20514641146336646,0.07179515570934251,-0.017681947691636238,0.11733672496025435
0000000000000000013a_0000000000000000013a,1,wetland,429,0.6374582676272256,5.898925288974738,0.12134604854328035,0.11940266833000394,0.12287259069265986,-0.044916416404305645,-0.09975220217434748,0.06210715082687398,0.095244844864222,0.14109430746108942,-0.20278074866310158,0.10630230976251732,0.04595299100489408,0.16152109328579914,-0.041647385038388454,0.040564064923926495,-0.07093646069424613,0.10209736438110138,-0.015108408187992951,0.03559972002878573,-0.0795888258864037,0.16641775755962604,-0.3273713086861875,0.20750720764561592,0.01721869569620435,0.17450057311649003,-0.06310587016469366,0.21327583348344592,0.1441915562330787,-0.034385627188395315,-0.1334802375632825,0.23059346907097772,-0.08343457644495704,0.029756100621152488,-0.2040738500254071,0.16116548324160776,0.17649915892130422,0.03497525158424811,0.027183520055492336,0.010901742112814769,0.03596149589229172,0.1200179597411431,0.13083596142419668,-0.03868793515852336,-0.05801562784261742,0.18607754413982786,-0.06999079608076145,-0.049638430261267595,-0.07076267062426228,-0.0471659367161097,-0.016514214991723626,0.10027873446558565,-0.059400069365467247,-0.08411310335185765,-0.06563399947482988,0.07335260151869145,0.09242620509056493,-0.014821052329702817,0.0783691407912861,-0.05962375955455537,-0.14497719632667724,0.20459593719109287,-0.20389045274858422,0.011030363971540426,0.038547985399196454,0.12796942900749125
0000000000000000013b_0000000000000000013b,1,wetland,439,0.6374497849686158,5.7941448623317005,0.06124394069566721,0.08542178012837183,0.157091849201157,-0.09644385942326368,-0.1807192782870439,0.0810154146074884,0.06391107678052681,0.09880986724047784,-0.11943792426077579,0.10925267047280743,-0.03992142499949638,0.20944753156968712,-0.12086929943713604,-0.01495958712217744,-0.08088243614029646,0.12779314772047545,-0.003994538634606086,0.003915648353226677,-0.09324256747229684,0.20635273449234084,-0.2612340268636822,0.24851559633188217,0.18781071587150203,0.14111789840774397,-0.08991376192265281,0.12367950297721479,0.1492932015809584,-0.02578703302304436,-0.12281030863370401,0.28259465651462246,0.0024580698329624315,-0.00953437393537966,-0.05751956274045636,0.05980177590711121,0.16526084675685446,-0.023083044106918728,0.07548202504906555,-0.003624609073608433,0.02767927877748086,0.02372187322380822,0.05933698183369105,-0.03027242895014091,-0.03744696056098973,0.18000394101094808,0.017060759003677373,-0.08057794487664194,-0.084745257431214,-0.042285611193872294,0.08879990961948223,0.19121182583534102,-0.07230567531849932,-0.15350437320848206,-0.12956922998776532,0.06568477692564359,0.14125409974611128,0.01279479856617262,0.09621069169996818,-0.12622388970774337,-0.17866056423015853,0.2505560941603851,-0.16343291830109144,-0.12778235810827968,-0.004776995706049619,0.12243281233168596
0000000000000000013c_0000000000000000013c,1,wetland,5559,0.41389174713769733,6.170669832014149,0.10118827503418466,0.06420923664006513,0.03995576168381136,0.005806924274423894,-0.052128289457076364,-0.0058493173678686085,0.0024475012343557977,0.19512051455433269,-0.15026156170717406,0.02068914643163451,0.08650836896349175,0.10336592558288597,-0.14106449572199486,0.16046980975601352,-0.03497556359347861,0.08756133550140086,-0.06638148707662837,0.12587524177916262,-0.030032557668916514,0.14982248168765122,-0.3457787963849956,0.17494799729358107,0.018217765193192684,0.14858238134571095,-0.018044784551916906,0.13891261742978864,0.15124522311737654,-0.07557206850092041,-0.20625904257699323,0.20773612816800988,-0.14739879406256007,0.031075498588798784,-0.22799286725966922,0.0801913111448756,0.1728115668631469,0.01860671712258122,-0.08990964287263001,0.10202726212862209,0.15080893168035123,0.12815548339268404,0.0907808757186461,-0.09192006699790763,-0.11870649332362031,0.10407187958690521,-0.12916208421366984,-0.08195531089063877,0.007148907469756277,-0.052686304733279864,-0.04015129443274578,0.17072216609784976,0.09048328306346257,-0.0014926109134136163,-0.1471641768954459,0.06462373950987753,0.14300640039161874,0.061185627540682526,0.024102935764601,-0.06392055195674871,-0.12047193162384648,0.05326763565758776,-0.10110321220220621,0.05856042056693015,0.06735098425827193,0.16731922125237367
0000000000000000013d_0000000000000000013d,1,wetland,8060,0.4607227871337628,6.395333064908207,0.14240303452670902,0.0240928675075343,0.05387809040806023,-0.005091143604816989,0.006875973451707322,-0.07755369522888216,-0.05764552095347939,0.1543414472196702,-0.13151560909480314,-0.01498446388724319,0.056656994875992496,0.10209253741880148,-0.1876556583028287,0.09120076931663043,-0.08981406082600409,0.01884948621593334,-0.0474906711772433,0.059379368309382785,-0.08615280055485433,0.18415419913890724,-0.2786453234726479,0.18560955082173966,0.09701681830714087,0.16947229496576519,-0.020879825758941702,0.10681717186461016,0.14249856564043412,-0.04396793369223326,-0.18949524853487346,0.2693294791180716,-0.11796511171977181,0.010878495863873678,-0.17774521156684342,0.09014333292310742,0.20890777072761665,-0.04668100358422937,-0.15183326893740998,0.11894164012123604,0.14482832046845884,0.045779620932204904,0.0928044892067662,-0.07520820299121446,-0.04860604291344325,0.20984281098222385,-0.13507698031774376,-0.1151809105678957,-0.007444748774807943,-0.01831565832190899,-0.005425979509694201,0.11231325993152086,0.07443278067320926,-0.01198789929050003,-0.1196827713715759,0.035591518055185845,0.12372234767502094,0.08973160351573117,-0.023960801485971673,-0.08993578533929016,-0.0414140085460545,0.12298294128141206,-0.20791805404105881,0.07059075389022927,0.09001711309736755,0.1769829393733847
0000000000000000013e_0000000000000000013e,1,wetland,2086,0.41675587306873596,6.273523604624378,0.09189081712432305,0.01761269634844328,0.017419629517815786,-0.012826838855031402,-0.08379982181055073,-0.029455327860845572,0.004897032375260914,0.17915852852524083,-0.1450272500104134,-0.011596454346971024,0.07962946620943412,0.11525833231042118,-0.1565196953896705,0.1711877908157604,-0.0680714954754108,0.0997399112296583,-0.04765250329635734,0.19548849675414315,-0.0028030814905248775,0.12713614462761016,-0.3506028472712943,0.22828266877220688,0.051596469091650304,0.13078085241202678,-0.036485384520961915,0.0710708286472899,0.1500913396020337,-0.07221534014316343,-0.22450676283146498,0.2132617331706995,-0.11351713313302685,0.03125400179811359,-0.18861231556710062,0.09431611044207125,0.13043541406561304,-0.001609676638124661,-0.13772825040004152,0.11066527624340955,0.15839185680852153,0.14884414615958236,0.11608235345724022,-0.10613119889355924,-0.08838202579360467,0.09592204193165615,-0.14977294299743843,-0.07727760139455173,-0.0037672360693191713,-0.07301529797338065,-0.021323666721590567,0.17826370342846967,0.08535889470935101,0.0015970551926521215,-0.1835784230786669,0.08610583067284022,0.07885138948328374,0.08465636971988424,0.04422362812739251,-0.10187499976961435,-0.10895972970053922,0.05842953683644792,-0.094459723618359,0.09943646572986345,0.052373425222174634,0.18727004843258527
